series_id,observation_date,available_at,ingested_at,value,unit,source,revision,geography_type,geography_code,geography,metadata,semana_inicio,semana_fim,preco_medio,preco_mediano,preco_minimo,preco_maximo,preco_desvio_padrao,numero_observacoes,numero_postos,numero_municipios,numero_ufs,semana_sem_dados,is_complete_week,usd_brl_media,usd_brl_minimo,usd_brl_maximo,usd_brl_ultimo,usd_brl_volatilidade_diaria,usd_brl_observacoes,usd_brl_variacao_semanal_pct,brent_media,brent_minimo,brent_maximo,brent_ultimo,brent_volatilidade_diaria,brent_observacoes,brent_variacao_semanal_pct,anp_published_at,anp_publication_coverage,anp_availability_basis,anp_available_at,usd_brl_available_at,brent_available_at,distribuicao_s10_preco_asof,distribuicao_s10_desvio_asof,distribuicao_s10_observacao_inicio_asof,distribuicao_s10_observacao_fim_asof,distribuicao_s10_available_at_asof,distribuicao_s10_idade_dias,distribuicao_s10_lag_assumido_dias,produtor_importador_s10_preco_asof,produtor_importador_s10_observacao_inicio_asof,produtor_importador_s10_observacao_fim_asof,produtor_importador_s10_available_at_asof,produtor_importador_s10_idade_dias,produtor_importador_s10_lag_dias,spread_revenda_distribuicao_asof,spread_revenda_produtor_importador_asof
anp.diesel_s10.revenda.br.mean,2024-01-07,2024-01-16T02:59:59Z,2026-08-14T23:52:49Z,6.01882793765,BRL/L,ANP,0,country,BR,Brasil,"{""aggregation"":""station-day median, then unweighted national mean"",""availability_basis"":""conservative_lag_proxy"",""availability_fallback"":""end of day 8 calendar days after reference Sunday"",""product"":""DIESEL S10"",""published_at"":null,""source_url"":""https://www.gov.br/anp/pt-br/centrais-de-conteudo/dados-abertos/serie-historica-de-precos-de-combustiveis"",""week_convention"":""W-SUN""}",2024-01-01,2024-01-07,6.01882793765,5.99,5.09,8.89,0.391782884078,3336,3336,445,27,False,True,4.905375,4.8899,4.9212,4.8899,0.597255505682,4,,76.88,75.79,78.31,78.31,2.52351142268,4,0.798043506243,,0,conservative_lag_proxy,2024-01-16T02:59:59Z,2024-01-09T02:59:59Z,2024-01-11T02:59:59Z,5.17963720614,0.182444750254,2023-12-24,2023-12-30,2024-01-14T02:59:59Z,8,14,3.93145,2023-12-25,2023-12-31,2024-01-13T02:59:59Z,7,12,0.839190731512,2.08737793765
anp.diesel_s10.revenda.br.mean,2024-01-14,2024-01-23T02:59:59Z,2026-08-14T23:52:49Z,6.02524300442,BRL/L,ANP,0,country,BR,Brasil,"{""aggregation"":""station-day median, then unweighted national mean"",""availability_basis"":""conservative_lag_proxy"",""availability_fallback"":""end of day 8 calendar days after reference Sunday"",""product"":""DIESEL S10"",""published_at"":null,""source_url"":""https://www.gov.br/anp/pt-br/centrais-de-conteudo/dados-abertos/serie-historica-de-precos-de-combustiveis"",""week_convention"":""W-SUN""}",2024-01-08,2024-01-14,6.02524300442,5.99,5.09,8.89,0.386427998815,3395,3395,446,27,False,True,4.8805,4.8543,4.8937,4.8543,0.251697950965,5,-0.728031248083,78.4,75.47,80.21,79.89,2.68017947936,5,2.01762227046,,0,conservative_lag_proxy,2024-01-23T02:59:59Z,2024-01-16T02:59:59Z,2024-01-18T02:59:59Z,5.09781738655,0.155808824981,2023-12-31,2024-01-06,2024-01-21T02:59:59Z,8,14,3.92847,2024-01-01,2024-01-07,2024-01-20T02:59:59Z,7,12,0.927425617867,2.09677300442
anp.diesel_s10.revenda.br.mean,2024-01-21,2024-01-30T02:59:59Z,2026-08-14T23:52:49Z,5.99103256087,BRL/L,ANP,0,country,BR,Brasil,"{""aggregation"":""station-day median, then unweighted national mean"",""availability_basis"":""conservative_lag_proxy"",""availability_fallback"":""end of day 8 calendar days after reference Sunday"",""product"":""DIESEL S10"",""published_at"":null,""source_url"":""https://www.gov.br/anp/pt-br/centrais-de-conteudo/dados-abertos/serie-historica-de-precos-de-combustiveis"",""week_convention"":""W-SUN""}",2024-01-15,2024-01-21,5.99103256087,5.98,5.09,8.89,0.39634663977,3409,3409,447,27,False,True,4.9155,4.8765,4.9403,4.9223,0.41022932715,5,1.40081989164,80.108,78.88,81.04,80.71,1.59768627133,5,1.02641131556,,0,conservative_lag_proxy,2024-01-30T02:59:59Z,2024-01-23T02:59:59Z,2024-01-25T02:59:59Z,5.10794803424,0.153148000549,2024-01-07,2024-01-13,2024-01-28T02:59:59Z,8,14,3.89091,2024-01-08,2024-01-14,2024-01-27T02:59:59Z,7,12,0.883084526631,2.10012256087
anp.diesel_s10.revenda.br.mean,2024-01-28,2024-02-06T02:59:59Z,2026-08-14T23:52:49Z,5.96741068702,BRL/L,ANP,0,country,BR,Brasil,"{""aggregation"":""station-day median, then unweighted national mean"",""availability_basis"":""conservative_lag_proxy"",""availability_fallback"":""end of day 8 calendar days after reference Sunday"",""product"":""DIESEL S10"",""published_at"":null,""source_url"":""https://www.gov.br/anp/pt-br/centrais-de-conteudo/dados-abertos/serie-historica-de-precos-de-combustiveis"",""week_convention"":""W-SUN""}",2024-01-22,2024-01-28,5.96741068702,5.91,4.99,8.89,0.392833574241,3275,3275,443,26,False,True,4.93508,4.9125,4.9715,4.9125,0.643073924335,5,-0.199093919509,82.312,81.7,83.34,83.34,0.541183647405,5,3.2585801016,,0,conservative_lag_proxy,2024-02-06T02:59:59Z,2024-01-30T02:59:59Z,2024-02-01T02:59:59Z,5.11915448973,0.150370980221,2024-01-14,2024-01-20,2024-02-04T02:59:59Z,8,14,3.90789,2024-01-15,2024-01-21,2024-02-03T02:59:59Z,7,12,0.84825619729,2.05952068702
anp.diesel_s10.revenda.br.mean,2024-02-04,2024-02-13T02:59:59Z,2026-08-14T23:52:49Z,5.96117714945,BRL/L,ANP,0,country,BR,Brasil,"{""aggregation"":""station-day median, then unweighted national mean"",""availability_basis"":""conservative_lag_proxy"",""availability_fallback"":""end of day 8 calendar days after reference Sunday"",""product"":""DIESEL S10"",""published_at"":null,""source_url"":""https://www.gov.br/anp/pt-br/centrais-de-conteudo/dados-abertos/serie-historica-de-precos-de-combustiveis"",""week_convention"":""W-SUN""}",2024-01-29,2024-02-04,5.96117714945,5.89,5.04,8.89,0.392202202624,3466,3466,449,27,False,True,4.94438,4.9225,4.9638,4.9471,0.471199389744,5,0.704325699746,82.57,79.54,84.14,79.54,1.55494013652,5,-4.55963522918,,0,conservative_lag_proxy,2024-02-13T02:59:59Z,2024-02-06T02:59:59Z,2024-02-08T02:59:59Z,5.12512752794,0.149268918651,2024-01-21,2024-01-27,2024-02-11T02:59:59Z,8,14,3.87306,2024-01-22,2024-01-28,2024-02-10T02:59:59Z,7,12,0.836049621515,2.08811714945
anp.diesel_s10.revenda.br.mean,2024-02-11,2024-02-20T02:59:59Z,2026-08-14T23:52:49Z,6.02758791049,BRL/L,ANP,0,country,BR,Brasil,"{""aggregation"":""station-day median, then unweighted national mean"",""availability_basis"":""conservative_lag_proxy"",""availability_fallback"":""end of day 8 calendar days after reference Sunday"",""product"":""DIESEL S10"",""published_at"":null,""source_url"":""https://www.gov.br/anp/pt-br/centrais-de-conteudo/dados-abertos/serie-historica-de-precos-de-combustiveis"",""week_convention"":""W-SUN""}",2024-02-05,2024-02-11,6.02758791049,5.99,5.17,8.89,0.381320144007,3441,3441,453,27,False,True,4.97738,4.9608,5.0053,4.9717,0.720984849526,5,0.497261021609,81.506,79.3,83.58,83.58,0.947506300783,5,5.07920543123,,0,conservative_lag_proxy,2024-02-20T02:59:59Z,2024-02-13T02:59:59Z,2024-02-15T02:59:59Z,5.19645584111,0.133094401669,2024-01-28,2024-02-03,2024-02-18T02:59:59Z,8,14,3.89899,2024-01-29,2024-02-04,2024-02-17T02:59:59Z,7,12,0.831132069382,2.12859791049
anp.diesel_s10.revenda.br.mean,2024-02-18,2024-02-27T02:59:59Z,2026-08-14T23:52:49Z,6.02182487957,BRL/L,ANP,0,country,BR,Brasil,"{""aggregation"":""station-day median, then unweighted national mean"",""availability_basis"":""conservative_lag_proxy"",""availability_fallback"":""end of day 8 calendar days after reference Sunday"",""product"":""DIESEL S10"",""published_at"":null,""source_url"":""https://www.gov.br/anp/pt-br/centrais-de-conteudo/dados-abertos/serie-historica-de-precos-de-combustiveis"",""week_convention"":""W-SUN""}",2024-02-12,2024-02-18,6.02182487957,5.99,5.2,8.49,0.374157802486,3529,3529,455,27,False,True,4.97313333333,4.971,4.9761,4.9761,0.0661176936716,3,0.0885009151799,84.444,83.88,84.88,84.88,0.551876414226,5,1.55539602776,,0,conservative_lag_proxy,2024-02-27T02:59:59Z,2024-02-20T02:59:59Z,2024-02-22T02:59:59Z,5.17660623772,0.124451400873,2024-02-04,2024-02-10,2024-02-25T02:59:59Z,8,14,3.92649,2024-02-05,2024-02-11,2024-02-24T02:59:59Z,7,12,0.845218641847,2.09533487957
anp.diesel_s10.revenda.br.mean,2024-02-25,2024-03-05T02:59:59Z,2026-08-14T23:52:49Z,6.02021233859,BRL/L,ANP,0,country,BR,Brasil,"{""aggregation"":""station-day median, then unweighted national mean"",""availability_basis"":""conservative_lag_proxy"",""availability_fallback"":""end of day 8 calendar days after reference Sunday"",""product"":""DIESEL S10"",""published_at"":null,""source_url"":""https://www.gov.br/anp/pt-br/centrais-de-conteudo/dados-abertos/serie-historica-de-precos-de-combustiveis"",""week_convention"":""W-SUN""}",2024-02-19,2024-02-25,6.02021233859,5.99,4.99,8.89,0.386813813348,3485,3485,453,27,False,True,4.95132,4.9303,4.9851,4.9851,0.526842429353,5,0.180864532465,85.018,84.18,85.84,84.18,1.27711039904,5,-0.824693685203,,0,conservative_lag_proxy,2024-03-05T02:59:59Z,2024-02-27T02:59:59Z,2024-02-29T02:59:59Z,5.18440816683,0.12793117901,2024-02-11,2024-02-17,2024-03-03T02:59:59Z,8,14,3.93643,2024-02-12,2024-02-18,2024-03-02T02:59:59Z,7,12,0.835804171762,2.08378233859
anp.diesel_s10.revenda.br.mean,2024-03-03,2024-03-12T02:59:59Z,2026-08-14T23:52:49Z,6.00440668203,BRL/L,ANP,0,country,BR,Brasil,"{""aggregation"":""station-day median, then unweighted national mean"",""availability_basis"":""conservative_lag_proxy"",""availability_fallback"":""end of day 8 calendar days after reference Sunday"",""product"":""DIESEL S10"",""published_at"":null,""source_url"":""https://www.gov.br/anp/pt-br/centrais-de-conteudo/dados-abertos/serie-historica-de-precos-de-combustiveis"",""week_convention"":""W-SUN""}",2024-02-26,2024-03-03,6.00440668203,5.99,4.99,8.49,0.38596344886,3472,3472,452,27,False,True,4.9676,4.9557,4.9833,4.9596,0.427163740396,5,-0.511524342541,84.256,83.8,84.82,84.82,0.362706815452,5,0.760275599905,,0,conservative_lag_proxy,2024-03-12T02:59:59Z,2024-03-05T02:59:59Z,2024-03-07T02:59:59Z,5.1852660797,0.130350486479,2024-02-18,2024-02-24,2024-03-10T02:59:59Z,8,14,3.91205,2024-02-19,2024-02-25,2024-03-09T02:59:59Z,7,12,0.819140602325,2.09235668203
anp.diesel_s10.revenda.br.mean,2024-03-10,2024-03-19T02:59:59Z,2026-08-14T23:52:49Z,5.99396253193,BRL/L,ANP,0,country,BR,Brasil,"{""aggregation"":""station-day median, then unweighted national mean"",""availability_basis"":""conservative_lag_proxy"",""availability_fallback"":""end of day 8 calendar days after reference Sunday"",""product"":""DIESEL S10"",""published_at"":null,""source_url"":""https://www.gov.br/anp/pt-br/centrais-de-conteudo/dados-abertos/serie-historica-de-precos-de-combustiveis"",""week_convention"":""W-SUN""}",2024-03-04,2024-03-10,5.99396253193,5.98,4.99,8.49,0.379116655776,3523,3523,453,27,False,True,4.94952,4.9364,4.9751,4.9751,0.416148142199,5,0.312525203645,85.632,84.29,86.59,84.29,1.5967114917,5,-0.624852629097,,0,conservative_lag_proxy,2024-03-19T02:59:59Z,2024-03-12T02:59:59Z,2024-03-14T02:59:59Z,5.19641729069,0.125429928868,2024-02-25,2024-03-02,2024-03-17T02:59:59Z,8,14,3.90608,2024-02-26,2024-03-03,2024-03-16T02:59:59Z,7,12,0.797545241243,2.08788253193
anp.diesel_s10.revenda.br.mean,2024-03-17,2024-03-26T02:59:59Z,2026-08-14T23:52:49Z,5.97769755543,BRL/L,ANP,0,country,BR,Brasil,"{""aggregation"":""station-day median, then unweighted national mean"",""availability_basis"":""conservative_lag_proxy"",""availability_fallback"":""end of day 8 calendar days after reference Sunday"",""product"":""DIESEL S10"",""published_at"":null,""source_url"":""https://www.gov.br/anp/pt-br/centrais-de-conteudo/dados-abertos/serie-historica-de-precos-de-combustiveis"",""week_convention"":""W-SUN""}",2024-03-11,2024-03-17,5.97769755543,5.95,5.15,8.49,0.384873330934,3518,3518,453,27,False,True,4.98196,4.9768,4.9937,4.9937,0.158641805855,5,0.373861831923,84.52,83.44,86.16,85.39,1.46423411057,5,1.3050183889,,0,conservative_lag_proxy,2024-03-26T02:59:59Z,2024-03-19T02:59:59Z,2024-03-21T02:59:59Z,5.19111571092,0.113282601202,2024-03-03,2024-03-09,2024-03-24T02:59:59Z,8,14,3.89743,2024-03-04,2024-03-10,2024-03-23T02:59:59Z,7,12,0.786581844508,2.08026755543
anp.diesel_s10.revenda.br.mean,2024-03-24,2024-04-02T02:59:59Z,2026-08-14T23:52:49Z,5.97636285221,BRL/L,ANP,0,country,BR,Brasil,"{""aggregation"":""station-day median, then unweighted national mean"",""availability_basis"":""conservative_lag_proxy"",""availability_fallback"":""end of day 8 calendar days after reference Sunday"",""product"":""DIESEL S10"",""published_at"":null,""source_url"":""https://www.gov.br/anp/pt-br/centrais-de-conteudo/dados-abertos/serie-historica-de-precos-de-combustiveis"",""week_convention"":""W-SUN""}",2024-03-18,2024-03-24,5.97636285221,5.95,5.21,8.49,0.382624442409,3478,3478,451,27,False,True,5.006,4.9807,5.0352,4.9897,0.49521606263,5,-0.0801009271682,85.878,84.87,87.36,84.87,1.31252734318,5,-0.608970605457,,0,conservative_lag_proxy,2024-04-02T02:59:59Z,2024-03-26T02:59:59Z,2024-03-28T02:59:59Z,5.19384554499,0.112795137635,2024-03-10,2024-03-16,2024-03-31T02:59:59Z,8,14,3.87474,2024-03-11,2024-03-17,2024-03-30T02:59:59Z,7,12,0.782517307229,2.10162285221
anp.diesel_s10.revenda.br.mean,2024-03-31,2024-04-09T02:59:59Z,2026-08-14T23:52:49Z,5.97830985915,BRL/L,ANP,0,country,BR,Brasil,"{""aggregation"":""station-day median, then unweighted national mean"",""availability_basis"":""conservative_lag_proxy"",""availability_fallback"":""end of day 8 calendar days after reference Sunday"",""product"":""DIESEL S10"",""published_at"":null,""source_url"":""https://www.gov.br/anp/pt-br/centrais-de-conteudo/dados-abertos/serie-historica-de-precos-de-combustiveis"",""week_convention"":""W-SUN""}",2024-03-25,2024-03-31,5.97830985915,5.95,4.99,8.49,0.380588372756,3408,3408,450,27,False,True,4.988925,4.9856,4.9962,4.9962,0.122327625574,4,0.130268352807,85.8,84.94,86.18,86.17,1.32317953739,4,1.53175444798,,0,conservative_lag_proxy,2024-04-09T02:59:59Z,2024-04-02T02:59:59Z,2024-04-04T02:59:59Z,5.19157691192,0.112487997678,2024-03-17,2024-03-23,2024-04-07T02:59:59Z,8,14,3.87844,2024-03-18,2024-03-24,2024-04-06T02:59:59Z,7,12,0.786732947237,2.09986985915
anp.diesel_s10.revenda.br.mean,2024-04-07,2024-04-16T02:59:59Z,2026-08-14T23:52:49Z,5.97475773497,BRL/L,ANP,0,country,BR,Brasil,"{""aggregation"":""station-day median, then unweighted national mean"",""availability_basis"":""conservative_lag_proxy"",""availability_fallback"":""end of day 8 calendar days after reference Sunday"",""product"":""DIESEL S10"",""published_at"":null,""source_url"":""https://www.gov.br/anp/pt-br/centrais-de-conteudo/dados-abertos/serie-historica-de-precos-de-combustiveis"",""week_convention"":""W-SUN""}",2024-04-01,2024-04-07,5.97475773497,5.95,4.99,8.49,0.372077948399,3426,3426,452,27,False,True,5.04978,5.0237,5.0724,5.052,0.797094669173,5,1.11684880509,90.34,87.63,92.81,92.81,1.61999111686,4,7.70569803876,,0,conservative_lag_proxy,2024-04-16T02:59:59Z,2024-04-09T02:59:59Z,2024-04-11T02:59:59Z,5.19318045524,0.112220026535,2024-03-24,2024-03-30,2024-04-14T02:59:59Z,8,14,3.89517,2024-03-25,2024-03-31,2024-04-13T02:59:59Z,7,12,0.781577279726,2.07958773497
anp.diesel_s10.revenda.br.mean,2024-04-14,2024-04-23T02:59:59Z,2026-08-14T23:52:49Z,5.98628768303,BRL/L,ANP,0,country,BR,Brasil,"{""aggregation"":""station-day median, then unweighted national mean"",""availability_basis"":""conservative_lag_proxy"",""availability_fallback"":""end of day 8 calendar days after reference Sunday"",""product"":""DIESEL S10"",""published_at"":null,""source_url"":""https://www.gov.br/anp/pt-br/centrais-de-conteudo/dados-abertos/serie-historica-de-precos-de-combustiveis"",""week_convention"":""W-SUN""}",2024-04-08,2024-04-14,5.98628768303,5.95,5.09,8.49,0.377357989441,3483,3483,446,27,False,True,5.06568,5.008,5.1364,5.1364,0.820062384984,5,1.67062549485,92.008,91.49,93.12,93.12,1.12580815953,5,0.334015731063,,0,conservative_lag_proxy,2024-04-23T02:59:59Z,2024-04-16T02:59:59Z,2024-04-18T02:59:59Z,5.23314223142,0.103721693737,2024-03-31,2024-04-06,2024-04-21T02:59:59Z,8,14,3.88909,2024-04-01,2024-04-07,2024-04-20T02:59:59Z,7,12,0.753145451615,2.09719768303
anp.diesel_s10.revenda.br.mean,2024-04-21,2024-04-30T02:59:59Z,2026-08-14T23:52:49Z,5.99716024915,BRL/L,ANP,0,country,BR,Brasil,"{""aggregation"":""station-day median, then unweighted national mean"",""availability_basis"":""conservative_lag_proxy"",""availability_fallback"":""end of day 8 calendar days after reference Sunday"",""product"":""DIESEL S10"",""published_at"":null,""source_url"":""https://www.gov.br/anp/pt-br/centrais-de-conteudo/dados-abertos/serie-historica-de-precos-de-combustiveis"",""week_convention"":""W-SUN""}",2024-04-15,2024-04-21,5.99716024915,5.98,5.09,8.49,0.363832465895,3532,3532,450,27,False,True,5.23262,5.1746,5.2635,5.2269,0.894643494766,5,1.76193442878,89.594,87.96,91.29,87.96,1.17616186317,5,-5.5412371134,,0,conservative_lag_proxy,2024-04-30T02:59:59Z,2024-04-23T02:59:59Z,2024-04-25T02:59:59Z,5.24903592073,0.0978441298306,2024-04-07,2024-04-13,2024-04-28T02:59:59Z,8,14,3.88613,2024-04-08,2024-04-14,2024-04-27T02:59:59Z,7,12,0.748124328423,2.11103024915
anp.diesel_s10.revenda.br.mean,2024-04-28,2024-05-07T02:59:59Z,2026-08-14T23:52:49Z,6.00923820352,BRL/L,ANP,0,country,BR,Brasil,"{""aggregation"":""station-day median, then unweighted national mean"",""availability_basis"":""conservative_lag_proxy"",""availability_fallback"":""end of day 8 calendar days after reference Sunday"",""product"":""DIESEL S10"",""published_at"":null,""source_url"":""https://www.gov.br/anp/pt-br/centrais-de-conteudo/dados-abertos/serie-historica-de-precos-de-combustiveis"",""week_convention"":""W-SUN""}",2024-04-22,2024-04-28,6.00923820352,5.985,5.09,8.49,0.36703716496,3518,3518,453,27,False,True,5.16248,5.1184,5.2043,5.1184,0.476092758887,5,-2.07580018749,88.532,87.3,89.95,89.95,1.32035764495,5,2.26239199636,,0,conservative_lag_proxy,2024-05-07T02:59:59Z,2024-04-30T02:59:59Z,2024-05-02T02:59:59Z,5.27810249549,0.0979856195564,2024-04-14,2024-04-20,2024-05-05T02:59:59Z,8,14,3.88636,2024-04-15,2024-04-21,2024-05-04T02:59:59Z,7,12,0.731135708038,2.12287820352
anp.diesel_s10.revenda.br.mean,2024-05-05,2024-05-14T02:59:59Z,2026-08-14T23:52:49Z,6.00936903039,BRL/L,ANP,0,country,BR,Brasil,"{""aggregation"":""station-day median, then unweighted national mean"",""availability_basis"":""conservative_lag_proxy"",""availability_fallback"":""end of day 8 calendar days after reference Sunday"",""product"":""DIESEL S10"",""published_at"":null,""source_url"":""https://www.gov.br/anp/pt-br/centrais-de-conteudo/dados-abertos/serie-historica-de-precos-de-combustiveis"",""week_convention"":""W-SUN""}",2024-04-29,2024-05-05,6.00936903039,5.99,5.19,8.49,0.364968141357,3455,3455,448,27,False,True,5.118125,5.0668,5.1718,5.0668,1.00805663964,4,-1.00812753986,85.726,83.55,88.44,83.6,2.50632558236,5,-7.05947748749,,0,conservative_lag_proxy,2024-05-14T02:59:59Z,2024-05-07T02:59:59Z,2024-05-09T02:59:59Z,5.27785657176,0.0986138431201,2024-04-21,2024-04-27,2024-05-12T02:59:59Z,8,14,4.13771,2024-04-22,2024-04-28,2024-05-11T02:59:59Z,7,12,0.731512458629,1.87165903039
anp.diesel_s10.revenda.br.mean,2024-05-12,2024-05-21T02:59:59Z,2026-08-14T23:52:49Z,6.01286799065,BRL/L,ANP,0,country,BR,Brasil,"{""aggregation"":""station-day median, then unweighted national mean"",""availability_basis"":""conservative_lag_proxy"",""availability_fallback"":""end of day 8 calendar days after reference Sunday"",""product"":""DIESEL S10"",""published_at"":null,""source_url"":""https://www.gov.br/anp/pt-br/centrais-de-conteudo/dados-abertos/serie-historica-de-precos-de-combustiveis"",""week_convention"":""W-SUN""}",2024-05-06,2024-05-12,6.01286799065,5.99,5.29,8.49,0.372368686779,3424,3424,438,27,False,True,5.1053,5.061,5.1577,5.1464,0.663314168917,5,1.57101128918,82.9475,82.44,83.39,83.39,0.874886676424,4,-0.251196172249,,0,conservative_lag_proxy,2024-05-21T02:59:59Z,2024-05-14T02:59:59Z,2024-05-16T02:59:59Z,5.27327889842,0.0936197161364,2024-04-28,2024-05-04,2024-05-19T02:59:59Z,8,14,3.88374,2024-04-29,2024-05-05,2024-05-18T02:59:59Z,7,12,0.739589092237,2.12912799065
anp.diesel_s10.revenda.br.mean,2024-05-19,2024-05-28T02:59:59Z,2026-08-14T23:52:49Z,6.00691569157,BRL/L,ANP,0,country,BR,Brasil,"{""aggregation"":""station-day median, then unweighted national mean"",""availability_basis"":""conservative_lag_proxy"",""availability_fallback"":""end of day 8 calendar days after reference Sunday"",""product"":""DIESEL S10"",""published_at"":null,""source_url"":""https://www.gov.br/anp/pt-br/centrais-de-conteudo/dados-abertos/serie-historica-de-precos-de-combustiveis"",""week_convention"":""W-SUN""}",2024-05-13,2024-05-19,6.00691569157,5.98,5.29,8.49,0.367838864402,3333,3333,438,27,False,True,5.13236,5.1157,5.1423,5.1157,0.161871981635,5,-0.596533499145,81.61,79.98,83.18,82.24,1.80628626468,5,-1.37906223768,,0,conservative_lag_proxy,2024-05-28T02:59:59Z,2024-05-21T02:59:59Z,2024-05-23T02:59:59Z,5.25500199046,0.0965611117904,2024-05-05,2024-05-11,2024-05-26T02:59:59Z,8,14,3.88157,2024-05-06,2024-05-12,2024-05-25T02:59:59Z,7,12,0.751913701104,2.12534569157
anp.diesel_s10.revenda.br.mean,2024-05-26,2024-06-04T02:59:59Z,2026-08-14T23:52:49Z,5.98857393851,BRL/L,ANP,0,country,BR,Brasil,"{""aggregation"":""station-day median, then unweighted national mean"",""availability_basis"":""conservative_lag_proxy"",""availability_fallback"":""end of day 8 calendar days after reference Sunday"",""product"":""DIESEL S10"",""published_at"":null,""source_url"":""https://www.gov.br/anp/pt-br/centrais-de-conteudo/dados-abertos/serie-historica-de-precos-de-combustiveis"",""week_convention"":""W-SUN""}",2024-05-20,2024-05-26,5.98857393851,5.97,5.29,8.49,0.355170015099,3415,3415,441,27,False,True,5.1315,5.1037,5.1508,5.1508,0.445284715171,5,0.686123111207,80.24,78.92,81.91,78.92,0.496775640919,5,-4.03696498054,,0,conservative_lag_proxy,2024-06-04T02:59:59Z,2024-05-28T02:59:59Z,2024-05-30T02:59:59Z,5.22679228689,0.103959627589,2024-05-12,2024-05-18,2024-06-02T02:59:59Z,8,14,3.89787,2024-05-13,2024-05-19,2024-06-01T02:59:59Z,7,12,0.761781651612,2.09070393851
anp.diesel_s10.revenda.br.mean,2024-06-02,2024-06-11T02:59:59Z,2026-08-14T23:52:49Z,5.98298809524,BRL/L,ANP,0,country,BR,Brasil,"{""aggregation"":""station-day median, then unweighted national mean"",""availability_basis"":""conservative_lag_proxy"",""availability_fallback"":""end of day 8 calendar days after reference Sunday"",""product"":""DIESEL S10"",""published_at"":null,""source_url"":""https://www.gov.br/anp/pt-br/centrais-de-conteudo/dados-abertos/serie-historica-de-precos-de-combustiveis"",""week_convention"":""W-SUN""}",2024-05-27,2024-06-02,5.98298809524,5.97,5.24,8.49,0.361568232344,3360,3360,433,27,False,True,5.19075,5.1538,5.2416,5.2416,0.552592270481,4,1.76283295799,80.9175,79.41,81.5,79.41,2.26747329045,4,0.620881905727,,0,conservative_lag_proxy,2024-06-11T02:59:59Z,2024-06-04T02:59:59Z,2024-06-06T02:59:59Z,5.21273031451,0.112685687658,2024-05-19,2024-05-25,2024-06-09T02:59:59Z,8,14,3.9852,2024-05-20,2024-05-26,2024-06-08T02:59:59Z,7,12,0.77025778073,1.99778809524
anp.diesel_s10.revenda.br.mean,2024-06-09,2024-06-18T02:59:59Z,2026-08-14T23:52:49Z,5.97470520564,BRL/L,ANP,0,country,BR,Brasil,"{""aggregation"":""station-day median, then unweighted national mean"",""availability_basis"":""conservative_lag_proxy"",""availability_fallback"":""end of day 8 calendar days after reference Sunday"",""product"":""DIESEL S10"",""published_at"":null,""source_url"":""https://www.gov.br/anp/pt-br/centrais-de-conteudo/dados-abertos/serie-historica-de-precos-de-combustiveis"",""week_convention"":""W-SUN""}",2024-06-03,2024-06-09,5.97470520564,5.94,5.29,8.49,0.36389950387,3477,3477,449,27,False,True,5.26768,5.2373,5.2841,5.2802,0.349111960927,5,0.736416361416,76.586,75.33,78.12,78.12,2.47984003869,5,-1.62448054401,,0,conservative_lag_proxy,2024-06-18T02:59:59Z,2024-06-11T02:59:59Z,2024-06-13T02:59:59Z,5.20321247347,0.115535730187,2024-05-26,2024-06-01,2024-06-16T02:59:59Z,8,14,3.88931,2024-05-27,2024-06-02,2024-06-15T02:59:59Z,7,12,0.771492732166,2.08539520564
anp.diesel_s10.revenda.br.mean,2024-06-16,2024-06-25T02:59:59Z,2026-08-14T23:52:49Z,5.98344505975,BRL/L,ANP,0,country,BR,Brasil,"{""aggregation"":""station-day median, then unweighted national mean"",""availability_basis"":""conservative_lag_proxy"",""availability_fallback"":""end of day 8 calendar days after reference Sunday"",""product"":""DIESEL S10"",""published_at"":null,""source_url"":""https://www.gov.br/anp/pt-br/centrais-de-conteudo/dados-abertos/serie-historica-de-precos-de-combustiveis"",""week_convention"":""W-SUN""}",2024-06-10,2024-06-16,5.98344505975,5.95,5.11,8.49,0.366095735139,3431,3430,447,27,False,True,5.3737,5.3524,5.3974,5.363,0.887700365604,5,1.56812241961,80.638,79.59,81.49,81.49,0.697173405775,5,4.31387608807,,0,conservative_lag_proxy,2024-06-25T02:59:59Z,2024-06-18T02:59:59Z,2024-06-20T02:59:59Z,5.21639571173,0.105725879154,2024-06-02,2024-06-08,2024-06-23T02:59:59Z,8,14,3.87933,2024-06-03,2024-06-09,2024-06-22T02:59:59Z,7,12,0.767049348015,2.10411505975
anp.diesel_s10.revenda.br.mean,2024-06-23,2024-07-02T02:59:59Z,2026-08-14T23:52:49Z,5.99229560663,BRL/L,ANP,0,country,BR,Brasil,"{""aggregation"":""station-day median, then unweighted national mean"",""availability_basis"":""conservative_lag_proxy"",""availability_fallback"":""end of day 8 calendar days after reference Sunday"",""product"":""DIESEL S10"",""published_at"":null,""source_url"":""https://www.gov.br/anp/pt-br/centrais-de-conteudo/dados-abertos/serie-historica-de-precos-de-combustiveis"",""week_convention"":""W-SUN""}",2024-06-17,2024-06-23,5.99229560663,5.97,5.29,8.49,0.361063857692,3437,3437,433,27,False,True,5.43042,5.4074,5.4647,5.4416,0.737930292269,5,1.46559761328,85.044,82.45,86.42,86.42,0.983105090946,5,6.04982206406,,0,conservative_lag_proxy,2024-07-02T02:59:59Z,2024-06-25T02:59:59Z,2024-06-27T02:59:59Z,5.24185292714,0.110806207886,2024-06-09,2024-06-15,2024-06-30T02:59:59Z,8,14,3.87045,2024-06-10,2024-06-16,2024-06-29T02:59:59Z,7,12,0.750442679496,2.12184560663
anp.diesel_s10.revenda.br.mean,2024-06-30,2024-07-09T02:59:59Z,2026-08-14T23:52:49Z,5.98860672819,BRL/L,ANP,0,country,BR,Brasil,"{""aggregation"":""station-day median, then unweighted national mean"",""availability_basis"":""conservative_lag_proxy"",""availability_fallback"":""end of day 8 calendar days after reference Sunday"",""product"":""DIESEL S10"",""published_at"":null,""source_url"":""https://www.gov.br/anp/pt-br/centrais-de-conteudo/dados-abertos/serie-historica-de-precos-de-combustiveis"",""week_convention"":""W-SUN""}",2024-06-24,2024-06-30,5.98860672819,5.97,5.29,8.49,0.344481760028,3359,3359,415,27,False,True,5.4841,5.4,5.5589,5.5589,0.812376586608,5,2.1556159953,86.716,85.76,87.26,87.26,0.948548410159,5,0.971997222865,,0,conservative_lag_proxy,2024-07-09T02:59:59Z,2024-07-02T02:59:59Z,2024-07-04T02:59:59Z,5.2739136691,0.104571519558,2024-06-16,2024-06-22,2024-07-07T02:59:59Z,8,14,3.88519,2024-06-17,2024-06-23,2024-07-06T02:59:59Z,7,12,0.714693059094,2.10341672819
anp.diesel_s10.revenda.br.mean,2024-07-07,2024-07-16T02:59:59Z,2026-08-14T23:52:49Z,6.00013596193,BRL/L,ANP,0,country,BR,Brasil,"{""aggregation"":""station-day median, then unweighted national mean"",""availability_basis"":""conservative_lag_proxy"",""availability_fallback"":""end of day 8 calendar days after reference Sunday"",""product"":""DIESEL S10"",""published_at"":null,""source_url"":""https://www.gov.br/anp/pt-br/centrais-de-conteudo/dados-abertos/serie-historica-de-precos-de-combustiveis"",""week_convention"":""W-SUN""}",2024-07-01,2024-07-07,6.00013596193,5.97,5.29,8.49,0.352553875547,2942,2942,338,27,False,True,5.56484,5.4839,5.6677,5.497,1.37047371061,5,-1.11352965515,88.02,86.57,88.66,88.66,1.01836533532,5,1.60440064176,,0,conservative_lag_proxy,2024-07-16T02:59:59Z,2024-07-09T02:59:59Z,2024-07-11T02:59:59Z,5.30238917121,0.106038652122,2024-06-23,2024-06-29,2024-07-14T02:59:59Z,8,14,3.88538,2024-06-24,2024-06-30,2024-07-13T02:59:59Z,7,12,0.697746790722,2.11475596193
anp.diesel_s10.revenda.br.mean,2024-07-14,2024-07-23T02:59:59Z,2026-08-14T23:52:49Z,6.04156081081,BRL/L,ANP,0,country,BR,Brasil,"{""aggregation"":""station-day median, then unweighted national mean"",""availability_basis"":""conservative_lag_proxy"",""availability_fallback"":""end of day 8 calendar days after reference Sunday"",""product"":""DIESEL S10"",""published_at"":null,""source_url"":""https://www.gov.br/anp/pt-br/centrais-de-conteudo/dados-abertos/serie-historica-de-precos-de-combustiveis"",""week_convention"":""W-SUN""}",2024-07-08,2024-07-14,6.04156081081,5.99,5.37,8.49,0.348307445705,2960,2960,335,27,False,True,5.43406,5.3967,5.472,5.4529,0.658844437516,5,-0.802255775878,86.804,86.48,87.35,87.35,1.00771434888,5,-1.47755470336,,0,conservative_lag_proxy,2024-07-23T02:59:59Z,2024-07-16T02:59:59Z,2024-07-18T02:59:59Z,5.34573241281,0.103737984858,2024-06-30,2024-07-06,2024-07-21T02:59:59Z,8,14,3.91101,2024-07-01,2024-07-07,2024-07-20T02:59:59Z,7,12,0.695828397997,2.13055081081
anp.diesel_s10.revenda.br.mean,2024-07-21,2024-07-30T02:59:59Z,2026-08-14T23:52:49Z,6.06838390726,BRL/L,ANP,0,country,BR,Brasil,"{""aggregation"":""station-day median, then unweighted national mean"",""availability_basis"":""conservative_lag_proxy"",""availability_fallback"":""end of day 8 calendar days after reference Sunday"",""product"":""DIESEL S10"",""published_at"":null,""source_url"":""https://www.gov.br/anp/pt-br/centrais-de-conteudo/dados-abertos/serie-historica-de-precos-de-combustiveis"",""week_convention"":""W-SUN""}",2024-07-15,2024-07-21,6.06838390726,5.99,5.29,8.49,0.344742791066,2933,2933,339,27,False,True,5.48952,5.4274,5.5543,5.5543,0.721884510264,5,1.85956096756,86.046,85.19,86.6,85.19,0.831044891951,5,-2.47281053234,,0,conservative_lag_proxy,2024-07-30T02:59:59Z,2024-07-23T02:59:59Z,2024-07-25T02:59:59Z,5.38332921573,0.0976783027222,2024-07-07,2024-07-13,2024-07-28T02:59:59Z,8,14,3.91742,2024-07-08,2024-07-14,2024-07-27T02:59:59Z,7,12,0.685054691534,2.15096390726
anp.diesel_s10.revenda.br.mean,2024-07-28,2024-08-06T02:59:59Z,2026-08-14T23:52:49Z,6.07095876634,BRL/L,ANP,0,country,BR,Brasil,"{""aggregation"":""station-day median, then unweighted national mean"",""availability_basis"":""conservative_lag_proxy"",""availability_fallback"":""end of day 8 calendar days after reference Sunday"",""product"":""DIESEL S10"",""published_at"":null,""source_url"":""https://www.gov.br/anp/pt-br/centrais-de-conteudo/dados-abertos/serie-historica-de-precos-de-combustiveis"",""week_convention"":""W-SUN""}",2024-07-22,2024-07-28,6.07095876634,5.99,5.35,8.49,0.342637645303,2983,2983,342,27,False,True,5.61236,5.5598,5.6465,5.6465,0.374357644699,5,1.65997515438,82.516,81.35,83.44,81.35,1.196150752,5,-4.50757131119,,0,conservative_lag_proxy,2024-08-06T02:59:59Z,2024-07-30T02:59:59Z,2024-08-01T02:59:59Z,5.38584217752,0.0896860704957,2024-07-14,2024-07-20,2024-08-04T02:59:59Z,8,14,3.88852,2024-07-15,2024-07-21,2024-08-03T02:59:59Z,7,12,0.685116588823,2.18243876634
anp.diesel_s10.revenda.br.mean,2024-08-04,2024-08-13T02:59:59Z,2026-08-14T23:52:49Z,6.06568289385,BRL/L,ANP,0,country,BR,Brasil,"{""aggregation"":""station-day median, then unweighted national mean"",""availability_basis"":""conservative_lag_proxy"",""availability_fallback"":""end of day 8 calendar days after reference Sunday"",""product"":""DIESEL S10"",""published_at"":null,""source_url"":""https://www.gov.br/anp/pt-br/centrais-de-conteudo/dados-abertos/serie-historica-de-precos-de-combustiveis"",""week_convention"":""W-SUN""}",2024-07-29,2024-08-04,6.06568289385,5.99,5.2,8.49,0.340634476607,2958,2958,340,27,False,True,5.67358,5.6479,5.7366,5.7366,0.499994682663,5,1.59567873904,80.262,78.35,81.39,78.35,2.39408705547,5,-3.68776889982,,0,conservative_lag_proxy,2024-08-13T02:59:59Z,2024-08-06T02:59:59Z,2024-08-08T02:59:59Z,5.37759857754,0.0904287997315,2024-07-21,2024-07-27,2024-08-11T02:59:59Z,8,14,3.90568,2024-07-22,2024-07-28,2024-08-10T02:59:59Z,7,12,0.688084316306,2.16000289385
anp.diesel_s10.revenda.br.mean,2024-08-11,2024-08-20T02:59:59Z,2026-08-14T23:52:49Z,6.06586135182,BRL/L,ANP,0,country,BR,Brasil,"{""aggregation"":""station-day median, then unweighted national mean"",""availability_basis"":""conservative_lag_proxy"",""availability_fallback"":""end of day 8 calendar days after reference Sunday"",""product"":""DIESEL S10"",""published_at"":null,""source_url"":""https://www.gov.br/anp/pt-br/centrais-de-conteudo/dados-abertos/serie-historica-de-precos-de-combustiveis"",""week_convention"":""W-SUN""}",2024-08-05,2024-08-11,6.06586135182,5.99,5.44,8.49,0.34327630496,2885,2885,337,27,False,True,5.63108,5.5115,5.7646,5.5115,1.11953135418,5,-3.92392706481,78.844,76.62,81.07,81.07,1.93349396704,5,3.47160178685,,0,conservative_lag_proxy,2024-08-20T02:59:59Z,2024-08-13T02:59:59Z,2024-08-15T02:59:59Z,5.37662850791,0.121647982641,2024-07-28,2024-08-03,2024-08-18T02:59:59Z,8,14,3.91102,2024-07-29,2024-08-04,2024-08-17T02:59:59Z,7,12,0.689232843914,2.15484135182
anp.diesel_s10.revenda.br.mean,2024-08-18,2024-08-27T02:59:59Z,2026-08-14T23:52:49Z,6.05829350387,BRL/L,ANP,0,country,BR,Brasil,"{""aggregation"":""station-day median, then unweighted national mean"",""availability_basis"":""conservative_lag_proxy"",""availability_fallback"":""end of day 8 calendar days after reference Sunday"",""product"":""DIESEL S10"",""published_at"":null,""source_url"":""https://www.gov.br/anp/pt-br/centrais-de-conteudo/dados-abertos/serie-historica-de-precos-de-combustiveis"",""week_convention"":""W-SUN""}",2024-08-12,2024-08-18,6.05829350387,5.99,5.19,8.99,0.344586048474,2971,2971,344,27,False,True,5.47142,5.4502,5.4911,5.4632,0.36246283813,5,-0.876349451148,82.474,81.56,83.09,81.56,1.67834286585,5,0.604415936845,,0,conservative_lag_proxy,2024-08-27T02:59:59Z,2024-08-20T02:59:59Z,2024-08-22T02:59:59Z,5.37964733827,0.123541627035,2024-08-04,2024-08-10,2024-08-25T02:59:59Z,8,14,3.89454,2024-08-05,2024-08-11,2024-08-24T02:59:59Z,7,12,0.678646165601,2.16375350387
anp.diesel_s10.revenda.br.mean,2024-08-25,2024-09-03T02:59:59Z,2026-08-14T23:52:49Z,6.0624135616,BRL/L,ANP,0,country,BR,Brasil,"{""aggregation"":""station-day median, then unweighted national mean"",""availability_basis"":""conservative_lag_proxy"",""availability_fallback"":""end of day 8 calendar days after reference Sunday"",""product"":""DIESEL S10"",""published_at"":null,""source_url"":""https://www.gov.br/anp/pt-br/centrais-de-conteudo/dados-abertos/serie-historica-de-precos-de-combustiveis"",""week_convention"":""W-SUN""}",2024-08-19,2024-08-25,6.0624135616,5.99,5.39,8.99,0.351127870193,2979,2979,347,27,False,True,5.48556,5.4237,5.5524,5.5263,0.882493117959,5,1.15500073217,79.57,78.77,81.09,80.34,1.68631697962,5,-1.49583128985,,0,conservative_lag_proxy,2024-09-03T02:59:59Z,2024-08-27T02:59:59Z,2024-08-29T02:59:59Z,5.37426964957,0.124031182154,2024-08-11,2024-08-17,2024-09-01T02:59:59Z,8,14,3.90086,2024-08-12,2024-08-18,2024-08-31T02:59:59Z,7,12,0.688143912027,2.1615535616
anp.diesel_s10.revenda.br.mean,2024-09-01,2024-09-10T02:59:59Z,2026-08-14T23:52:49Z,6.06170190641,BRL/L,ANP,0,country,BR,Brasil,"{""aggregation"":""station-day median, then unweighted national mean"",""availability_basis"":""conservative_lag_proxy"",""availability_fallback"":""end of day 8 calendar days after reference Sunday"",""product"":""DIESEL S10"",""published_at"":null,""source_url"":""https://www.gov.br/anp/pt-br/centrais-de-conteudo/dados-abertos/serie-historica-de-precos-de-combustiveis"",""week_convention"":""W-SUN""}",2024-08-26,2024-09-01,6.06170190641,5.99,5.39,8.99,0.350621176352,2885,2885,339,27,False,True,5.5625,5.4921,5.6562,5.6562,0.918274154024,5,2.35057814451,80.825,80.04,81.55,80.2,1.97226388613,4,-0.17425939756,,0,conservative_lag_proxy,2024-09-10T02:59:59Z,2024-09-03T02:59:59Z,2024-09-05T02:59:59Z,5.37052781454,0.123555773537,2024-08-18,2024-08-24,2024-09-08T02:59:59Z,8,14,3.91954,2024-08-19,2024-08-25,2024-09-07T02:59:59Z,7,12,0.691174091872,2.14216190641
anp.diesel_s10.revenda.br.mean,2024-09-08,2024-09-17T02:59:59Z,2026-08-14T23:52:49Z,6.05789329685,BRL/L,ANP,0,country,BR,Brasil,"{""aggregation"":""station-day median, then unweighted national mean"",""availability_basis"":""conservative_lag_proxy"",""availability_fallback"":""end of day 8 calendar days after reference Sunday"",""product"":""DIESEL S10"",""published_at"":null,""source_url"":""https://www.gov.br/anp/pt-br/centrais-de-conteudo/dados-abertos/serie-historica-de-precos-de-combustiveis"",""week_convention"":""W-SUN""}",2024-09-02,2024-09-08,6.05789329685,5.99,5.33,8.99,0.353924878962,2924,2924,337,27,False,True,5.61128,5.5702,5.6359,5.5702,0.394330800274,5,-1.52045542944,75.248,72.82,77.82,72.82,1.01498319873,5,-9.20199501247,,0,conservative_lag_proxy,2024-09-17T02:59:59Z,2024-09-10T02:59:59Z,2024-09-12T02:59:59Z,5.35904558282,0.124031541202,2024-08-25,2024-08-31,2024-09-15T02:59:59Z,8,14,3.89491,2024-08-26,2024-09-01,2024-09-14T02:59:59Z,7,12,0.698847714033,2.16298329685
anp.diesel_s10.revenda.br.mean,2024-09-15,2024-09-24T02:59:59Z,2026-08-14T23:52:49Z,6.05814521679,BRL/L,ANP,0,country,BR,Brasil,"{""aggregation"":""station-day median, then unweighted national mean"",""availability_basis"":""conservative_lag_proxy"",""availability_fallback"":""end of day 8 calendar days after reference Sunday"",""product"":""DIESEL S10"",""published_at"":null,""source_url"":""https://www.gov.br/anp/pt-br/centrais-de-conteudo/dados-abertos/serie-historica-de-precos-de-combustiveis"",""week_convention"":""W-SUN""}",2024-09-09,2024-09-15,6.05814521679,5.99,5.33,8.99,0.357173308101,2906,2906,336,27,False,True,5.62018,5.5717,5.6554,5.5717,0.853648977635,5,0.0269290151162,72.102,70.31,73.81,73.68,2.85945206601,5,1.18099423235,,0,conservative_lag_proxy,2024-09-24T02:59:59Z,2024-09-17T02:59:59Z,2024-09-19T02:59:59Z,5.37074953581,0.130058050914,2024-09-01,2024-09-07,2024-09-22T02:59:59Z,8,14,3.91128,2024-09-02,2024-09-08,2024-09-21T02:59:59Z,7,12,0.687395680982,2.14686521679
anp.diesel_s10.revenda.br.mean,2024-09-22,2024-10-01T02:59:59Z,2026-08-14T23:52:49Z,6.0553277027,BRL/L,ANP,0,country,BR,Brasil,"{""aggregation"":""station-day median, then unweighted national mean"",""availability_basis"":""conservative_lag_proxy"",""availability_fallback"":""end of day 8 calendar days after reference Sunday"",""product"":""DIESEL S10"",""published_at"":null,""source_url"":""https://www.gov.br/anp/pt-br/centrais-de-conteudo/dados-abertos/serie-historica-de-precos-de-combustiveis"",""week_convention"":""W-SUN""}",2024-09-16,2024-09-22,6.0553277027,5.99,5.39,8.99,0.356572945796,2960,2960,342,27,False,True,5.47896,5.4189,5.5207,5.4775,0.847609636753,5,-1.69068686397,74.984,73.96,75.96,75.96,0.787422423344,5,3.09446254072,,0,conservative_lag_proxy,2024-10-01T02:59:59Z,2024-09-24T02:59:59Z,2024-09-26T02:59:59Z,5.35879086388,0.137693481752,2024-09-08,2024-09-14,2024-09-29T02:59:59Z,8,14,3.87644,2024-09-09,2024-09-15,2024-09-28T02:59:59Z,7,12,0.696536838823,2.1788877027
anp.diesel_s10.revenda.br.mean,2024-09-29,2024-10-08T02:59:59Z,2026-08-14T23:52:49Z,6.04110088616,BRL/L,ANP,0,country,BR,Brasil,"{""aggregation"":""station-day median, then unweighted national mean"",""availability_basis"":""conservative_lag_proxy"",""availability_fallback"":""end of day 8 calendar days after reference Sunday"",""product"":""DIESEL S10"",""published_at"":null,""source_url"":""https://www.gov.br/anp/pt-br/centrais-de-conteudo/dados-abertos/serie-historica-de-precos-de-combustiveis"",""week_convention"":""W-SUN""}",2024-09-23,2024-09-29,6.04110088616,5.99,5.33,8.99,0.3427193871,2934,2934,345,27,False,True,5.47454,5.4412,5.5446,5.4431,0.946287023841,5,-0.628023733455,74.066,71.63,75.4,71.63,1.47911763564,5,-5.70036861506,,0,conservative_lag_proxy,2024-10-08T02:59:59Z,2024-10-01T02:59:59Z,2024-10-03T02:59:59Z,5.34573912255,0.143812765272,2024-09-15,2024-09-21,2024-10-06T02:59:59Z,8,14,3.9098,2024-09-16,2024-09-22,2024-10-05T02:59:59Z,7,12,0.695361763616,2.13130088616
anp.diesel_s10.revenda.br.mean,2024-10-06,2024-10-15T02:59:59Z,2026-08-14T23:52:49Z,6.04512253233,BRL/L,ANP,0,country,BR,Brasil,"{""aggregation"":""station-day median, then unweighted national mean"",""availability_basis"":""conservative_lag_proxy"",""availability_fallback"":""end of day 8 calendar days after reference Sunday"",""product"":""DIESEL S10"",""published_at"":null,""source_url"":""https://www.gov.br/anp/pt-br/centrais-de-conteudo/dados-abertos/serie-historica-de-precos-de-combustiveis"",""week_convention"":""W-SUN""}",2024-09-30,2024-10-06,6.04512253233,5.99,5.33,8.99,0.354505129612,2938,2938,343,27,False,True,5.45686,5.4305,5.485,5.4686,0.552834018941,5,0.468483033565,75.88,72.35,79.32,79.32,1.9135220637,5,10.7357252548,,0,conservative_lag_proxy,2024-10-15T02:59:59Z,2024-10-08T02:59:59Z,2024-10-10T02:59:59Z,5.33538283624,0.147606655815,2024-09-22,2024-09-28,2024-10-13T02:59:59Z,8,14,3.93163,2024-09-23,2024-09-29,2024-10-12T02:59:59Z,7,12,0.709739696097,2.11349253233
anp.diesel_s10.revenda.br.mean,2024-10-13,2024-10-22T02:59:59Z,2026-08-14T23:52:49Z,6.05093118795,BRL/L,ANP,0,country,BR,Brasil,"{""aggregation"":""station-day median, then unweighted national mean"",""availability_basis"":""conservative_lag_proxy"",""availability_fallback"":""end of day 8 calendar days after reference Sunday"",""product"":""DIESEL S10"",""published_at"":null,""source_url"":""https://www.gov.br/anp/pt-br/centrais-de-conteudo/dados-abertos/serie-historica-de-precos-de-combustiveis"",""week_convention"":""W-SUN""}",2024-10-07,2024-10-13,6.05093118795,5.99,5.33,8.49,0.357208482144,2921,2914,344,27,False,True,5.55284,5.4626,5.6263,5.6263,0.520642341081,5,2.88373623962,79.342,77.06,81.74,80.27,3.18407190823,5,1.1976802824,,0,conservative_lag_proxy,2024-10-22T02:59:59Z,2024-10-15T02:59:59Z,2024-10-17T02:59:59Z,5.32934502955,0.14590289085,2024-09-29,2024-10-05,2024-10-20T02:59:59Z,8,14,3.86429,2024-09-30,2024-10-06,2024-10-19T02:59:59Z,7,12,0.721586158398,2.18664118795
anp.diesel_s10.revenda.br.mean,2024-10-20,2024-10-29T02:59:59Z,2026-08-14T23:52:49Z,6.06048238112,BRL/L,ANP,0,country,BR,Brasil,"{""aggregation"":""station-day median, then unweighted national mean"",""availability_basis"":""conservative_lag_proxy"",""availability_fallback"":""end of day 8 calendar days after reference Sunday"",""product"":""DIESEL S10"",""published_at"":null,""source_url"":""https://www.gov.br/anp/pt-br/centrais-de-conteudo/dados-abertos/serie-historica-de-precos-de-combustiveis"",""week_convention"":""W-SUN""}",2024-10-14,2024-10-20,6.06048238112,5.99,5.33,8.49,0.363720328963,2923,2923,344,27,False,True,5.65204,5.6045,5.6758,5.6672,0.461816141338,5,0.726943106482,74.584,72.75,78.47,72.75,2.72058447491,5,-9.36838171172,,0,conservative_lag_proxy,2024-10-29T02:59:59Z,2024-10-22T02:59:59Z,2024-10-24T02:59:59Z,5.35227649247,0.140145049883,2024-10-06,2024-10-12,2024-10-27T02:59:59Z,8,14,3.89927,2024-10-07,2024-10-13,2024-10-26T02:59:59Z,7,12,0.708205888641,2.16121238112
anp.diesel_s10.revenda.br.mean,2024-10-27,2024-11-05T02:59:59Z,2026-08-14T23:52:49Z,6.06410894418,BRL/L,ANP,0,country,BR,Brasil,"{""aggregation"":""station-day median, then unweighted national mean"",""availability_basis"":""conservative_lag_proxy"",""availability_fallback"":""end of day 8 calendar days after reference Sunday"",""product"":""DIESEL S10"",""published_at"":null,""source_url"":""https://www.gov.br/anp/pt-br/centrais-de-conteudo/dados-abertos/serie-historica-de-precos-de-combustiveis"",""week_convention"":""W-SUN""}",2024-10-21,2024-10-27,6.06410894418,5.99,5.33,7.99,0.358491058163,2974,2974,350,27,False,True,5.70462,5.6958,5.7149,5.6969,0.399059561801,5,0.524068322981,74.69,73.29,75.62,75.62,1.75648711788,5,3.94501718213,,0,conservative_lag_proxy,2024-11-05T02:59:59Z,2024-10-29T02:59:59Z,2024-10-31T02:59:59Z,5.36921152164,0.138679552122,2024-10-13,2024-10-19,2024-11-03T02:59:59Z,8,14,3.88516,2024-10-14,2024-10-20,2024-11-02T02:59:59Z,7,12,0.694897422538,2.17894894418
anp.diesel_s10.revenda.br.mean,2024-11-03,2024-11-12T02:59:59Z,2026-08-14T23:52:49Z,6.06517020559,BRL/L,ANP,0,country,BR,Brasil,"{""aggregation"":""station-day median, then unweighted national mean"",""availability_basis"":""conservative_lag_proxy"",""availability_fallback"":""end of day 8 calendar days after reference Sunday"",""product"":""DIESEL S10"",""published_at"":null,""source_url"":""https://www.gov.br/anp/pt-br/centrais-de-conteudo/dados-abertos/serie-historica-de-precos-de-combustiveis"",""week_convention"":""W-SUN""}",2024-10-28,2024-11-03,6.06517020559,5.99,5.33,8.99,0.374714946299,2967,2967,346,27,False,True,5.75562,5.6988,5.8073,5.8073,0.481572542103,5,1.93789604873,72.61,71.09,73.63,73.63,2.90241524474,5,-2.63157894737,,0,conservative_lag_proxy,2024-11-12T02:59:59Z,2024-11-05T02:59:59Z,2024-11-07T02:59:59Z,5.36999031527,0.139937316865,2024-10-20,2024-10-26,2024-11-10T02:59:59Z,8,14,3.88252,2024-10-21,2024-10-27,2024-11-09T02:59:59Z,7,12,0.695179890327,2.18265020559
anp.diesel_s10.revenda.br.mean,2024-11-10,2024-11-19T02:59:59Z,2026-08-14T23:52:49Z,6.06149505313,BRL/L,ANP,0,country,BR,Brasil,"{""aggregation"":""station-day median, then unweighted national mean"",""availability_basis"":""conservative_lag_proxy"",""availability_fallback"":""end of day 8 calendar days after reference Sunday"",""product"":""DIESEL S10"",""published_at"":null,""source_url"":""https://www.gov.br/anp/pt-br/centrais-de-conteudo/dados-abertos/serie-historica-de-precos-de-combustiveis"",""week_convention"":""W-SUN""}",2024-11-04,2024-11-10,6.06149505313,5.99,5.44,8.49,0.356390702617,2729,2729,326,27,False,True,5.75328,5.6624,5.7898,5.7648,1.27899207543,5,-0.731837514852,75.632,74.04,76.98,74.04,2.06384071604,5,0.55683824528,,0,conservative_lag_proxy,2024-11-19T02:59:59Z,2024-11-12T02:59:59Z,2024-11-14T02:59:59Z,5.37895270812,0.143416236628,2024-10-27,2024-11-02,2024-11-17T02:59:59Z,8,14,3.87044,2024-10-28,2024-11-03,2024-11-16T02:59:59Z,7,12,0.682542345015,2.19105505313
anp.diesel_s10.revenda.br.mean,2024-11-17,2024-11-26T02:59:59Z,2026-08-14T23:52:49Z,6.07976752378,BRL/L,ANP,0,country,BR,Brasil,"{""aggregation"":""station-day median, then unweighted national mean"",""availability_basis"":""conservative_lag_proxy"",""availability_fallback"":""end of day 8 calendar days after reference Sunday"",""product"":""DIESEL S10"",""published_at"":null,""source_url"":""https://www.gov.br/anp/pt-br/centrais-de-conteudo/dados-abertos/serie-historica-de-precos-de-combustiveis"",""week_convention"":""W-SUN""}",2024-11-11,2024-11-17,6.07976752378,5.99,5.39,8.49,0.356242451827,2839,2839,343,27,False,True,5.7818,5.7694,5.798,5.7885,0.455385981729,4,0.411115736886,72.89,72.19,73.45,73.45,1.33192806427,5,-0.796866558617,,0,conservative_lag_proxy,2024-11-26T02:59:59Z,2024-11-19T02:59:59Z,2024-11-21T02:59:59Z,5.41151497913,0.139193845314,2024-11-03,2024-11-09,2024-11-24T02:59:59Z,8,14,3.90823,2024-11-04,2024-11-10,2024-11-23T02:59:59Z,7,12,0.668252544642,2.17153752378
anp.diesel_s10.revenda.br.mean,2024-11-24,2024-12-03T02:59:59Z,2026-08-14T23:52:49Z,6.08077628793,BRL/L,ANP,0,country,BR,Brasil,"{""aggregation"":""station-day median, then unweighted national mean"",""availability_basis"":""conservative_lag_proxy"",""availability_fallback"":""end of day 8 calendar days after reference Sunday"",""product"":""DIESEL S10"",""published_at"":null,""source_url"":""https://www.gov.br/anp/pt-br/centrais-de-conteudo/dados-abertos/serie-historica-de-precos-de-combustiveis"",""week_convention"":""W-SUN""}",2024-11-18,2024-11-24,6.08077628793,5.99,5.45,8.99,0.352068413918,2834,2834,335,27,False,True,5.791075,5.7603,5.8173,5.8124,0.521126641011,4,0.412887622009,74.838,74.32,76.1,76.1,0.673541776404,5,3.60789652825,,0,conservative_lag_proxy,2024-12-03T02:59:59Z,2024-11-26T02:59:59Z,2024-11-28T02:59:59Z,5.43307036708,0.134495757923,2024-11-10,2024-11-16,2024-12-01T02:59:59Z,8,14,3.89517,2024-11-11,2024-11-17,2024-11-30T02:59:59Z,7,12,0.647705920848,2.18560628793
anp.diesel_s10.revenda.br.mean,2024-12-01,2024-12-10T02:59:59Z,2026-08-14T23:52:49Z,6.09827598566,BRL/L,ANP,0,country,BR,Brasil,"{""aggregation"":""station-day median, then unweighted national mean"",""availability_basis"":""conservative_lag_proxy"",""availability_fallback"":""end of day 8 calendar days after reference Sunday"",""product"":""DIESEL S10"",""published_at"":null,""source_url"":""https://www.gov.br/anp/pt-br/centrais-de-conteudo/dados-abertos/serie-historica-de-precos-de-combustiveis"",""week_convention"":""W-SUN""}",2024-11-25,2024-12-01,6.09827598566,5.99,5.45,8.99,0.368368242716,2790,2790,340,27,False,True,5.89378,5.799,6.0535,6.0535,1.17427479002,5,4.14802835318,74.164,73.91,74.56,74.16,1.17287003597,5,-2.54927726675,,0,conservative_lag_proxy,2024-12-10T02:59:59Z,2024-12-03T02:59:59Z,2024-12-05T02:59:59Z,5.43913085813,0.134296872925,2024-11-17,2024-11-23,2024-12-08T02:59:59Z,8,14,3.87775,2024-11-18,2024-11-24,2024-12-07T02:59:59Z,7,12,0.659145127529,2.22052598566
anp.diesel_s10.revenda.br.mean,2024-12-08,2024-12-17T02:59:59Z,2026-08-14T23:52:49Z,6.12642466253,BRL/L,ANP,0,country,BR,Brasil,"{""aggregation"":""station-day median, then unweighted national mean"",""availability_basis"":""conservative_lag_proxy"",""availability_fallback"":""end of day 8 calendar days after reference Sunday"",""product"":""DIESEL S10"",""published_at"":null,""source_url"":""https://www.gov.br/anp/pt-br/centrais-de-conteudo/dados-abertos/serie-historica-de-precos-de-combustiveis"",""week_convention"":""W-SUN""}",2024-12-02,2024-12-08,6.12642466253,5.99,5.09,8.99,0.373083013449,2741,2741,335,27,False,True,6.04128,5.9849,6.0707,6.0293,0.718374262509,5,-0.399768728835,73.97,72.81,74.8,73.78,1.74792514663,5,-0.512405609493,,0,conservative_lag_proxy,2024-12-17T02:59:59Z,2024-12-10T02:59:59Z,2024-12-12T02:59:59Z,5.45473612561,0.13820783246,2024-11-24,2024-11-30,2024-12-15T02:59:59Z,8,14,3.89492,2024-11-25,2024-12-01,2024-12-14T02:59:59Z,7,12,0.671688536922,2.23150466253
anp.diesel_s10.revenda.br.mean,2024-12-15,2024-12-24T02:59:59Z,2026-08-14T23:52:49Z,6.13896851249,BRL/L,ANP,0,country,BR,Brasil,"{""aggregation"":""station-day median, then unweighted national mean"",""availability_basis"":""conservative_lag_proxy"",""availability_fallback"":""end of day 8 calendar days after reference Sunday"",""product"":""DIESEL S10"",""published_at"":null,""source_url"":""https://www.gov.br/anp/pt-br/centrais-de-conteudo/dados-abertos/serie-historica-de-precos-de-combustiveis"",""week_convention"":""W-SUN""}",2024-12-09,2024-12-15,6.13896851249,6.08,5.49,8.49,0.353469183277,2763,2763,337,27,False,True,6.02454,5.9408,6.057,6.04,1.16197460709,5,0.177466704261,74.032,73.52,74.89,74.89,1.15921246111,5,1.50447275684,,0,conservative_lag_proxy,2024-12-24T02:59:59Z,2024-12-17T02:59:59Z,2024-12-19T02:59:59Z,5.48884457933,0.136382762151,2024-12-01,2024-12-07,2024-12-22T02:59:59Z,8,14,3.86974,2024-12-02,2024-12-08,2024-12-21T02:59:59Z,7,12,0.650123933156,2.26922851249
anp.diesel_s10.revenda.br.mean,2024-12-22,2024-12-31T02:59:59Z,2026-08-14T23:52:49Z,6.13917664128,BRL/L,ANP,0,country,BR,Brasil,"{""aggregation"":""station-day median, then unweighted national mean"",""availability_basis"":""conservative_lag_proxy"",""availability_fallback"":""end of day 8 calendar days after reference Sunday"",""product"":""DIESEL S10"",""published_at"":null,""source_url"":""https://www.gov.br/anp/pt-br/centrais-de-conteudo/dados-abertos/serie-historica-de-precos-de-combustiveis"",""week_convention"":""W-SUN""}",2024-12-16,2024-12-22,6.13917664128,6.08,5.49,8.49,0.347079893481,2757,2757,334,27,False,True,6.12878,6.0509,6.1841,6.078,1.30380738148,5,0.629139072848,73.794,73.16,74.57,73.19,1.36556342582,5,-2.26999599412,,0,conservative_lag_proxy,2024-12-31T02:59:59Z,2024-12-24T02:59:59Z,2024-12-26T02:59:59Z,5.48432558332,0.138226298546,2024-12-08,2024-12-14,2024-12-29T02:59:59Z,8,14,3.91047,2024-12-09,2024-12-15,2024-12-28T02:59:59Z,7,12,0.654851057953,2.22870664128
anp.diesel_s10.revenda.br.mean,2024-12-29,2025-01-07T02:59:59Z,2026-08-14T23:52:49Z,6.16257771039,BRL/L,ANP,0,country,BR,Brasil,"{""aggregation"":""station-day median, then unweighted national mean"",""availability_basis"":""conservative_lag_proxy"",""availability_fallback"":""end of day 8 calendar days after reference Sunday"",""product"":""DIESEL S10"",""published_at"":null,""source_url"":""https://www.gov.br/anp/pt-br/centrais-de-conteudo/dados-abertos/serie-historica-de-precos-de-combustiveis"",""week_convention"":""W-SUN""}",2024-12-23,2024-12-29,6.16257771039,6.09,5.47,8.99,0.35731558862,2638,2638,319,27,False,True,6.17,6.1541,6.1991,6.1991,0.641175805092,4,1.99243172096,73.13,72.12,73.77,73.77,1.68969134463,3,0.792457986064,,0,conservative_lag_proxy,2025-01-07T02:59:59Z,2024-12-31T02:59:59Z,2025-01-02T02:59:59Z,5.48619090218,0.143584333846,2024-12-15,2024-12-21,2025-01-05T02:59:59Z,8,14,4.00538,2024-12-16,2024-12-22,2025-01-04T02:59:59Z,7,12,0.676386808208,2.15719771039
anp.diesel_s10.revenda.br.mean,2025-01-05,2025-01-14T02:59:59Z,2026-08-14T23:52:49Z,6.16119585339,BRL/L,ANP,0,country,BR,Brasil,"{""aggregation"":""station-day median, then unweighted national mean"",""availability_basis"":""conservative_lag_proxy"",""availability_fallback"":""end of day 8 calendar days after reference Sunday"",""product"":""DIESEL S10"",""published_at"":null,""source_url"":""https://www.gov.br/anp/pt-br/centrais-de-conteudo/dados-abertos/serie-historica-de-precos-de-combustiveis"",""week_convention"":""W-SUN""}",2024-12-30,2025-01-05,6.16119585339,6.09,5.49,8.49,0.352891462379,2701,2701,331,27,False,True,6.187375,6.1563,6.2086,6.1563,0.473392177275,4,-0.69042280331,75.42,74.24,76.72,76.72,0.746863472322,4,3.99891554833,,0,conservative_lag_proxy,2025-01-14T02:59:59Z,2025-01-07T02:59:59Z,2025-01-09T02:59:59Z,5.50518955961,0.143061054042,2024-12-22,2024-12-28,2025-01-12T02:59:59Z,8,14,3.91246,2024-12-23,2024-12-29,2025-01-11T02:59:59Z,7,12,0.656006293781,2.24873585339
anp.diesel_s10.revenda.br.mean,2025-01-12,2025-01-21T02:59:59Z,2026-08-14T23:52:49Z,6.162312566,BRL/L,ANP,0,country,BR,Brasil,"{""aggregation"":""station-day median, then unweighted national mean"",""availability_basis"":""conservative_lag_proxy"",""availability_fallback"":""end of day 8 calendar days after reference Sunday"",""product"":""DIESEL S10"",""published_at"":null,""source_url"":""https://www.gov.br/anp/pt-br/centrais-de-conteudo/dados-abertos/serie-historica-de-precos-de-combustiveis"",""week_convention"":""W-SUN""}",2025-01-06,2025-01-12,6.162312566,6.09,5.49,8.99,0.356128491233,2841,2841,344,27,False,True,6.10084,6.0741,6.1321,6.0965,0.72827581932,5,-0.971362669136,78.136,77.27,79.76,79.76,0.880237283195,5,3.96246089677,,0,conservative_lag_proxy,2025-01-21T02:59:59Z,2025-01-14T02:59:59Z,2025-01-16T02:59:59Z,5.53838070734,0.144794620413,2024-12-29,2025-01-04,2025-01-19T02:59:59Z,8,14,3.8827,2024-12-30,2025-01-05,2025-01-18T02:59:59Z,7,12,0.623931858657,2.279612566
anp.diesel_s10.revenda.br.mean,2025-01-19,2025-01-28T02:59:59Z,2026-08-14T23:52:49Z,6.17692930004,BRL/L,ANP,0,country,BR,Brasil,"{""aggregation"":""station-day median, then unweighted national mean"",""availability_basis"":""conservative_lag_proxy"",""availability_fallback"":""end of day 8 calendar days after reference Sunday"",""product"":""DIESEL S10"",""published_at"":null,""source_url"":""https://www.gov.br/anp/pt-br/centrais-de-conteudo/dados-abertos/serie-historica-de-precos-de-combustiveis"",""week_convention"":""W-SUN""}",2025-01-13,2025-01-19,6.17692930004,6.09,5.49,8.49,0.3602387456,2843,2843,339,27,False,True,6.06116,6.0322,6.1079,6.0609,0.469885621844,5,-0.583941605839,82.794,82.39,83.48,83.02,1.89184059407,5,4.08726178536,,0,conservative_lag_proxy,2025-01-28T02:59:59Z,2025-01-21T02:59:59Z,2025-01-23T02:59:59Z,5.53327353705,0.143405196813,2025-01-05,2025-01-11,2025-01-26T02:59:59Z,8,14,3.99135,2025-01-06,2025-01-12,2025-01-25T02:59:59Z,7,12,0.643655762982,2.18557930004
anp.diesel_s10.revenda.br.mean,2025-01-26,2025-02-04T02:59:59Z,2026-08-14T23:52:49Z,6.20010469436,BRL/L,ANP,0,country,BR,Brasil,"{""aggregation"":""station-day median, then unweighted national mean"",""availability_basis"":""conservative_lag_proxy"",""availability_fallback"":""end of day 8 calendar days after reference Sunday"",""product"":""DIESEL S10"",""published_at"":null,""source_url"":""https://www.gov.br/anp/pt-br/centrais-de-conteudo/dados-abertos/serie-historica-de-precos-de-combustiveis"",""week_convention"":""W-SUN""}",2025-01-20,2025-01-26,6.20010469436,6.09,5.47,8.99,0.360886140774,2961,2961,364,27,False,True,5.97872,5.8925,6.0498,5.8925,0.480698189351,5,-2.77846524444,79.916,78.62,81.68,78.71,0.765221383222,5,-5.19152011563,,0,conservative_lag_proxy,2025-02-04T02:59:59Z,2025-01-28T02:59:59Z,2025-01-30T02:59:59Z,5.54128657709,0.142293361105,2025-01-12,2025-01-18,2025-02-02T02:59:59Z,8,14,3.96959,2025-01-13,2025-01-19,2025-02-01T02:59:59Z,7,12,0.658818117266,2.23051469436
anp.diesel_s10.revenda.br.mean,2025-02-02,2025-02-11T02:59:59Z,2026-08-14T23:52:49Z,6.20770212766,BRL/L,ANP,0,country,BR,Brasil,"{""aggregation"":""station-day median, then unweighted national mean"",""availability_basis"":""conservative_lag_proxy"",""availability_fallback"":""end of day 8 calendar days after reference Sunday"",""product"":""DIESEL S10"",""published_at"":null,""source_url"":""https://www.gov.br/anp/pt-br/centrais-de-conteudo/dados-abertos/serie-historica-de-precos-de-combustiveis"",""week_convention"":""W-SUN""}",2025-01-27,2025-02-02,6.20770212766,6.14,5.19,8.99,0.351809446162,2820,2820,361,27,False,True,5.8821,5.8301,5.9272,5.8301,0.821215255828,5,-1.05897327111,77.372,77.02,78.01,77.11,1.1483429011,5,-2.03277855419,,0,conservative_lag_proxy,2025-02-11T02:59:59Z,2025-02-04T02:59:59Z,2025-02-06T02:59:59Z,5.55551001242,0.14634273864,2025-01-19,2025-01-25,2025-02-09T02:59:59Z,8,14,3.9247,2025-01-20,2025-01-26,2025-02-08T02:59:59Z,7,12,0.65219211524,2.28300212766
anp.diesel_s10.revenda.br.mean,2025-02-09,2025-02-18T02:59:59Z,2026-08-14T23:52:49Z,6.45670020819,BRL/L,ANP,0,country,BR,Brasil,"{""aggregation"":""station-day median, then unweighted national mean"",""availability_basis"":""conservative_lag_proxy"",""availability_fallback"":""end of day 8 calendar days after reference Sunday"",""product"":""DIESEL S10"",""published_at"":null,""source_url"":""https://www.gov.br/anp/pt-br/centrais-de-conteudo/dados-abertos/serie-historica-de-precos-de-combustiveis"",""week_convention"":""W-SUN""}",2025-02-03,2025-02-09,6.45670020819,6.39,5.54,8.69,0.34704940595,2882,2882,366,27,False,True,5.80048,5.7557,5.8687,5.7557,0.730168779635,5,-1.27613591534,75.4,74.54,76.58,74.68,1.08431670549,5,-3.15134223836,,0,conservative_lag_proxy,2025-02-18T02:59:59Z,2025-02-11T02:59:59Z,2025-02-13T02:59:59Z,5.5889800664,0.156711441416,2025-01-26,2025-02-01,2025-02-16T02:59:59Z,8,14,3.99641,2025-01-27,2025-02-02,2025-02-15T02:59:59Z,7,12,0.867720141789,2.46029020819
anp.diesel_s10.revenda.br.mean,2025-02-16,2025-02-25T02:59:59Z,2026-08-14T23:52:49Z,6.48836881868,BRL/L,ANP,0,country,BR,Brasil,"{""aggregation"":""station-day median, then unweighted national mean"",""availability_basis"":""conservative_lag_proxy"",""availability_fallback"":""end of day 8 calendar days after reference Sunday"",""product"":""DIESEL S10"",""published_at"":null,""source_url"":""https://www.gov.br/anp/pt-br/centrais-de-conteudo/dados-abertos/serie-historica-de-precos-de-combustiveis"",""week_convention"":""W-SUN""}",2025-02-10,2025-02-16,6.48836881868,6.39,5.68,8.99,0.351009611161,2912,2912,367,27,False,True,5.76756,5.7283,5.7808,5.7283,0.486313422921,5,-0.476049828865,76.012,75.19,77.65,75.19,2.03768356106,5,0.682913765399,,0,conservative_lag_proxy,2025-02-25T02:59:59Z,2025-02-18T02:59:59Z,2025-02-20T02:59:59Z,5.79512761077,0.139428056621,2025-02-02,2025-02-08,2025-02-23T02:59:59Z,8,14,4.12038,2025-02-03,2025-02-09,2025-02-22T02:59:59Z,7,12,0.693241207916,2.36798881868
anp.diesel_s10.revenda.br.mean,2025-02-23,2025-03-04T02:59:59Z,2026-08-14T23:52:49Z,6.49169357609,BRL/L,ANP,0,country,BR,Brasil,"{""aggregation"":""station-day median, then unweighted national mean"",""availability_basis"":""conservative_lag_proxy"",""availability_fallback"":""end of day 8 calendar days after reference Sunday"",""product"":""DIESEL S10"",""published_at"":null,""source_url"":""https://www.gov.br/anp/pt-br/centrais-de-conteudo/dados-abertos/serie-historica-de-precos-de-combustiveis"",""week_convention"":""W-SUN""}",2025-02-17,2025-02-23,6.49169357609,6.39,5.59,8.99,0.351385647235,2911,2911,371,27,False,True,5.70434,5.6979,5.7105,5.7027,0.197234905979,5,-0.446903968018,76.088,74.88,76.95,74.88,1.52379683318,5,-0.412288868201,,0,conservative_lag_proxy,2025-03-04T02:59:59Z,2025-02-25T02:59:59Z,2025-02-27T02:59:59Z,5.76530259905,0.143272233216,2025-02-09,2025-02-15,2025-03-02T02:59:59Z,8,14,4.08244,2025-02-10,2025-02-16,2025-03-01T02:59:59Z,7,12,0.726390977036,2.40925357609
anp.diesel_s10.revenda.br.mean,2025-03-02,2025-03-11T02:59:59Z,2026-08-14T23:52:49Z,6.47998652745,BRL/L,ANP,0,country,BR,Brasil,"{""aggregation"":""station-day median, then unweighted national mean"",""availability_basis"":""conservative_lag_proxy"",""availability_fallback"":""end of day 8 calendar days after reference Sunday"",""product"":""DIESEL S10"",""published_at"":null,""source_url"":""https://www.gov.br/anp/pt-br/centrais-de-conteudo/dados-abertos/serie-historica-de-precos-de-combustiveis"",""week_convention"":""W-SUN""}",2025-02-24,2025-03-02,6.47998652745,6.39,5.78,8.99,0.364499157663,2969,2969,378,27,False,True,5.7902,5.7258,5.8488,5.8488,0.377046812561,5,2.56194434215,74.252,73.11,75.01,74.76,1.60516538197,5,-0.160256410256,,0,conservative_lag_proxy,2025-03-11T02:59:59Z,2025-03-04T02:59:59Z,2025-03-06T02:59:59Z,5.73728529198,0.147124218134,2025-02-16,2025-02-22,2025-03-09T02:59:59Z,8,14,4.07714,2025-02-17,2025-02-23,2025-03-08T02:59:59Z,7,12,0.742701235473,2.40284652745
anp.diesel_s10.revenda.br.mean,2025-03-09,2025-03-18T02:59:59Z,2026-08-14T23:52:49Z,6.46711732207,BRL/L,ANP,0,country,BR,Brasil,"{""aggregation"":""station-day median, then unweighted national mean"",""availability_basis"":""conservative_lag_proxy"",""availability_fallback"":""end of day 8 calendar days after reference Sunday"",""product"":""DIESEL S10"",""published_at"":null,""source_url"":""https://www.gov.br/anp/pt-br/centrais-de-conteudo/dados-abertos/serie-historica-de-precos-de-combustiveis"",""week_convention"":""W-SUN""}",2025-03-03,2025-03-09,6.46711732207,6.39,5.78,8.99,0.35605971552,3077,3077,379,27,False,True,5.7697,5.7489,5.7914,5.7688,0.705935931596,3,-1.36780194228,71.93,70.92,72.85,72.49,1.79908272764,5,-3.03638309256,,0,conservative_lag_proxy,2025-03-18T02:59:59Z,2025-03-11T02:59:59Z,2025-03-13T02:59:59Z,5.71755157523,0.145638844355,2025-02-23,2025-03-01,2025-03-16T02:59:59Z,8,14,4.15564,2025-02-24,2025-03-02,2025-03-15T02:59:59Z,7,12,0.749565746841,2.31147732207
anp.diesel_s10.revenda.br.mean,2025-03-16,2025-03-25T02:59:59Z,2026-08-14T23:52:49Z,6.46511787819,BRL/L,ANP,0,country,BR,Brasil,"{""aggregation"":""station-day median, then unweighted national mean"",""availability_basis"":""conservative_lag_proxy"",""availability_fallback"":""end of day 8 calendar days after reference Sunday"",""product"":""DIESEL S10"",""published_at"":null,""source_url"":""https://www.gov.br/anp/pt-br/centrais-de-conteudo/dados-abertos/serie-historica-de-precos-de-combustiveis"",""week_convention"":""W-SUN""}",2025-03-10,2025-03-16,6.46511787819,6.39,5.68,8.99,0.350009455473,3054,3054,383,27,False,True,5.80188,5.7419,5.8346,5.7419,0.745554145316,5,-0.466301483844,71.542,70.82,72.36,71.94,1.76742918139,5,-0.758725341426,,0,conservative_lag_proxy,2025-03-25T02:59:59Z,2025-03-18T02:59:59Z,2025-03-20T02:59:59Z,5.71636679791,0.143501564593,2025-03-02,2025-03-08,2025-03-23T02:59:59Z,8,14,4.07292,2025-03-03,2025-03-09,2025-03-22T02:59:59Z,7,12,0.748751080283,2.39219787819
anp.diesel_s10.revenda.br.mean,2025-03-23,2025-04-01T02:59:59Z,2026-08-14T23:52:49Z,6.46374333333,BRL/L,ANP,0,country,BR,Brasil,"{""aggregation"":""station-day median, then unweighted national mean"",""availability_basis"":""conservative_lag_proxy"",""availability_fallback"":""end of day 8 calendar days after reference Sunday"",""product"":""DIESEL S10"",""published_at"":null,""source_url"":""https://www.gov.br/anp/pt-br/centrais-de-conteudo/dados-abertos/serie-historica-de-precos-de-combustiveis"",""week_convention"":""W-SUN""}",2025-03-17,2025-03-23,6.46374333333,6.39,5.78,8.99,0.362539329881,3000,3000,382,27,False,True,5.6892,5.6628,5.7241,5.7241,0.66721740744,5,-0.310001915742,72.21,71.93,72.64,72.64,0.412390150124,5,0.973033083125,,0,conservative_lag_proxy,2025-04-01T02:59:59Z,2025-03-25T02:59:59Z,2025-03-27T02:59:59Z,5.68408920185,0.155771817973,2025-03-09,2025-03-15,2025-03-30T02:59:59Z,8,14,4.11601,2025-03-10,2025-03-16,2025-03-29T02:59:59Z,7,12,0.779654131484,2.34773333333
anp.diesel_s10.revenda.br.mean,2025-03-30,2025-04-08T02:59:59Z,2026-08-14T23:52:49Z,6.44248943776,BRL/L,ANP,0,country,BR,Brasil,"{""aggregation"":""station-day median, then unweighted national mean"",""availability_basis"":""conservative_lag_proxy"",""availability_fallback"":""end of day 8 calendar days after reference Sunday"",""product"":""DIESEL S10"",""published_at"":null,""source_url"":""https://www.gov.br/anp/pt-br/centrais-de-conteudo/dados-abertos/serie-historica-de-precos-de-combustiveis"",""week_convention"":""W-SUN""}",2025-03-24,2025-03-30,6.44248943776,6.39,5.69,8.99,0.349473006052,3077,3077,390,27,False,True,5.73654,5.6992,5.766,5.766,0.492985124636,5,0.731992802362,74.35,73.78,74.72,74.69,0.873134723153,5,2.82213656388,,0,conservative_lag_proxy,2025-04-08T02:59:59Z,2025-04-01T02:59:59Z,2025-04-03T02:59:59Z,5.64710266831,0.167517298601,2025-03-16,2025-03-22,2025-04-06T02:59:59Z,8,14,4.07528,2025-03-17,2025-03-23,2025-04-05T02:59:59Z,7,12,0.795386769454,2.36720943776
anp.diesel_s10.revenda.br.mean,2025-04-06,2025-04-15T02:59:59Z,2026-08-14T23:52:49Z,6.4303803056,BRL/L,ANP,0,country,BR,Brasil,"{""aggregation"":""station-day median, then unweighted national mean"",""availability_basis"":""conservative_lag_proxy"",""availability_fallback"":""end of day 8 calendar days after reference Sunday"",""product"":""DIESEL S10"",""published_at"":null,""source_url"":""https://www.gov.br/anp/pt-br/centrais-de-conteudo/dados-abertos/serie-historica-de-precos-de-combustiveis"",""week_convention"":""W-SUN""}",2025-03-31,2025-04-06,6.4303803056,6.39,5.59,8.99,0.366914728266,2945,2945,372,27,False,True,5.7048,5.6067,5.7777,5.7777,1.74554596328,5,0.202913631634,74.636,68.36,77.78,68.36,4.15260996908,5,-8.47503012451,,0,conservative_lag_proxy,2025-04-15T02:59:59Z,2025-04-08T02:59:59Z,2025-04-10T02:59:59Z,5.61242138134,0.173788546762,2025-03-23,2025-03-29,2025-04-13T02:59:59Z,8,14,4.0965,2025-03-24,2025-03-30,2025-04-12T02:59:59Z,7,12,0.817958924264,2.3338803056
anp.diesel_s10.revenda.br.mean,2025-04-13,2025-04-22T02:59:59Z,2026-08-14T23:52:49Z,6.37965252255,BRL/L,ANP,0,country,BR,Brasil,"{""aggregation"":""station-day median, then unweighted national mean"",""availability_basis"":""conservative_lag_proxy"",""availability_fallback"":""end of day 8 calendar days after reference Sunday"",""product"":""DIESEL S10"",""published_at"":null,""source_url"":""https://www.gov.br/anp/pt-br/centrais-de-conteudo/dados-abertos/serie-historica-de-precos-de-combustiveis"",""week_convention"":""W-SUN""}",2025-04-07,2025-04-13,6.37965252255,6.34,5.58,8.99,0.381341671114,2993,2993,377,27,False,True,5.93404,5.8737,6.0605,5.8737,1.90531381666,5,1.6615608287,66.098,64.86,67.3,66.83,3.19568832685,5,-2.23815096548,,0,conservative_lag_proxy,2025-04-22T02:59:59Z,2025-04-15T02:59:59Z,2025-04-17T02:59:59Z,5.52691136003,0.16484609868,2025-03-30,2025-04-05,2025-04-20T02:59:59Z,8,14,3.99979,2025-03-31,2025-04-06,2025-04-19T02:59:59Z,7,12,0.852741162523,2.37986252255
anp.diesel_s10.revenda.br.mean,2025-04-20,2025-04-29T02:59:59Z,2026-08-14T23:52:49Z,6.34384716733,BRL/L,ANP,0,country,BR,Brasil,"{""aggregation"":""station-day median, then unweighted national mean"",""availability_basis"":""conservative_lag_proxy"",""availability_fallback"":""end of day 8 calendar days after reference Sunday"",""product"":""DIESEL S10"",""published_at"":null,""source_url"":""https://www.gov.br/anp/pt-br/centrais-de-conteudo/dados-abertos/serie-historica-de-precos-de-combustiveis"",""week_convention"":""W-SUN""}",2025-04-14,2025-04-20,6.34384716733,6.29,5.49,8.99,0.397961554312,3036,3036,383,27,False,True,5.862475,5.8425,5.8808,5.8559,0.483569125747,4,-0.303045780343,67.7575,66.58,69.33,69.33,1.41092512296,4,3.74083495436,,0,conservative_lag_proxy,2025-04-29T02:59:59Z,2025-04-22T02:59:59Z,2025-04-24T02:59:59Z,5.46268837631,0.176861713415,2025-04-06,2025-04-12,2025-04-27T02:59:59Z,8,14,3.94721,2025-04-07,2025-04-13,2025-04-26T02:59:59Z,7,12,0.881158791013,2.39663716733
anp.diesel_s10.revenda.br.mean,2025-04-27,2025-05-06T02:59:59Z,2026-08-14T23:52:49Z,6.31302555366,BRL/L,ANP,0,country,BR,Brasil,"{""aggregation"":""station-day median, then unweighted national mean"",""availability_basis"":""conservative_lag_proxy"",""availability_fallback"":""end of day 8 calendar days after reference Sunday"",""product"":""DIESEL S10"",""published_at"":null,""source_url"":""https://www.gov.br/anp/pt-br/centrais-de-conteudo/dados-abertos/serie-historica-de-precos-de-combustiveis"",""week_convention"":""W-SUN""}",2025-04-21,2025-04-27,6.31302555366,6.29,5.47,8.99,0.396800742529,2935,2935,373,27,False,True,5.699,5.6738,5.7496,5.6846,0.889184429603,4,-2.92525487116,67.92,66.99,68.93,66.99,0.236399350258,4,-3.37516226742,,0,conservative_lag_proxy,2025-05-06T02:59:59Z,2025-04-29T02:59:59Z,2025-05-01T02:59:59Z,5.42528860581,0.177695832154,2025-04-13,2025-04-19,2025-05-04T02:59:59Z,8,14,3.8413,2025-04-14,2025-04-20,2025-05-03T02:59:59Z,7,12,0.887736947853,2.47172555366
anp.diesel_s10.revenda.br.mean,2025-05-04,2025-05-13T02:59:59Z,2026-08-14T23:52:49Z,6.28486522025,BRL/L,ANP,0,country,BR,Brasil,"{""aggregation"":""station-day median, then unweighted national mean"",""availability_basis"":""conservative_lag_proxy"",""availability_fallback"":""end of day 8 calendar days after reference Sunday"",""product"":""DIESEL S10"",""published_at"":null,""source_url"":""https://www.gov.br/anp/pt-br/centrais-de-conteudo/dados-abertos/serie-historica-de-precos-de-combustiveis"",""week_convention"":""W-SUN""}",2025-04-28,2025-05-04,6.28486522025,6.255,5.44,8.99,0.414134595174,3042,3042,376,27,False,True,5.65375,5.6394,5.6681,5.6394,0.301992345965,4,-0.795130704007,63.496,61.57,66.13,61.57,0.854132678711,5,-8.0907598149,,0,conservative_lag_proxy,2025-05-13T02:59:59Z,2025-05-06T02:59:59Z,2025-05-08T02:59:59Z,5.37291038462,0.17310359204,2025-04-20,2025-04-26,2025-05-11T02:59:59Z,8,14,3.81589,2025-04-21,2025-04-27,2025-05-10T02:59:59Z,7,12,0.911954835629,2.46897522025
anp.diesel_s10.revenda.br.mean,2025-05-11,2025-05-20T02:59:59Z,2026-08-14T23:52:49Z,6.25255170113,BRL/L,ANP,0,country,BR,Brasil,"{""aggregation"":""station-day median, then unweighted national mean"",""availability_basis"":""conservative_lag_proxy"",""availability_fallback"":""end of day 8 calendar days after reference Sunday"",""product"":""DIESEL S10"",""published_at"":null,""source_url"":""https://www.gov.br/anp/pt-br/centrais-de-conteudo/dados-abertos/serie-historica-de-precos-de-combustiveis"",""week_convention"":""W-SUN""}",2025-05-05,2025-05-11,6.25255170113,6.19,5.29,8.99,0.413991121254,2998,2998,375,27,False,True,5.68952,5.6511,5.7375,5.6511,0.836078290998,5,0.207468879668,62.29,60.31,64.26,64.26,3.07915604332,4,4.36901088192,,0,conservative_lag_proxy,2025-05-20T02:59:59Z,2025-05-13T02:59:59Z,2025-05-15T02:59:59Z,5.34904733946,0.16191856763,2025-04-27,2025-05-03,2025-05-18T02:59:59Z,8,14,3.83628,2025-04-28,2025-05-04,2025-05-17T02:59:59Z,7,12,0.903504361678,2.41627170113
anp.diesel_s10.revenda.br.mean,2025-05-18,2025-05-27T02:59:59Z,2026-08-14T23:52:49Z,6.20280201342,BRL/L,ANP,0,country,BR,Brasil,"{""aggregation"":""station-day median, then unweighted national mean"",""availability_basis"":""conservative_lag_proxy"",""availability_fallback"":""end of day 8 calendar days after reference Sunday"",""product"":""DIESEL S10"",""published_at"":null,""source_url"":""https://www.gov.br/anp/pt-br/centrais-de-conteudo/dados-abertos/serie-historica-de-precos-de-combustiveis"",""week_convention"":""W-SUN""}",2025-05-12,2025-05-18,6.20280201342,6.17,5.29,8.99,0.415481901979,2980,2980,376,27,False,True,5.64874,5.61,5.6925,5.6925,0.79609794092,5,0.732600732601,65.536,64.36,66.93,65.2,2.12058671847,5,1.46280734516,,0,conservative_lag_proxy,2025-05-27T02:59:59Z,2025-05-20T02:59:59Z,2025-05-22T02:59:59Z,5.25475163373,0.168317575961,2025-05-04,2025-05-10,2025-05-25T02:59:59Z,8,14,3.69303,2025-05-05,2025-05-11,2025-05-24T02:59:59Z,7,12,0.94805037969,2.50977201342
anp.diesel_s10.revenda.br.mean,2025-05-25,2025-06-03T02:59:59Z,2026-08-14T23:52:49Z,6.16283327765,BRL/L,ANP,0,country,BR,Brasil,"{""aggregation"":""station-day median, then unweighted national mean"",""availability_basis"":""conservative_lag_proxy"",""availability_fallback"":""end of day 8 calendar days after reference Sunday"",""product"":""DIESEL S10"",""published_at"":null,""source_url"":""https://www.gov.br/anp/pt-br/centrais-de-conteudo/dados-abertos/serie-historica-de-precos-de-combustiveis"",""week_convention"":""W-SUN""}",2025-05-19,2025-05-25,6.16283327765,6.09,5.28,8.99,0.427723412322,2993,2993,371,27,False,True,5.66208,5.639,5.6932,5.6932,0.587474760926,5,0.0122968818621,65.864,64.87,66.93,65.41,1.51065635362,5,0.322085889571,,0,conservative_lag_proxy,2025-06-03T02:59:59Z,2025-05-27T02:59:59Z,2025-05-29T02:59:59Z,5.21150306674,0.167596732755,2025-05-11,2025-05-17,2025-06-01T02:59:59Z,8,14,3.64906,2025-05-12,2025-05-18,2025-05-31T02:59:59Z,7,12,0.951330210904,2.51377327765
anp.diesel_s10.revenda.br.mean,2025-06-01,2025-06-10T02:59:59Z,2026-08-14T23:52:49Z,6.13179512846,BRL/L,ANP,0,country,BR,Brasil,"{""aggregation"":""station-day median, then unweighted national mean"",""availability_basis"":""conservative_lag_proxy"",""availability_fallback"":""end of day 8 calendar days after reference Sunday"",""product"":""DIESEL S10"",""published_at"":null,""source_url"":""https://www.gov.br/anp/pt-br/centrais-de-conteudo/dados-abertos/serie-historica-de-precos-de-combustiveis"",""week_convention"":""W-SUN""}",2025-05-26,2025-06-01,6.13179512846,5.99,5.28,8.99,0.434397877632,2997,2997,377,27,False,True,5.6748,5.6539,5.7087,5.7087,0.726160570109,5,0.272254619546,64.74,64.32,65.72,64.32,1.82067938875,4,-1.66641186363,,0,conservative_lag_proxy,2025-06-10T02:59:59Z,2025-06-03T02:59:59Z,2025-06-05T02:59:59Z,5.19241616001,0.170142342503,2025-05-18,2025-05-24,2025-06-08T02:59:59Z,8,14,3.64504,2025-05-19,2025-05-25,2025-06-07T02:59:59Z,7,12,0.939378968456,2.48675512846
anp.diesel_s10.revenda.br.mean,2025-06-08,2025-06-17T02:59:59Z,2026-08-14T23:52:49Z,6.11707765668,BRL/L,ANP,0,country,BR,Brasil,"{""aggregation"":""station-day median, then unweighted national mean"",""availability_basis"":""conservative_lag_proxy"",""availability_fallback"":""end of day 8 calendar days after reference Sunday"",""product"":""DIESEL S10"",""published_at"":null,""source_url"":""https://www.gov.br/anp/pt-br/centrais-de-conteudo/dados-abertos/serie-historica-de-precos-de-combustiveis"",""week_convention"":""W-SUN""}",2025-06-02,2025-06-08,6.11707765668,5.99,5.23,8.99,0.431947582746,2936,2936,370,27,False,True,5.63758,5.5947,5.6937,5.5947,0.257993581402,5,-1.9969520206,67.176,66.55,68.02,68.02,1.66330254984,5,5.75248756219,,0,conservative_lag_proxy,2025-06-17T02:59:59Z,2025-06-10T02:59:59Z,2025-06-12T02:59:59Z,5.17394706764,0.172015109502,2025-05-25,2025-05-31,2025-06-15T02:59:59Z,8,14,3.66461,2025-05-26,2025-06-01,2025-06-14T02:59:59Z,7,12,0.943130589034,2.45246765668
anp.diesel_s10.revenda.br.mean,2025-06-15,2025-06-24T02:59:59Z,2026-08-14T23:52:49Z,6.08551488197,BRL/L,ANP,0,country,BR,Brasil,"{""aggregation"":""station-day median, then unweighted national mean"",""availability_basis"":""conservative_lag_proxy"",""availability_fallback"":""end of day 8 calendar days after reference Sunday"",""product"":""DIESEL S10"",""published_at"":null,""source_url"":""https://www.gov.br/anp/pt-br/centrais-de-conteudo/dados-abertos/serie-historica-de-precos-de-combustiveis"",""week_convention"":""W-SUN""}",2025-06-09,2025-06-15,6.08551488197,5.99,5.19,8.99,0.421685894802,2923,2923,368,27,False,True,5.55494,5.5388,5.576,5.5652,0.35584533226,5,-0.52728475164,71.054,68.41,76,76,3.40242917983,5,11.7318435754,,0,conservative_lag_proxy,2025-06-24T02:59:59Z,2025-06-17T02:59:59Z,2025-06-19T02:59:59Z,5.19817231789,0.157111797803,2025-06-01,2025-06-07,2025-06-22T02:59:59Z,8,14,3.63171,2025-06-02,2025-06-08,2025-06-21T02:59:59Z,7,12,0.887342564081,2.45380488197
anp.diesel_s10.revenda.br.mean,2025-06-22,2025-07-01T02:59:59Z,2026-08-14T23:52:49Z,6.08724079127,BRL/L,ANP,0,country,BR,Brasil,"{""aggregation"":""station-day median, then unweighted national mean"",""availability_basis"":""conservative_lag_proxy"",""availability_fallback"":""end of day 8 calendar days after reference Sunday"",""product"":""DIESEL S10"",""published_at"":null,""source_url"":""https://www.gov.br/anp/pt-br/centrais-de-conteudo/dados-abertos/serie-historica-de-precos-de-combustiveis"",""week_convention"":""W-SUN""}",2025-06-16,2025-06-22,6.08724079127,5.99,5.23,8.99,0.437842317412,2932,2932,361,27,False,True,5.4933,5.4773,5.5123,5.4957,0.569745284517,4,-1.2488320276,78.246,75.05,80.37,78.73,2.88292589918,5,3.59210526316,,0,conservative_lag_proxy,2025-07-01T02:59:59Z,2025-06-24T02:59:59Z,2025-06-26T02:59:59Z,5.19085162131,0.158594919542,2025-06-08,2025-06-14,2025-06-29T02:59:59Z,8,14,3.69715,2025-06-09,2025-06-15,2025-06-28T02:59:59Z,7,12,0.896389169957,2.39009079127
anp.diesel_s10.revenda.br.mean,2025-06-29,2025-07-08T02:59:59Z,2026-08-14T23:52:49Z,6.09794478528,BRL/L,ANP,0,country,BR,Brasil,"{""aggregation"":""station-day median, then unweighted national mean"",""availability_basis"":""conservative_lag_proxy"",""availability_fallback"":""end of day 8 calendar days after reference Sunday"",""product"":""DIESEL S10"",""published_at"":null,""source_url"":""https://www.gov.br/anp/pt-br/centrais-de-conteudo/dados-abertos/serie-historica-de-precos-de-combustiveis"",""week_convention"":""W-SUN""}",2025-06-23,2025-06-29,6.09794478528,5.99,5.33,8.99,0.414541554813,2934,2934,368,27,False,True,5.50964,5.4759,5.5427,5.4759,0.703832138653,5,-0.360281674764,69.962,68.4,74.34,69.37,3.63511298075,5,-11.8887336466,,0,conservative_lag_proxy,2025-07-08T02:59:59Z,2025-07-01T02:59:59Z,2025-07-03T02:59:59Z,5.24670549238,0.1460309623,2025-06-15,2025-06-21,2025-07-06T02:59:59Z,8,14,3.69004938744,2025-06-16,2025-06-22,2025-07-05T02:59:59Z,7,12,0.851239292893,2.40789539784
anp.diesel_s10.revenda.br.mean,2025-07-06,2025-07-15T02:59:59Z,2026-08-14T23:52:49Z,6.10095445412,BRL/L,ANP,0,country,BR,Brasil,"{""aggregation"":""station-day median, then unweighted national mean"",""availability_basis"":""conservative_lag_proxy"",""availability_fallback"":""end of day 8 calendar days after reference Sunday"",""product"":""DIESEL S10"",""published_at"":null,""source_url"":""https://www.gov.br/anp/pt-br/centrais-de-conteudo/dados-abertos/serie-historica-de-precos-de-combustiveis"",""week_convention"":""W-SUN""}",2025-06-30,2025-07-06,6.10095445412,5.99,5.29,8.99,0.41862036299,2986,2986,371,27,False,True,5.43784,5.409,5.4571,5.409,0.216416915316,5,-1.22171697803,69.606,67.63,71.03,71.03,2.52185559125,5,2.39296525876,,0,conservative_lag_proxy,2025-07-15T02:59:59Z,2025-07-08T02:59:59Z,2025-07-10T02:59:59Z,5.29304379863,0.139523260809,2025-06-22,2025-06-28,2025-07-13T02:59:59Z,8,14,3.64599,2025-06-23,2025-06-29,2025-07-12T02:59:59Z,7,12,0.807910655492,2.45496445412
anp.diesel_s10.revenda.br.mean,2025-07-13,2025-07-22T02:59:59Z,2026-08-14T23:52:49Z,6.09263576617,BRL/L,ANP,0,country,BR,Brasil,"{""aggregation"":""station-day median, then unweighted national mean"",""availability_basis"":""conservative_lag_proxy"",""availability_fallback"":""end of day 8 calendar days after reference Sunday"",""product"":""DIESEL S10"",""published_at"":null,""source_url"":""https://www.gov.br/anp/pt-br/centrais-de-conteudo/dados-abertos/serie-historica-de-precos-de-combustiveis"",""week_convention"":""W-SUN""}",2025-07-07,2025-07-13,6.09263576617,5.99,5.29,8.99,0.416895145622,2891,2891,362,27,False,True,5.49808,5.4552,5.5722,5.5722,0.593519661205,5,3.01719356628,71.774,70.38,72.5,72.06,1.80009707379,5,1.45009151063,,0,conservative_lag_proxy,2025-07-22T02:59:59Z,2025-07-15T02:59:59Z,2025-07-17T02:59:59Z,5.2672290016,0.1393152522,2025-06-29,2025-07-05,2025-07-20T02:59:59Z,8,14,3.65965,2025-06-30,2025-07-06,2025-07-19T02:59:59Z,7,12,0.825406764568,2.43298576617
anp.diesel_s10.revenda.br.mean,2025-07-20,2025-07-29T02:59:59Z,2026-08-14T23:52:49Z,6.10172229089,BRL/L,ANP,0,country,BR,Brasil,"{""aggregation"":""station-day median, then unweighted national mean"",""availability_basis"":""conservative_lag_proxy"",""availability_fallback"":""end of day 8 calendar days after reference Sunday"",""product"":""DIESEL S10"",""published_at"":null,""source_url"":""https://www.gov.br/anp/pt-br/centrais-de-conteudo/dados-abertos/serie-historica-de-precos-de-combustiveis"",""week_convention"":""W-SUN""}",2025-07-14,2025-07-20,6.10172229089,5.99,5.29,8.99,0.430857769441,2427,2427,279,27,False,True,5.56192,5.5466,5.5737,5.5466,0.281591973931,5,-0.459423566993,70.656,69.67,71.32,71.06,1.53155400545,5,-1.38773244518,,0,conservative_lag_proxy,2025-07-29T02:59:59Z,2025-07-22T02:59:59Z,2025-07-24T02:59:59Z,5.25886797946,0.136778742263,2025-07-06,2025-07-12,2025-07-27T02:59:59Z,8,14,3.71062,2025-07-07,2025-07-13,2025-07-26T02:59:59Z,7,12,0.842854311437,2.39110229089
anp.diesel_s10.revenda.br.mean,2025-07-27,2025-08-05T02:59:59Z,2026-08-14T23:52:49Z,6.10074027073,BRL/L,ANP,0,country,BR,Brasil,"{""aggregation"":""station-day median, then unweighted national mean"",""availability_basis"":""conservative_lag_proxy"",""availability_fallback"":""end of day 8 calendar days after reference Sunday"",""product"":""DIESEL S10"",""published_at"":null,""source_url"":""https://www.gov.br/anp/pt-br/centrais-de-conteudo/dados-abertos/serie-historica-de-precos-de-combustiveis"",""week_convention"":""W-SUN""}",2025-07-21,2025-07-27,6.10074027073,5.99,5.29,8.99,0.426017988473,2364,2364,274,27,False,True,5.55072,5.5239,5.5709,5.5426,0.387900721405,5,-0.0721162513972,70.086,69.17,71.92,69.23,2.03024639293,5,-2.5752884886,,0,conservative_lag_proxy,2025-08-05T02:59:59Z,2025-07-29T02:59:59Z,2025-07-31T02:59:59Z,5.26817005956,0.136282325419,2025-07-13,2025-07-19,2025-08-03T02:59:59Z,8,14,3.63116,2025-07-14,2025-07-20,2025-08-02T02:59:59Z,7,12,0.832570211164,2.46958027073
anp.diesel_s10.revenda.br.mean,2025-08-03,2025-08-12T02:59:59Z,2026-08-14T23:52:49Z,6.10150190921,BRL/L,ANP,0,country,BR,Brasil,"{""aggregation"":""station-day median, then unweighted national mean"",""availability_basis"":""conservative_lag_proxy"",""availability_fallback"":""end of day 8 calendar days after reference Sunday"",""product"":""DIESEL S10"",""published_at"":null,""source_url"":""https://www.gov.br/anp/pt-br/centrais-de-conteudo/dados-abertos/serie-historica-de-precos-de-combustiveis"",""week_convention"":""W-SUN""}",2025-07-28,2025-08-03,6.10150190921,5.99,5.09,8.99,0.4155791892,2357,2357,271,27,False,True,5.58264,5.5436,5.6034,5.5436,0.712087431419,5,0.0180420741168,72.408,70.55,73.98,70.55,2.85960564608,5,1.90668785209,,0,conservative_lag_proxy,2025-08-12T02:59:59Z,2025-08-05T02:59:59Z,2025-08-07T02:59:59Z,5.30425160354,0.133540637645,2025-07-20,2025-07-26,2025-08-10T02:59:59Z,8,14,3.6696,2025-07-21,2025-07-27,2025-08-09T02:59:59Z,7,12,0.797250305665,2.43190190921
anp.diesel_s10.revenda.br.mean,2025-08-10,2025-08-19T02:59:59Z,2026-08-14T23:52:49Z,6.11730496454,BRL/L,ANP,0,country,BR,Brasil,"{""aggregation"":""station-day median, then unweighted national mean"",""availability_basis"":""conservative_lag_proxy"",""availability_fallback"":""end of day 8 calendar days after reference Sunday"",""product"":""DIESEL S10"",""published_at"":null,""source_url"":""https://www.gov.br/anp/pt-br/centrais-de-conteudo/dados-abertos/serie-historica-de-precos-de-combustiveis"",""week_convention"":""W-SUN""}",2025-08-04,2025-08-10,6.11730496454,5.99,5.19,8.99,0.397353930528,2397,2397,279,27,False,True,5.47852,5.4254,5.5119,5.4254,0.287341624011,5,-2.13218846959,68.166,66.99,69.56,67.17,0.806271772827,5,-4.79092841956,,0,conservative_lag_proxy,2025-08-19T02:59:59Z,2025-08-12T02:59:59Z,2025-08-14T02:59:59Z,5.36652347056,0.135574329532,2025-07-27,2025-08-02,2025-08-17T02:59:59Z,8,14,3.66677,2025-07-28,2025-08-03,2025-08-16T02:59:59Z,7,12,0.750781493975,2.45053496454
anp.diesel_s10.revenda.br.mean,2025-08-17,2025-08-26T02:59:59Z,2026-08-14T23:52:49Z,6.12400838574,BRL/L,ANP,0,country,BR,Brasil,"{""aggregation"":""station-day median, then unweighted national mean"",""availability_basis"":""conservative_lag_proxy"",""availability_fallback"":""end of day 8 calendar days after reference Sunday"",""product"":""DIESEL S10"",""published_at"":null,""source_url"":""https://www.gov.br/anp/pt-br/centrais-de-conteudo/dados-abertos/serie-historica-de-precos-de-combustiveis"",""week_convention"":""W-SUN""}",2025-08-11,2025-08-17,6.12400838574,5.99,5.39,9.29,0.399531331893,2385,2385,273,27,False,True,5.40952,5.3928,5.4473,5.3928,0.482867411346,5,-0.600877354665,67.166,66.25,68.12,67.3,1.64721014287,5,0.193538782194,,0,conservative_lag_proxy,2025-08-26T02:59:59Z,2025-08-19T02:59:59Z,2025-08-21T02:59:59Z,5.39713832877,0.127802711235,2025-08-03,2025-08-09,2025-08-24T02:59:59Z,8,14,3.68232352385,2025-08-04,2025-08-10,2025-08-23T02:59:59Z,7,12,0.726870056978,2.4416848619
anp.diesel_s10.revenda.br.mean,2025-08-24,2025-09-02T02:59:59Z,2026-08-14T23:52:49Z,6.13038011696,BRL/L,ANP,0,country,BR,Brasil,"{""aggregation"":""station-day median, then unweighted national mean"",""availability_basis"":""conservative_lag_proxy"",""availability_fallback"":""end of day 8 calendar days after reference Sunday"",""product"":""DIESEL S10"",""published_at"":null,""source_url"":""https://www.gov.br/anp/pt-br/centrais-de-conteudo/dados-abertos/serie-historica-de-precos-de-combustiveis"",""week_convention"":""W-SUN""}",2025-08-18,2025-08-24,6.13038011696,5.99,5.39,9.29,0.425275778421,2394,2394,276,27,False,True,5.45634,5.4155,5.4828,5.4392,0.664764984905,5,0.860406467883,67.822,66.62,68.41,68.29,1.59107581664,5,1.47102526003,,0,conservative_lag_proxy,2025-09-02T02:59:59Z,2025-08-26T02:59:59Z,2025-08-28T02:59:59Z,5.38412072019,0.127568717301,2025-08-10,2025-08-16,2025-08-31T02:59:59Z,8,14,3.69574,2025-08-11,2025-08-17,2025-08-30T02:59:59Z,7,12,0.746259396764,2.43464011696
anp.diesel_s10.revenda.br.mean,2025-08-31,2025-09-09T02:59:59Z,2026-08-14T23:52:49Z,6.12335634167,BRL/L,ANP,0,country,BR,Brasil,"{""aggregation"":""station-day median, then unweighted national mean"",""availability_basis"":""conservative_lag_proxy"",""availability_fallback"":""end of day 8 calendar days after reference Sunday"",""product"":""DIESEL S10"",""published_at"":null,""source_url"":""https://www.gov.br/anp/pt-br/centrais-de-conteudo/dados-abertos/serie-historica-de-precos-de-combustiveis"",""week_convention"":""W-SUN""}",2025-08-25,2025-08-31,6.12335634167,5.99,5.39,9.29,0.414994572642,2318,2318,266,27,False,True,5.42398,5.4115,5.4428,5.4264,0.422199515923,5,-0.235328724812,67.77,66.89,68.61,67.83,1.6989976212,4,-0.673597891346,,0,conservative_lag_proxy,2025-09-09T02:59:59Z,2025-09-02T02:59:59Z,2025-09-04T02:59:59Z,5.36299471958,0.134522035437,2025-08-17,2025-08-23,2025-09-07T02:59:59Z,8,14,3.76269,2025-08-18,2025-08-24,2025-09-06T02:59:59Z,7,12,0.760361622095,2.36066634167
anp.diesel_s10.revenda.br.mean,2025-09-07,2025-09-16T02:59:59Z,2026-08-14T23:52:49Z,6.12454344949,BRL/L,ANP,0,country,BR,Brasil,"{""aggregation"":""station-day median, then unweighted national mean"",""availability_basis"":""conservative_lag_proxy"",""availability_fallback"":""end of day 8 calendar days after reference Sunday"",""product"":""DIESEL S10"",""published_at"":null,""source_url"":""https://www.gov.br/anp/pt-br/centrais-de-conteudo/dados-abertos/serie-historica-de-precos-de-combustiveis"",""week_convention"":""W-SUN""}",2025-09-01,2025-09-07,6.12454344949,5.99,5.39,9.29,0.418403008925,2267,2267,264,27,False,True,5.44196,5.3968,5.468,5.3968,0.660077979537,5,-0.545481350435,66.854,64.92,68.09,64.92,1.49296450581,5,-4.29013710747,,0,conservative_lag_proxy,2025-09-16T02:59:59Z,2025-09-09T02:59:59Z,2025-09-11T02:59:59Z,5.34619865507,0.138052051014,2025-08-24,2025-08-30,2025-09-14T02:59:59Z,8,14,3.75479,2025-08-25,2025-08-31,2025-09-13T02:59:59Z,7,12,0.778344794418,2.36975344949
anp.diesel_s10.revenda.br.mean,2025-09-14,2025-09-23T02:59:59Z,2026-08-14T23:52:49Z,6.11933333333,BRL/L,ANP,0,country,BR,Brasil,"{""aggregation"":""station-day median, then unweighted national mean"",""availability_basis"":""conservative_lag_proxy"",""availability_fallback"":""end of day 8 calendar days after reference Sunday"",""product"":""DIESEL S10"",""published_at"":null,""source_url"":""https://www.gov.br/anp/pt-br/centrais-de-conteudo/dados-abertos/serie-historica-de-precos-de-combustiveis"",""week_convention"":""W-SUN""}",2025-09-08,2025-09-14,6.11933333333,5.99,5.39,9.29,0.415791081118,2430,2430,291,27,False,True,5.40428,5.3677,5.4278,5.3677,0.420278170475,5,-0.539208419804,67.23,65.44,67.97,67.87,1.7961389168,5,4.54405422058,,0,conservative_lag_proxy,2025-09-23T02:59:59Z,2025-09-16T02:59:59Z,2025-09-18T02:59:59Z,5.34837844714,0.126521075221,2025-08-31,2025-09-06,2025-09-21T02:59:59Z,8,14,3.74975,2025-09-01,2025-09-07,2025-09-20T02:59:59Z,7,12,0.770954886189,2.36958333333
anp.diesel_s10.revenda.br.mean,2025-09-21,2025-09-30T02:59:59Z,2026-08-14T23:52:49Z,6.11049206995,BRL/L,ANP,0,country,BR,Brasil,"{""aggregation"":""station-day median, then unweighted national mean"",""availability_basis"":""conservative_lag_proxy"",""availability_fallback"":""end of day 8 calendar days after reference Sunday"",""product"":""DIESEL S10"",""published_at"":null,""source_url"":""https://www.gov.br/anp/pt-br/centrais-de-conteudo/dados-abertos/serie-historica-de-precos-de-combustiveis"",""week_convention"":""W-SUN""}",2025-09-15,2025-09-21,6.11049206995,5.99,5.34,9.29,0.420603572952,2459,2459,295,27,False,True,5.31202,5.301,5.3276,5.3276,0.493541355764,5,-0.747061124877,68.328,67.05,69.69,67.05,1.7709916936,5,-1.20819213202,,0,conservative_lag_proxy,2025-09-30T02:59:59Z,2025-09-23T02:59:59Z,2025-09-25T02:59:59Z,5.34423343614,0.128517406304,2025-09-07,2025-09-13,2025-09-28T02:59:59Z,8,14,3.62588,2025-09-08,2025-09-14,2025-09-27T02:59:59Z,7,12,0.766258633803,2.48461206995
anp.diesel_s10.revenda.br.mean,2025-09-28,2025-10-07T02:59:59Z,2026-08-14T23:52:49Z,6.11855608079,BRL/L,ANP,0,country,BR,Brasil,"{""aggregation"":""station-day median, then unweighted national mean"",""availability_basis"":""conservative_lag_proxy"",""availability_fallback"":""end of day 8 calendar days after reference Sunday"",""product"":""DIESEL S10"",""published_at"":null,""source_url"":""https://www.gov.br/anp/pt-br/centrais-de-conteudo/dados-abertos/serie-historica-de-precos-de-combustiveis"",""week_convention"":""W-SUN""}",2025-09-22,2025-09-28,6.11855608079,5.99,5.39,9.29,0.426744433917,2327,2327,281,27,False,True,5.33004,5.3063,5.3457,5.3445,0.4987909119,5,0.317216007208,69.22,66.87,71.15,71.15,1.00269497231,5,6.11483967189,,0,conservative_lag_proxy,2025-10-07T02:59:59Z,2025-09-30T02:59:59Z,2025-10-02T02:59:59Z,5.34361950801,0.128153996648,2025-09-14,2025-09-20,2025-10-05T02:59:59Z,8,14,3.71169,2025-09-15,2025-09-21,2025-10-04T02:59:59Z,7,12,0.774936572777,2.40686608079
anp.diesel_s10.revenda.br.mean,2025-10-05,2025-10-14T02:59:59Z,2026-08-14T23:52:49Z,6.11201245621,BRL/L,ANP,0,country,BR,Brasil,"{""aggregation"":""station-day median, then unweighted national mean"",""availability_basis"":""conservative_lag_proxy"",""availability_fallback"":""end of day 8 calendar days after reference Sunday"",""product"":""DIESEL S10"",""published_at"":null,""source_url"":""https://www.gov.br/anp/pt-br/centrais-de-conteudo/dados-abertos/serie-historica-de-precos-de-combustiveis"",""week_convention"":""W-SUN""}",2025-09-29,2025-10-05,6.11201245621,5.99,5.39,9.29,0.417442935269,2569,2569,311,27,False,True,5.3314,5.3186,5.3498,5.3498,0.309472893616,5,0.0991673683226,67.152,65.44,69,66.13,1.6605363844,5,-7.05551651441,,0,conservative_lag_proxy,2025-10-14T02:59:59Z,2025-10-07T02:59:59Z,2025-10-09T02:59:59Z,5.34434041375,0.131114536342,2025-09-21,2025-09-27,2025-10-12T02:59:59Z,8,14,3.74448,2025-09-22,2025-09-28,2025-10-11T02:59:59Z,7,12,0.76767204246,2.36753245621
anp.diesel_s10.revenda.br.mean,2025-10-12,2025-10-21T02:59:59Z,2026-08-14T23:52:49Z,6.11118850846,BRL/L,ANP,0,country,BR,Brasil,"{""aggregation"":""station-day median, then unweighted national mean"",""availability_basis"":""conservative_lag_proxy"",""availability_fallback"":""end of day 8 calendar days after reference Sunday"",""product"":""DIESEL S10"",""published_at"":null,""source_url"":""https://www.gov.br/anp/pt-br/centrais-de-conteudo/dados-abertos/serie-historica-de-precos-de-combustiveis"",""week_convention"":""W-SUN""}",2025-10-06,2025-10-12,6.11118850846,5.99,5.39,9.29,0.407391360672,2541,2541,304,27,False,True,5.36,5.3226,5.4446,5.4446,0.81089954152,5,1.77202886089,66.65,64.41,67.42,64.41,2.16365849107,5,-2.60093754726,,0,conservative_lag_proxy,2025-10-21T02:59:59Z,2025-10-14T02:59:59Z,2025-10-16T02:59:59Z,5.35947119096,0.121730292563,2025-09-28,2025-10-04,2025-10-19T02:59:59Z,8,14,3.68259,2025-09-29,2025-10-05,2025-10-18T02:59:59Z,7,12,0.751717317503,2.42859850846
anp.diesel_s10.revenda.br.mean,2025-10-19,2025-10-28T02:59:59Z,2026-08-14T23:52:49Z,6.09851274249,BRL/L,ANP,0,country,BR,Brasil,"{""aggregation"":""station-day median, then unweighted national mean"",""availability_basis"":""conservative_lag_proxy"",""availability_fallback"":""end of day 8 calendar days after reference Sunday"",""product"":""DIESEL S10"",""published_at"":null,""source_url"":""https://www.gov.br/anp/pt-br/centrais-de-conteudo/dados-abertos/serie-historica-de-precos-de-combustiveis"",""week_convention"":""W-SUN""}",2025-10-13,2025-10-19,6.09851274249,5.99,5.39,9.29,0.389536705667,2629,2629,314,27,False,True,5.45638,5.4354,5.4982,5.439,0.604456357537,5,-0.102854204166,62.358,61.08,64.15,61.23,0.942113212597,5,-4.93712156497,,0,conservative_lag_proxy,2025-10-28T02:59:59Z,2025-10-21T02:59:59Z,2025-10-23T02:59:59Z,5.35946805652,0.119084300821,2025-10-05,2025-10-11,2025-10-26T02:59:59Z,8,14,3.711,2025-10-06,2025-10-12,2025-10-25T02:59:59Z,7,12,0.73904468597,2.38751274249
anp.diesel_s10.revenda.br.mean,2025-10-26,2025-11-04T02:59:59Z,2026-08-14T23:52:49Z,6.10629643815,BRL/L,ANP,0,country,BR,Brasil,"{""aggregation"":""station-day median, then unweighted national mean"",""availability_basis"":""conservative_lag_proxy"",""availability_fallback"":""end of day 8 calendar days after reference Sunday"",""product"":""DIESEL S10"",""published_at"":null,""source_url"":""https://www.gov.br/anp/pt-br/centrais-de-conteudo/dados-abertos/serie-historica-de-precos-de-combustiveis"",""week_convention"":""W-SUN""}",2025-10-20,2025-10-26,6.10629643815,5.99,5.41,8.99,0.388285200784,2611,2611,315,27,False,True,5.38308,5.3771,5.3898,5.3797,0.525571979491,5,-1.09027394742,63.222,60.71,66.32,65.8,3.04165685586,5,7.46366160379,,0,conservative_lag_proxy,2025-11-04T02:59:59Z,2025-10-28T02:59:59Z,2025-10-30T02:59:59Z,5.3496108563,0.120009304816,2025-10-12,2025-10-18,2025-11-02T02:59:59Z,8,14,3.78415,2025-10-13,2025-10-19,2025-11-01T02:59:59Z,7,12,0.75668558185,2.32214643815
anp.diesel_s10.revenda.br.mean,2025-11-02,2025-11-11T02:59:59Z,2026-08-14T23:52:49Z,6.09646318199,BRL/L,ANP,0,country,BR,Brasil,"{""aggregation"":""station-day median, then unweighted national mean"",""availability_basis"":""conservative_lag_proxy"",""availability_fallback"":""end of day 8 calendar days after reference Sunday"",""product"":""DIESEL S10"",""published_at"":null,""source_url"":""https://www.gov.br/anp/pt-br/centrais-de-conteudo/dados-abertos/serie-historica-de-precos-de-combustiveis"",""week_convention"":""W-SUN""}",2025-10-27,2025-11-02,6.09646318199,5.99,5.41,8.59,0.375046212774,2621,2621,316,27,False,True,5.37086,5.3416,5.385,5.3843,0.484491906476,5,0.0855066267636,65.022,64.03,65.52,65.44,1.40748377304,5,-0.547112462006,,0,conservative_lag_proxy,2025-11-11T02:59:59Z,2025-11-04T02:59:59Z,2025-11-06T02:59:59Z,5.34426381163,0.117522267274,2025-10-19,2025-10-25,2025-11-09T02:59:59Z,8,14,3.71054,2025-10-20,2025-10-26,2025-11-08T02:59:59Z,7,12,0.752199370358,2.38592318199
anp.diesel_s10.revenda.br.mean,2025-11-09,2025-11-18T02:59:59Z,2026-08-14T23:52:49Z,6.11034191176,BRL/L,ANP,0,country,BR,Brasil,"{""aggregation"":""station-day median, then unweighted national mean"",""availability_basis"":""conservative_lag_proxy"",""availability_fallback"":""end of day 8 calendar days after reference Sunday"",""product"":""DIESEL S10"",""published_at"":null,""source_url"":""https://www.gov.br/anp/pt-br/centrais-de-conteudo/dados-abertos/serie-historica-de-precos-de-combustiveis"",""week_convention"":""W-SUN""}",2025-11-03,2025-11-09,6.11034191176,5.99,4.73,8.87,0.38480192314,2720,2720,346,27,False,True,5.36334,5.3451,5.3846,5.3567,0.552224379192,5,-0.512601452371,64.3,63.41,65.79,63.72,1.20468099408,5,-2.62836185819,,0,conservative_lag_proxy,2025-11-18T02:59:59Z,2025-11-11T02:59:59Z,2025-11-13T02:59:59Z,5.35785618787,0.11801107984,2025-10-26,2025-11-01,2025-11-16T02:59:59Z,8,14,3.82548,2025-10-27,2025-11-02,2025-11-15T02:59:59Z,7,12,0.752485723895,2.28486191176
anp.diesel_s10.revenda.br.mean,2025-11-16,2025-11-25T02:59:59Z,2026-08-14T23:52:49Z,6.10477001087,BRL/L,ANP,0,country,BR,Brasil,"{""aggregation"":""station-day median, then unweighted national mean"",""availability_basis"":""conservative_lag_proxy"",""availability_fallback"":""end of day 8 calendar days after reference Sunday"",""product"":""DIESEL S10"",""published_at"":null,""source_url"":""https://www.gov.br/anp/pt-br/centrais-de-conteudo/dados-abertos/serie-historica-de-precos-de-combustiveis"",""week_convention"":""W-SUN""}",2025-11-10,2025-11-16,6.10477001087,5.99,5.09,8.99,0.372756904385,2761,2761,358,27,False,True,5.29134,5.2729,5.3181,5.2952,0.534623479312,5,-1.14809490918,62.868,61.88,63.86,63.45,2.07801968633,5,-0.423728813559,,0,conservative_lag_proxy,2025-11-25T02:59:59Z,2025-11-18T02:59:59Z,2025-11-20T02:59:59Z,5.37765980474,0.11455634303,2025-11-02,2025-11-08,2025-11-23T02:59:59Z,8,14,3.89357,2025-11-03,2025-11-09,2025-11-22T02:59:59Z,7,12,0.727110206127,2.21120001087
anp.diesel_s10.revenda.br.mean,2025-11-23,2025-12-02T02:59:59Z,2026-08-14T23:52:49Z,6.10810916875,BRL/L,ANP,0,country,BR,Brasil,"{""aggregation"":""station-day median, then unweighted national mean"",""availability_basis"":""conservative_lag_proxy"",""availability_fallback"":""end of day 8 calendar days after reference Sunday"",""product"":""DIESEL S10"",""published_at"":null,""source_url"":""https://www.gov.br/anp/pt-br/centrais-de-conteudo/dados-abertos/serie-historica-de-precos-de-combustiveis"",""week_convention"":""W-SUN""}",2025-11-17,2025-11-23,6.10810916875,5.99,5.39,8.59,0.355781643226,2803,2803,356,27,False,True,5.342925,5.3108,5.3902,5.3902,0.448754124718,4,1.79407765523,63.644,62.78,64.86,62.78,1.7248097176,5,-1.05594956659,,0,conservative_lag_proxy,2025-12-02T02:59:59Z,2025-11-25T02:59:59Z,2025-11-27T02:59:59Z,5.38953799459,0.1150193178,2025-11-09,2025-11-15,2025-11-30T02:59:59Z,8,14,3.8446,2025-11-10,2025-11-16,2025-11-29T02:59:59Z,7,12,0.718571174153,2.26350916875
anp.diesel_s10.revenda.br.mean,2025-11-30,2025-12-09T02:59:59Z,2026-08-14T23:52:49Z,6.10911244696,BRL/L,ANP,0,country,BR,Brasil,"{""aggregation"":""station-day median, then unweighted national mean"",""availability_basis"":""conservative_lag_proxy"",""availability_fallback"":""end of day 8 calendar days after reference Sunday"",""product"":""DIESEL S10"",""published_at"":null,""source_url"":""https://www.gov.br/anp/pt-br/centrais-de-conteudo/dados-abertos/serie-historica-de-precos-de-combustiveis"",""week_convention"":""W-SUN""}",2025-11-24,2025-11-30,6.10911244696,5.99,5.39,8.69,0.354247096518,2828,2828,368,27,False,True,5.36622,5.3338,5.3948,5.3338,0.177278702616,5,-1.04634336388,64.376,63.99,64.83,64.07,1.8754630496,5,2.05479452055,,0,conservative_lag_proxy,2025-12-09T02:59:59Z,2025-12-02T02:59:59Z,2025-12-04T02:59:59Z,5.40844538616,0.118694173977,2025-11-16,2025-11-22,2025-12-07T02:59:59Z,8,14,3.79097,2025-11-17,2025-11-23,2025-12-06T02:59:59Z,7,12,0.700667060794,2.31814244696
anp.diesel_s10.revenda.br.mean,2025-12-07,2025-12-16T02:59:59Z,2026-08-14T23:52:49Z,6.10833213256,BRL/L,ANP,0,country,BR,Brasil,"{""aggregation"":""station-day median, then unweighted national mean"",""availability_basis"":""conservative_lag_proxy"",""availability_fallback"":""end of day 8 calendar days after reference Sunday"",""product"":""DIESEL S10"",""published_at"":null,""source_url"":""https://www.gov.br/anp/pt-br/centrais-de-conteudo/dados-abertos/serie-historica-de-precos-de-combustiveis"",""week_convention"":""W-SUN""}",2025-12-01,2025-12-07,6.10833213256,5.99,5.44,8.69,0.351576105212,2776,2776,362,27,False,True,5.3281,5.2952,5.3469,5.3405,0.57288268979,5,0.125614008774,63.982,63.37,64.42,64.42,0.817724880262,5,0.546277508975,,0,conservative_lag_proxy,2025-12-16T02:59:59Z,2025-12-09T02:59:59Z,2025-12-11T02:59:59Z,5.41560548497,0.11549161179,2025-11-23,2025-11-29,2025-12-14T02:59:59Z,8,14,3.81011,2025-11-24,2025-11-30,2025-12-13T02:59:59Z,7,12,0.692726647594,2.29822213256
anp.diesel_s10.revenda.br.mean,2025-12-14,2025-12-23T02:59:59Z,2026-08-14T23:52:49Z,6.11778540462,BRL/L,ANP,0,country,BR,Brasil,"{""aggregation"":""station-day median, then unweighted national mean"",""availability_basis"":""conservative_lag_proxy"",""availability_fallback"":""end of day 8 calendar days after reference Sunday"",""product"":""DIESEL S10"",""published_at"":null,""source_url"":""https://www.gov.br/anp/pt-br/centrais-de-conteudo/dados-abertos/serie-historica-de-precos-de-combustiveis"",""week_convention"":""W-SUN""}",2025-12-08,2025-12-14,6.11778540462,5.99,5.42,8.69,0.374375241299,2768,2768,355,27,False,True,5.43446,5.4011,5.4656,5.4011,0.918019553382,5,1.134725213,62.604,61.87,63.3,62.11,1.25346631771,5,-3.58584290593,,0,conservative_lag_proxy,2025-12-23T02:59:59Z,2025-12-16T02:59:59Z,2025-12-18T02:59:59Z,5.39756418718,0.11520676509,2025-11-30,2025-12-06,2025-12-21T02:59:59Z,8,14,3.80184,2025-12-01,2025-12-07,2025-12-20T02:59:59Z,7,12,0.720221217446,2.31594540462
anp.diesel_s10.revenda.br.mean,2025-12-21,2025-12-30T02:59:59Z,2026-08-14T23:52:49Z,6.11084333098,BRL/L,ANP,0,country,BR,Brasil,"{""aggregation"":""station-day median, then unweighted national mean"",""availability_basis"":""conservative_lag_proxy"",""availability_fallback"":""end of day 8 calendar days after reference Sunday"",""product"":""DIESEL S10"",""published_at"":null,""source_url"":""https://www.gov.br/anp/pt-br/centrais-de-conteudo/dados-abertos/serie-historica-de-precos-de-combustiveis"",""week_convention"":""W-SUN""}",2025-12-15,2025-12-21,6.11084333098,5.99,5.39,8.69,0.357579759363,2834,2834,370,26,False,True,5.4794,5.3929,5.5283,5.516,0.632331337733,5,2.12734442984,60.826,59.93,61.55,61.35,1.57715406061,5,-1.22363548543,,0,conservative_lag_proxy,2025-12-30T02:59:59Z,2025-12-23T02:59:59Z,2025-12-25T02:59:59Z,5.39161863149,0.120246637074,2025-12-07,2025-12-13,2025-12-28T02:59:59Z,8,14,3.7609,2025-12-08,2025-12-14,2025-12-27T02:59:59Z,7,12,0.719224699495,2.34994333098
anp.diesel_s10.revenda.br.mean,2025-12-28,2026-01-06T02:59:59Z,2026-08-14T23:52:49Z,6.10961006735,BRL/L,ANP,0,country,BR,Brasil,"{""aggregation"":""station-day median, then unweighted national mean"",""availability_basis"":""conservative_lag_proxy"",""availability_fallback"":""end of day 8 calendar days after reference Sunday"",""product"":""DIESEL S10"",""published_at"":null,""source_url"":""https://www.gov.br/anp/pt-br/centrais-de-conteudo/dados-abertos/serie-historica-de-precos-de-combustiveis"",""week_convention"":""W-SUN""}",2025-12-22,2025-12-28,6.10961006735,5.99,5.39,8.69,0.359290065886,2821,2821,350,27,False,True,5.544875,5.535,5.5643,5.5413,0.45451510534,4,0.458665699782,63.2066666667,62.22,63.7,63.7,1.19663945133,3,3.8304808476,,0,conservative_lag_proxy,2026-01-06T02:59:59Z,2025-12-30T02:59:59Z,2026-01-01T02:59:59Z,5.3807113372,0.12583164503,2025-12-14,2025-12-20,2026-01-04T02:59:59Z,8,14,3.65492,2025-12-15,2025-12-21,2026-01-03T02:59:59Z,7,12,0.728898730149,2.45469006735
anp.diesel_s10.revenda.br.mean,2026-01-04,2026-01-13T02:59:59Z,2026-08-14T23:52:49Z,6.12537642586,BRL/L,ANP,0,country,BR,Brasil,"{""aggregation"":""station-day median, then unweighted national mean"",""availability_basis"":""conservative_lag_proxy"",""availability_fallback"":""end of day 8 calendar days after reference Sunday"",""product"":""DIESEL S10"",""published_at"":null,""source_url"":""https://www.gov.br/anp/pt-br/centrais-de-conteudo/dados-abertos/serie-historica-de-precos-de-combustiveis"",""week_convention"":""W-SUN""}",2025-12-29,2026-01-04,6.12537642586,5.99,5.39,8.99,0.374785942374,2630,2630,327,26,False,True,5.503975,5.4372,5.5739,5.4372,0.91517585786,4,-1.87862054031,62.1825,61.35,63.1,61.98,1.16066307704,4,-2.70015698587,,0,conservative_lag_proxy,2026-01-13T02:59:59Z,2026-01-06T02:59:59Z,2026-01-08T02:59:59Z,5.38500260669,0.129215146003,2025-12-21,2025-12-27,2026-01-11T02:59:59Z,8,14,3.59087,2025-12-22,2025-12-28,2026-01-10T02:59:59Z,7,12,0.74037381917,2.53450642586
anp.diesel_s10.revenda.br.mean,2026-01-11,2026-01-20T02:59:59Z,2026-08-14T23:52:49Z,6.15208025343,BRL/L,ANP,0,country,BR,Brasil,"{""aggregation"":""station-day median, then unweighted national mean"",""availability_basis"":""conservative_lag_proxy"",""availability_fallback"":""end of day 8 calendar days after reference Sunday"",""product"":""DIESEL S10"",""published_at"":null,""source_url"":""https://www.gov.br/anp/pt-br/centrais-de-conteudo/dados-abertos/serie-historica-de-precos-de-combustiveis"",""week_convention"":""W-SUN""}",2026-01-05,2026-01-11,6.15208025343,6.09,5.46,8.99,0.356768065712,2841,2841,354,26,False,True,5.3919,5.3707,5.4351,5.3707,0.459973088513,5,-1.2230559847,62.926,61.08,65.11,65.11,2.43962960336,5,5.05001613424,,0,conservative_lag_proxy,2026-01-20T02:59:59Z,2026-01-13T02:59:59Z,2026-01-15T02:59:59Z,5.40779837619,0.13994128307,2025-12-28,2026-01-03,2026-01-18T02:59:59Z,8,14,3.65976,2025-12-29,2026-01-04,2026-01-17T02:59:59Z,7,12,0.744281877246,2.49232025343
anp.diesel_s10.revenda.br.mean,2026-01-18,2026-01-27T02:59:59Z,2026-08-14T23:52:49Z,6.16368403361,BRL/L,ANP,0,country,BR,Brasil,"{""aggregation"":""station-day median, then unweighted national mean"",""availability_basis"":""conservative_lag_proxy"",""availability_fallback"":""end of day 8 calendar days after reference Sunday"",""product"":""DIESEL S10"",""published_at"":null,""source_url"":""https://www.gov.br/anp/pt-br/centrais-de-conteudo/dados-abertos/serie-historica-de-precos-de-combustiveis"",""week_convention"":""W-SUN""}",2026-01-12,2026-01-18,6.16368403361,6.09,5.46,9.29,0.378329790963,2975,2975,376,26,False,True,5.37926,5.376,5.3846,5.3798,0.0779590864966,5,0.169437875882,66.996,65.4,68.87,66.97,2.74606618613,5,2.85670403932,,0,conservative_lag_proxy,2026-01-27T02:59:59Z,2026-01-20T02:59:59Z,2026-01-22T02:59:59Z,5.40062220668,0.145127723062,2026-01-04,2026-01-10,2026-01-25T02:59:59Z,8,14,3.66149,2026-01-05,2026-01-11,2026-01-24T02:59:59Z,7,12,0.763061826931,2.50219403361
anp.diesel_s10.revenda.br.mean,2026-01-25,2026-02-03T02:59:59Z,2026-08-14T23:52:49Z,6.1711479851,BRL/L,ANP,0,country,BR,Brasil,"{""aggregation"":""station-day median, then unweighted national mean"",""availability_basis"":""conservative_lag_proxy"",""availability_fallback"":""end of day 8 calendar days after reference Sunday"",""product"":""DIESEL S10"",""published_at"":null,""source_url"":""https://www.gov.br/anp/pt-br/centrais-de-conteudo/dados-abertos/serie-historica-de-precos-de-combustiveis"",""week_convention"":""W-SUN""}",2026-01-19,2026-01-25,6.1711479851,6.09,5.39,9.39,0.382764162254,2953,2953,372,26,False,True,5.33616,5.2879,5.379,5.2879,0.38260214225,5,-1.70824194208,66.986,65.46,68.16,68.16,2.40922391925,5,1.77691503658,,0,conservative_lag_proxy,2026-02-03T02:59:59Z,2026-01-27T02:59:59Z,2026-01-29T02:59:59Z,5.36020852331,0.154891533812,2026-01-11,2026-01-17,2026-02-01T02:59:59Z,8,14,3.56255,2026-01-12,2026-01-18,2026-01-31T02:59:59Z,7,12,0.810939461793,2.6085979851
anp.diesel_s10.revenda.br.mean,2026-02-01,2026-02-10T02:59:59Z,2026-08-14T23:52:49Z,6.15932,BRL/L,ANP,0,country,BR,Brasil,"{""aggregation"":""station-day median, then unweighted national mean"",""availability_basis"":""conservative_lag_proxy"",""availability_fallback"":""end of day 8 calendar days after reference Sunday"",""product"":""DIESEL S10"",""published_at"":null,""source_url"":""https://www.gov.br/anp/pt-br/centrais-de-conteudo/dados-abertos/serie-historica-de-precos-de-combustiveis"",""week_convention"":""W-SUN""}",2026-01-26,2026-02-01,6.15932,6.09,5.35,8.99,0.36763912166,3000,3000,380,27,False,True,5.22494,5.1838,5.276,5.2301,0.691219137959,5,-1.0930615178,70.426,67.7,72.25,72.25,1.72246073739,5,6.00058685446,,0,conservative_lag_proxy,2026-02-10T02:59:59Z,2026-02-03T02:59:59Z,2026-02-05T02:59:59Z,5.33647666786,0.159324216634,2026-01-18,2026-01-24,2026-02-08T02:59:59Z,8,14,3.69098,2026-01-19,2026-01-25,2026-02-07T02:59:59Z,7,12,0.822843332142,2.46834
anp.diesel_s10.revenda.br.mean,2026-02-08,2026-02-17T02:59:59Z,2026-08-14T23:52:49Z,6.16617445055,BRL/L,ANP,0,country,BR,Brasil,"{""aggregation"":""station-day median, then unweighted national mean"",""availability_basis"":""conservative_lag_proxy"",""availability_fallback"":""end of day 8 calendar days after reference Sunday"",""product"":""DIESEL S10"",""published_at"":null,""source_url"":""https://www.gov.br/anp/pt-br/centrais-de-conteudo/dados-abertos/serie-historica-de-precos-de-combustiveis"",""week_convention"":""W-SUN""}",2026-02-02,2026-02-08,6.16617445055,6.09,5.45,9.99,0.398099825118,2912,2912,371,27,False,True,5.24206,5.2236,5.2587,5.2341,0.543919807474,5,0.0764803732242,69.84,67.72,71.15,70.45,3.75266793505,5,-2.49134948097,,0,conservative_lag_proxy,2026-02-17T02:59:59Z,2026-02-10T02:59:59Z,2026-02-12T02:59:59Z,5.3233599319,0.160838591266,2026-01-25,2026-01-31,2026-02-15T02:59:59Z,8,14,3.88568,2026-01-26,2026-02-01,2026-02-14T02:59:59Z,7,12,0.842814518649,2.28049445055
anp.diesel_s10.revenda.br.mean,2026-02-15,2026-02-24T02:59:59Z,2026-08-14T23:52:49Z,6.15656387665,BRL/L,ANP,0,country,BR,Brasil,"{""aggregation"":""station-day median, then unweighted national mean"",""availability_basis"":""conservative_lag_proxy"",""availability_fallback"":""end of day 8 calendar days after reference Sunday"",""product"":""DIESEL S10"",""published_at"":null,""source_url"":""https://www.gov.br/anp/pt-br/centrais-de-conteudo/dados-abertos/serie-historica-de-precos-de-combustiveis"",""week_convention"":""W-SUN""}",2026-02-09,2026-02-15,6.15656387665,6.09,5.39,9.99,0.381908569105,2951,2951,378,27,False,True,5.19524,5.1674,5.2288,5.2288,0.747518026983,5,-0.101259051222,70.696,69.8,71.52,69.96,1.36309965749,5,-0.69552874379,,0,conservative_lag_proxy,2026-02-24T02:59:59Z,2026-02-17T02:59:59Z,2026-02-19T02:59:59Z,5.32790922951,0.146814839511,2026-02-01,2026-02-07,2026-02-22T02:59:59Z,8,14,3.83837,2026-02-02,2026-02-08,2026-02-21T02:59:59Z,7,12,0.828654647138,2.31819387665
anp.diesel_s10.revenda.br.mean,2026-02-22,2026-03-03T02:59:59Z,2026-08-14T23:52:49Z,6.14817660937,BRL/L,ANP,0,country,BR,Brasil,"{""aggregation"":""station-day median, then unweighted national mean"",""availability_basis"":""conservative_lag_proxy"",""availability_fallback"":""end of day 8 calendar days after reference Sunday"",""product"":""DIESEL S10"",""published_at"":null,""source_url"":""https://www.gov.br/anp/pt-br/centrais-de-conteudo/dados-abertos/serie-historica-de-precos-de-combustiveis"",""week_convention"":""W-SUN""}",2026-02-16,2026-02-22,6.14817660937,6.09,5.33,8.99,0.369930847475,2967,2966,380,27,False,True,5.2204,5.2006,5.2349,5.2006,0.298510669567,3,-0.539320685435,71.656,69.77,73.17,72.75,1.79086963852,5,3.98799313894,,0,conservative_lag_proxy,2026-03-03T02:59:59Z,2026-02-24T02:59:59Z,2026-02-26T02:59:59Z,5.31638944603,0.153310314262,2026-02-08,2026-02-14,2026-03-01T02:59:59Z,8,14,3.78119,2026-02-09,2026-02-15,2026-02-28T02:59:59Z,7,12,0.831787163339,2.36698660937
anp.diesel_s10.revenda.br.mean,2026-03-01,2026-03-10T02:59:59Z,2026-08-14T23:52:49Z,6.13868080875,BRL/L,ANP,0,country,BR,Brasil,"{""aggregation"":""station-day median, then unweighted national mean"",""availability_basis"":""conservative_lag_proxy"",""availability_fallback"":""end of day 8 calendar days after reference Sunday"",""product"":""DIESEL S10"",""published_at"":null,""source_url"":""https://www.gov.br/anp/pt-br/centrais-de-conteudo/dados-abertos/serie-historica-de-precos-de-combustiveis"",""week_convention"":""W-SUN""}",2026-02-23,2026-03-01,6.13868080875,6.09,5.33,9.39,0.373674114755,3017,3017,379,27,False,True,5.15268,5.1382,5.1682,5.1495,0.388619722175,5,-0.9825789332,71.356,70.69,71.9,71.32,1.01963006038,5,-1.96563573883,,0,conservative_lag_proxy,2026-03-10T02:59:59Z,2026-03-03T02:59:59Z,2026-03-05T02:59:59Z,5.31271906907,0.152000346104,2026-02-15,2026-02-21,2026-03-08T02:59:59Z,8,14,3.85128,2026-02-16,2026-02-22,2026-03-07T02:59:59Z,7,12,0.825961739677,2.28740080875
anp.diesel_s10.revenda.br.mean,2026-03-08,2026-03-17T02:59:59Z,2026-08-14T23:52:49Z,6.18360934891,BRL/L,ANP,0,country,BR,Brasil,"{""aggregation"":""station-day median, then unweighted national mean"",""availability_basis"":""conservative_lag_proxy"",""availability_fallback"":""end of day 8 calendar days after reference Sunday"",""product"":""DIESEL S10"",""published_at"":null,""source_url"":""https://www.gov.br/anp/pt-br/centrais-de-conteudo/dados-abertos/serie-historica-de-precos-de-combustiveis"",""week_convention"":""W-SUN""}",2026-03-02,2026-03-08,6.18360934891,6.09,5.39,9.99,0.382422525865,2995,2995,385,27,False,True,5.24574,5.2001,5.2878,5.2878,1.18629238941,5,2.68569764055,85.282,77.24,95.74,95.74,4.60143152996,5,34.2400448682,,0,conservative_lag_proxy,2026-03-17T02:59:59Z,2026-03-10T02:59:59Z,2026-03-12T02:59:59Z,5.31530594074,0.156176317894,2026-02-22,2026-02-28,2026-03-15T02:59:59Z,8,14,3.94518,2026-02-23,2026-03-01,2026-03-14T02:59:59Z,7,12,0.868303408171,2.23842934891
anp.diesel_s10.revenda.br.mean,2026-03-15,2026-03-24T02:59:59Z,2026-08-14T23:52:49Z,6.86378704342,BRL/L,ANP,0,country,BR,Brasil,"{""aggregation"":""station-day median, then unweighted national mean"",""availability_basis"":""conservative_lag_proxy"",""availability_fallback"":""end of day 8 calendar days after reference Sunday"",""product"":""DIESEL S10"",""published_at"":null,""source_url"":""https://www.gov.br/anp/pt-br/centrais-de-conteudo/dados-abertos/serie-historica-de-precos-de-combustiveis"",""week_convention"":""W-SUN""}",2026-03-09,2026-03-15,6.86378704342,6.79,5.59,9.99,0.516661478349,2902,2902,368,27,False,True,5.19898,5.1596,5.2541,5.2541,1.06381881356,5,-0.637316086085,96.156,89.84,103.23,103.23,6.52226041382,5,7.82327135993,,0,conservative_lag_proxy,2026-03-24T02:59:59Z,2026-03-17T02:59:59Z,2026-03-19T02:59:59Z,5.55819410347,0.288295830379,2026-03-01,2026-03-07,2026-03-22T02:59:59Z,8,14,4.70755,2026-03-02,2026-03-08,2026-03-21T02:59:59Z,7,12,1.30559293995,2.15623704342
anp.diesel_s10.revenda.br.mean,2026-03-22,2026-03-31T02:59:59Z,2026-08-14T23:52:49Z,7.34299046322,BRL/L,ANP,0,country,BR,Brasil,"{""aggregation"":""station-day median, then unweighted national mean"",""availability_basis"":""conservative_lag_proxy"",""availability_fallback"":""end of day 8 calendar days after reference Sunday"",""product"":""DIESEL S10"",""published_at"":null,""source_url"":""https://www.gov.br/anp/pt-br/centrais-de-conteudo/dados-abertos/serie-historica-de-precos-de-combustiveis"",""week_convention"":""W-SUN""}",2026-03-16,2026-03-22,7.34299046322,7.3,5.69,9.29,0.48120941608,2936,2936,381,27,False,True,5.24336,5.2022,5.28,5.28,0.778463244079,5,0.492948364135,111.398,101.04,118.42,118.42,6.58439212628,5,14.7147147147,,0,conservative_lag_proxy,2026-03-31T02:59:59Z,2026-03-24T02:59:59Z,2026-03-26T02:59:59Z,6.16008720328,0.502686365599,2026-03-08,2026-03-14,2026-03-29T02:59:59Z,8,14,5.3562,2026-03-09,2026-03-15,2026-03-28T02:59:59Z,7,12,1.18290325994,1.98679046322
anp.diesel_s10.revenda.br.mean,2026-03-29,2026-04-07T02:59:59Z,2026-08-14T23:52:49Z,7.57249668435,BRL/L,ANP,0,country,BR,Brasil,"{""aggregation"":""station-day median, then unweighted national mean"",""availability_basis"":""conservative_lag_proxy"",""availability_fallback"":""end of day 8 calendar days after reference Sunday"",""product"":""DIESEL S10"",""published_at"":null,""source_url"":""https://www.gov.br/anp/pt-br/centrais-de-conteudo/dados-abertos/serie-historica-de-precos-de-combustiveis"",""week_convention"":""W-SUN""}",2026-03-23,2026-03-29,7.57249668435,7.59,5.69,9.99,0.442954688101,3016,3016,387,27,False,True,5.23996,5.2275,5.2599,5.2376,0.455152687792,5,-0.80303030303,111.242,103.79,121.47,121.47,7.68176852091,5,2.57557844959,,0,conservative_lag_proxy,2026-04-07T02:59:59Z,2026-03-31T02:59:59Z,2026-04-02T02:59:59Z,6.53647242984,0.413161466375,2026-03-15,2026-03-21,2026-04-05T02:59:59Z,8,14,5.29293,2026-03-16,2026-03-22,2026-04-04T02:59:59Z,7,12,1.03602425451,2.27956668435
anp.diesel_s10.revenda.br.mean,2026-04-05,2026-04-14T02:59:59Z,2026-08-14T23:52:49Z,7.58364067797,BRL/L,ANP,0,country,BR,Brasil,"{""aggregation"":""station-day median, then unweighted national mean"",""availability_basis"":""conservative_lag_proxy"",""availability_fallback"":""end of day 8 calendar days after reference Sunday"",""product"":""DIESEL S10"",""published_at"":null,""source_url"":""https://www.gov.br/anp/pt-br/centrais-de-conteudo/dados-abertos/serie-historica-de-precos-de-combustiveis"",""week_convention"":""W-SUN""}",2026-03-30,2026-04-05,7.58364067797,7.59,5.69,9.69,0.429316528876,2950,2950,382,27,False,True,5.1952,5.1606,5.2353,5.1655,0.546735821038,4,-1.37658469528,123.935,119.56,127.61,127.61,5.33651109803,4,5.05474602783,,0,conservative_lag_proxy,2026-04-14T02:59:59Z,2026-04-07T02:59:59Z,2026-04-09T02:59:59Z,6.68973708843,0.384084211069,2026-03-22,2026-03-28,2026-04-12T02:59:59Z,8,14,5.43334,2026-03-23,2026-03-29,2026-04-11T02:59:59Z,7,12,0.893903589534,2.15030067797
anp.diesel_s10.revenda.br.mean,2026-04-12,2026-04-21T02:59:59Z,2026-08-14T23:52:49Z,7.58370444667,BRL/L,ANP,0,country,BR,Brasil,"{""aggregation"":""station-day median, then unweighted national mean"",""availability_basis"":""conservative_lag_proxy"",""availability_fallback"":""end of day 8 calendar days after reference Sunday"",""product"":""DIESEL S10"",""published_at"":null,""source_url"":""https://www.gov.br/anp/pt-br/centrais-de-conteudo/dados-abertos/serie-historica-de-precos-de-combustiveis"",""week_convention"":""W-SUN""}",2026-04-06,2026-04-12,7.58370444667,7.59,5.69,9.79,0.413832141956,2991,2991,382,27,False,True,5.10212,5.0229,5.1625,5.0229,0.689089393592,5,-2.76062336657,124.605,119.03,138.21,119.07,8.21704580881,4,-6.69226549643,,0,conservative_lag_proxy,2026-04-21T02:59:59Z,2026-04-14T02:59:59Z,2026-04-16T02:59:59Z,6.70568252659,0.339867064159,2026-03-29,2026-04-04,2026-04-19T02:59:59Z,8,14,5.45356,2026-03-30,2026-04-05,2026-04-18T02:59:59Z,7,12,0.878021920081,2.13014444667
anp.diesel_s10.revenda.br.mean,2026-04-19,2026-04-28T02:59:59Z,2026-08-14T23:52:49Z,7.52018396846,BRL/L,ANP,0,country,BR,Brasil,"{""aggregation"":""station-day median, then unweighted national mean"",""availability_basis"":""conservative_lag_proxy"",""availability_fallback"":""end of day 8 calendar days after reference Sunday"",""product"":""DIESEL S10"",""published_at"":null,""source_url"":""https://www.gov.br/anp/pt-br/centrais-de-conteudo/dados-abertos/serie-historica-de-precos-de-combustiveis"",""week_convention"":""W-SUN""}",2026-04-13,2026-04-19,7.52018396846,7.49,5.69,9.79,0.415207899802,3044,3044,393,27,False,True,4.9936,4.9695,5.0244,4.9695,0.502320974175,5,-1.06313086066,114.432,98.63,123.28,98.63,7.3629654957,5,-17.1663727219,,0,conservative_lag_proxy,2026-04-28T02:59:59Z,2026-04-21T02:59:59Z,2026-04-23T02:59:59Z,6.64625302922,0.337702967282,2026-04-05,2026-04-11,2026-04-26T02:59:59Z,8,14,5.43997,2026-04-06,2026-04-12,2026-04-25T02:59:59Z,7,12,0.873930939243,2.08021396846
anp.diesel_s10.revenda.br.mean,2026-04-26,2026-05-05T02:59:59Z,2026-08-14T23:52:49Z,7.41128471061,BRL/L,ANP,0,country,BR,Brasil,"{""aggregation"":""station-day median, then unweighted national mean"",""availability_basis"":""conservative_lag_proxy"",""availability_fallback"":""end of day 8 calendar days after reference Sunday"",""product"":""DIESEL S10"",""published_at"":null,""source_url"":""https://www.gov.br/anp/pt-br/centrais-de-conteudo/dados-abertos/serie-historica-de-precos-de-combustiveis"",""week_convention"":""W-SUN""}",2026-04-20,2026-04-26,7.41128471061,7.39,5.69,9.79,0.424340525715,2989,2989,379,27,False,True,4.977975,4.9539,5.0083,5.0083,0.668632020651,4,0.780762652178,109.618,103.4,113.44,111.86,3.3767482965,5,13.4137686302,,0,conservative_lag_proxy,2026-05-05T02:59:59Z,2026-04-28T02:59:59Z,2026-04-30T02:59:59Z,6.46874869264,0.315204057991,2026-04-12,2026-04-18,2026-05-03T02:59:59Z,8,14,5.26756,2026-04-13,2026-04-19,2026-05-02T02:59:59Z,7,12,0.942536017961,2.14372471061
anp.diesel_s10.revenda.br.mean,2026-05-03,2026-05-12T02:59:59Z,2026-08-14T23:52:49Z,7.30389448925,BRL/L,ANP,0,country,BR,Brasil,"{""aggregation"":""station-day median, then unweighted national mean"",""availability_basis"":""conservative_lag_proxy"",""availability_fallback"":""end of day 8 calendar days after reference Sunday"",""product"":""DIESEL S10"",""published_at"":null,""source_url"":""https://www.gov.br/anp/pt-br/centrais-de-conteudo/dados-abertos/serie-historica-de-precos-de-combustiveis"",""week_convention"":""W-SUN""}",2026-04-27,2026-05-03,7.30389448925,7.29,5.69,9.35,0.427046516219,2976,2976,380,27,False,True,4.986225,4.97,4.9985,4.9886,0.503416108757,4,-0.393347043907,119.634,113.89,124.24,118.26,3.90969585127,5,5.72143751117,,0,conservative_lag_proxy,2026-05-12T02:59:59Z,2026-05-05T02:59:59Z,2026-05-07T02:59:59Z,6.29219174212,0.302047761191,2026-04-19,2026-04-25,2026-05-10T02:59:59Z,8,14,4.21201,2026-04-20,2026-04-26,2026-05-09T02:59:59Z,7,12,1.01170274712,3.09188448925
anp.diesel_s10.revenda.br.mean,2026-05-10,2026-05-19T02:59:59Z,2026-08-14T23:52:49Z,7.26326428333,BRL/L,ANP,0,country,BR,Brasil,"{""aggregation"":""station-day median, then unweighted national mean"",""availability_basis"":""conservative_lag_proxy"",""availability_fallback"":""end of day 8 calendar days after reference Sunday"",""product"":""DIESEL S10"",""published_at"":null,""source_url"":""https://www.gov.br/anp/pt-br/centrais-de-conteudo/dados-abertos/serie-historica-de-precos-de-combustiveis"",""week_convention"":""W-SUN""}",2026-05-04,2026-05-10,7.26326428333,7.19,5.69,9.99,0.423886165459,2993,2993,378,27,False,True,4.92544,4.8999,4.9587,4.8999,0.305344719876,5,-1.77805396304,105.8775,101.82,114.51,103.48,4.62591530547,4,-12.4978860139,,0,conservative_lag_proxy,2026-05-19T02:59:59Z,2026-05-12T02:59:59Z,2026-05-14T02:59:59Z,6.25698418506,0.283746897349,2026-04-26,2026-05-02,2026-05-17T02:59:59Z,8,14,4.02476,2026-04-27,2026-05-03,2026-05-16T02:59:59Z,7,12,1.00628009827,3.23850428333
anp.diesel_s10.revenda.br.mean,2026-05-17,2026-05-26T02:59:59Z,2026-08-14T23:52:49Z,7.22644145622,BRL/L,ANP,0,country,BR,Brasil,"{""aggregation"":""station-day median, then unweighted national mean"",""availability_basis"":""conservative_lag_proxy"",""availability_fallback"":""end of day 8 calendar days after reference Sunday"",""product"":""DIESEL S10"",""published_at"":null,""source_url"":""https://www.gov.br/anp/pt-br/centrais-de-conteudo/dados-abertos/serie-historica-de-precos-de-combustiveis"",""week_convention"":""W-SUN""}",2026-05-11,2026-05-17,7.22644145622,7.18,6.15,9.99,0.42274625905,3049,3049,387,27,False,True,4.95062,4.8973,5.0654,5.0654,0.822101975269,5,3.37761995143,110.526,106.11,113.96,113.96,2.2643593479,5,10.1275608813,,0,conservative_lag_proxy,2026-05-26T02:59:59Z,2026-05-19T02:59:59Z,2026-05-21T02:59:59Z,6.30076162863,0.28165316106,2026-05-03,2026-05-09,2026-05-24T02:59:59Z,8,14,5.43615,2026-05-04,2026-05-10,2026-05-23T02:59:59Z,7,12,0.925679827584,1.79029145622
anp.diesel_s10.revenda.br.mean,2026-05-24,2026-06-02T02:59:59Z,2026-08-14T23:52:49Z,7.19248368146,BRL/L,ANP,0,country,BR,Brasil,"{""aggregation"":""station-day median, then unweighted national mean"",""availability_basis"":""conservative_lag_proxy"",""availability_fallback"":""end of day 8 calendar days after reference Sunday"",""product"":""DIESEL S10"",""published_at"":null,""source_url"":""https://www.gov.br/anp/pt-br/centrais-de-conteudo/dados-abertos/serie-historica-de-precos-de-combustiveis"",""week_convention"":""W-SUN""}",2026-05-18,2026-05-24,7.19248368146,7.09,5.69,9.99,0.413144696662,3064,3064,384,27,False,True,5.01978,5.0077,5.0378,5.014,0.629162849495,5,-1.01472736605,110.608,105.84,116.73,106.9,2.97254892031,5,-6.19515619516,,0,conservative_lag_proxy,2026-06-02T02:59:59Z,2026-05-26T02:59:59Z,2026-05-28T02:59:59Z,6.26178104256,0.256610757524,2026-05-10,2026-05-16,2026-05-31T02:59:59Z,8,14,5.31324,2026-05-11,2026-05-17,2026-05-30T02:59:59Z,7,12,0.930702638903,1.87924368146
anp.diesel_s10.revenda.br.mean,2026-05-31,2026-06-09T02:59:59Z,2026-08-14T23:52:49Z,7.17520233085,BRL/L,ANP,0,country,BR,Brasil,"{""aggregation"":""station-day median, then unweighted national mean"",""availability_basis"":""conservative_lag_proxy"",""availability_fallback"":""end of day 8 calendar days after reference Sunday"",""product"":""DIESEL S10"",""published_at"":null,""source_url"":""https://www.gov.br/anp/pt-br/centrais-de-conteudo/dados-abertos/serie-historica-de-precos-de-combustiveis"",""week_convention"":""W-SUN""}",2026-05-25,2026-05-31,7.17520233085,7.09,5.69,9.79,0.407256514619,3089,3089,386,27,False,True,5.03896,5.0072,5.0579,5.0569,0.357750433323,5,0.855604307938,97.0525,92.88,102.75,92.88,1.63191216693,4,-13.1150608045,,0,conservative_lag_proxy,2026-06-09T02:59:59Z,2026-06-02T02:59:59Z,2026-06-04T02:59:59Z,6.26341115246,0.256408584717,2026-05-17,2026-05-23,2026-06-07T02:59:59Z,8,14,5.49872,2026-05-18,2026-05-24,2026-06-06T02:59:59Z,7,12,0.911791178393,1.67648233085
anp.diesel_s10.revenda.br.mean,2026-06-07,2026-06-16T02:59:59Z,2026-08-14T23:52:49Z,7.14899487836,BRL/L,ANP,0,country,BR,Brasil,"{""aggregation"":""station-day median, then unweighted national mean"",""availability_basis"":""conservative_lag_proxy"",""availability_fallback"":""end of day 8 calendar days after reference Sunday"",""product"":""DIESEL S10"",""published_at"":null,""source_url"":""https://www.gov.br/anp/pt-br/centrais-de-conteudo/dados-abertos/serie-historica-de-precos-de-combustiveis"",""week_convention"":""W-SUN""}",2026-06-01,2026-06-07,7.14899487836,7.05,5.69,9.79,0.403616315301,3124,3124,386,27,False,True,5.05305,5.016,5.1244,5.1244,0.977975548781,4,1.33480986375,98.948,97.29,101.69,97.29,3.5260062636,5,4.7480620155,,0,conservative_lag_proxy,2026-06-16T02:59:59Z,2026-06-09T02:59:59Z,2026-06-11T02:59:59Z,6.22812872916,0.250091574122,2026-05-24,2026-05-30,2026-06-14T02:59:59Z,8,14,5.2121,2026-05-25,2026-05-31,2026-06-13T02:59:59Z,7,12,0.920866149201,1.93689487836
anp.diesel_s10.revenda.br.mean,2026-06-14,2026-06-23T02:59:59Z,2026-08-14T23:52:49Z,7.1359095411,BRL/L,ANP,0,country,BR,Brasil,"{""aggregation"":""station-day median, then unweighted national mean"",""availability_basis"":""conservative_lag_proxy"",""availability_fallback"":""end of day 8 calendar days after reference Sunday"",""product"":""DIESEL S10"",""published_at"":null,""source_url"":""https://www.gov.br/anp/pt-br/centrais-de-conteudo/dados-abertos/serie-historica-de-precos-de-combustiveis"",""week_convention"":""W-SUN""}",2026-06-08,2026-06-14,7.1359095411,6.99,5.69,9.79,0.395311616967,3029,3029,376,27,False,True,5.14912,5.0827,5.1763,5.0827,0.800967702748,5,-0.813753805324,93.764,88.64,97.46,88.64,2.61960289518,5,-8.89094459862,,0,conservative_lag_proxy,2026-06-23T02:59:59Z,2026-06-16T02:59:59Z,2026-06-18T02:59:59Z,6.25469085164,0.284598144984,2026-05-31,2026-06-06,2026-06-21T02:59:59Z,8,14,5.05316,2026-06-01,2026-06-07,2026-06-20T02:59:59Z,7,12,0.881218689467,2.0827495411
anp.diesel_s10.revenda.br.mean,2026-06-21,2026-06-30T02:59:59Z,2026-08-14T23:52:49Z,7.13360289283,BRL/L,ANP,0,country,BR,Brasil,"{""aggregation"":""station-day median, then unweighted national mean"",""availability_basis"":""conservative_lag_proxy"",""availability_fallback"":""end of day 8 calendar days after reference Sunday"",""product"":""DIESEL S10"",""published_at"":null,""source_url"":""https://www.gov.br/anp/pt-br/centrais-de-conteudo/dados-abertos/serie-historica-de-precos-de-combustiveis"",""week_convention"":""W-SUN""}",2026-06-15,2026-06-21,7.13360289283,6.99,5.89,9.99,0.404415985682,3042,3042,380,27,False,True,5.09812,5.043,5.1613,5.1442,1.07926819148,5,1.20998681803,81,79.35,84.36,80.46,2.73548345632,5,-9.22833935018,,0,conservative_lag_proxy,2026-06-30T02:59:59Z,2026-06-23T02:59:59Z,2026-06-25T02:59:59Z,6.24247112666,0.286214797257,2026-06-07,2026-06-13,2026-06-28T02:59:59Z,8,14,5.13214,2026-06-08,2026-06-14,2026-06-27T02:59:59Z,7,12,0.891131766173,2.00146289283
anp.diesel_s10.revenda.br.mean,2026-06-28,2026-07-07T02:59:59Z,2026-08-14T23:52:49Z,7.09381283069,BRL/L,ANP,0,country,BR,Brasil,"{""aggregation"":""station-day median, then unweighted national mean"",""availability_basis"":""conservative_lag_proxy"",""availability_fallback"":""end of day 8 calendar days after reference Sunday"",""product"":""DIESEL S10"",""published_at"":null,""source_url"":""https://www.gov.br/anp/pt-br/centrais-de-conteudo/dados-abertos/serie-historica-de-precos-de-combustiveis"",""week_convention"":""W-SUN""}",2026-06-22,2026-06-28,7.09381283069,6.99,5.69,9.79,0.397159838313,3024,3024,378,27,False,True,5.17646,5.1395,5.2098,5.1695,0.545125095258,5,0.491816025815,73.634,70.16,76.49,70.16,3.22022879196,5,-12.801391996,,0,conservative_lag_proxy,2026-07-07T02:59:59Z,2026-06-30T02:59:59Z,2026-07-02T02:59:59Z,6.18653292231,0.284926027886,2026-06-14,2026-06-20,2026-07-05T02:59:59Z,8,14,5.22304,2026-06-15,2026-06-21,2026-07-04T02:59:59Z,7,12,0.907279908373,1.87077283069
anp.diesel_s10.revenda.br.mean,2026-07-05,2026-07-14T02:59:59Z,2026-08-14T23:52:49Z,7.07060240964,BRL/L,ANP,0,country,BR,Brasil,"{""aggregation"":""station-day median, then unweighted national mean"",""availability_basis"":""conservative_lag_proxy"",""availability_fallback"":""end of day 8 calendar days after reference Sunday"",""product"":""DIESEL S10"",""published_at"":null,""source_url"":""https://www.gov.br/anp/pt-br/centrais-de-conteudo/dados-abertos/serie-historica-de-precos-de-combustiveis"",""week_convention"":""W-SUN""}",2026-06-29,2026-07-05,7.07060240964,6.99,5.89,9.79,0.396398438033,3071,3071,383,27,False,True,5.1819,5.1717,5.195,5.1717,0.28700496236,5,0.0425573072831,69.7,68.53,71.59,68.68,1.5715669298,5,-2.1094640821,,0,conservative_lag_proxy,2026-07-14T02:59:59Z,2026-07-07T02:59:59Z,2026-07-09T02:59:59Z,6.11166394202,0.273569872948,2026-06-21,2026-06-27,2026-07-12T02:59:59Z,8,14,5.21741,2026-06-22,2026-06-28,2026-07-11T02:59:59Z,7,12,0.958938467621,1.85319240964
anp.diesel_s10.revenda.br.mean,2026-07-12,2026-07-21T02:59:59Z,2026-08-14T23:52:49Z,7.02076694215,BRL/L,ANP,0,country,BR,Brasil,"{""aggregation"":""station-day median, then unweighted national mean"",""availability_basis"":""conservative_lag_proxy"",""availability_fallback"":""end of day 8 calendar days after reference Sunday"",""product"":""DIESEL S10"",""published_at"":null,""source_url"":""https://www.gov.br/anp/pt-br/centrais-de-conteudo/dados-abertos/serie-historica-de-precos-de-combustiveis"",""week_convention"":""W-SUN""}",2026-07-06,2026-07-12,7.02076694215,6.99,5.89,9.79,0.412033454576,3025,3025,381,27,False,True,5.14194,5.1088,5.167,5.1088,0.282652372677,5,-1.21623450703,73.328,69.56,76.5,74.34,3.48883477566,5,8.24111822947,,0,conservative_lag_proxy,2026-07-21T02:59:59Z,2026-07-14T02:59:59Z,2026-07-16T02:59:59Z,6.11166394202,0.273569872948,2026-06-21,2026-06-27,2026-07-12T02:59:59Z,15,14,5.20592,2026-06-29,2026-07-05,2026-07-18T02:59:59Z,7,12,0.909103000131,1.81484694215
anp.diesel_s10.revenda.br.mean,2026-07-19,2026-07-28T02:59:59Z,2026-08-14T23:52:49Z,6.98592121982,BRL/L,ANP,0,country,BR,Brasil,"{""aggregation"":""station-day median, then unweighted national mean"",""availability_basis"":""conservative_lag_proxy"",""availability_fallback"":""end of day 8 calendar days after reference Sunday"",""product"":""DIESEL S10"",""published_at"":null,""source_url"":""https://www.gov.br/anp/pt-br/centrais-de-conteudo/dados-abertos/serie-historica-de-precos-de-combustiveis"",""week_convention"":""W-SUN""}",2026-07-13,2026-07-19,6.98592121982,6.97,5.89,9.99,0.413407345663,3148,3148,389,27,False,True,5.09606,5.0727,5.1183,5.1176,0.539905613624,5,0.172251800814,82.926,81.23,85.01,85.01,4.74673665863,5,14.3529728275,,0,conservative_lag_proxy,2026-07-28T02:59:59Z,2026-07-21T02:59:59Z,2026-07-23T02:59:59Z,6.11166394202,0.273569872948,2026-06-21,2026-06-27,2026-07-12T02:59:59Z,22,14,3.84793,2026-07-06,2026-07-12,2026-07-25T02:59:59Z,7,12,0.874257277804,3.13799121982
anp.diesel_s10.revenda.br.mean,2026-07-26,2026-08-04T02:59:59Z,2026-08-14T23:52:49Z,6.99757713543,BRL/L,ANP,0,country,BR,Brasil,"{""aggregation"":""station-day median, then unweighted national mean"",""availability_basis"":""conservative_lag_proxy"",""availability_fallback"":""end of day 8 calendar days after reference Sunday"",""product"":""DIESEL S10"",""published_at"":""2026-08-14T17:04:00Z"",""source_url"":""https://www.gov.br/anp/pt-br/centrais-de-conteudo/dados-abertos/serie-historica-de-precos-de-combustiveis"",""week_convention"":""W-SUN""}",2026-07-20,2026-07-26,6.99757713543,6.98,5.89,9.79,0.433264473997,3079,3079,378,27,False,True,5.0757,5.0638,5.0894,5.0666,0.32443628878,5,-0.996560887916,96.118,86.99,105.32,100.31,6.51256845121,5,17.997882602,2026-08-14T17:04:00Z,1,conservative_lag_proxy,2026-08-04T02:59:59Z,2026-07-28T02:59:59Z,2026-07-30T02:59:59Z,6.11166394202,0.273569872948,2026-06-21,2026-06-27,2026-07-12T02:59:59Z,29,14,3.80761,2026-07-13,2026-07-19,2026-08-01T02:59:59Z,7,12,0.885913193416,3.18996713543
anp.diesel_s10.revenda.br.mean,2026-08-02,2026-08-11T02:59:59Z,2026-08-14T23:52:49Z,6.98770812929,BRL/L,ANP,0,country,BR,Brasil,"{""aggregation"":""station-day median, then unweighted national mean"",""availability_basis"":""conservative_lag_proxy"",""availability_fallback"":""end of day 8 calendar days after reference Sunday"",""product"":""DIESEL S10"",""published_at"":""2026-08-14T17:04:00Z"",""source_url"":""https://www.gov.br/anp/pt-br/centrais-de-conteudo/dados-abertos/serie-historica-de-precos-de-combustiveis"",""week_convention"":""W-SUN""}",2026-07-27,2026-08-02,6.98770812929,6.95,5.84,9.19,0.43795361333,3063,3063,380,27,False,True,5.09822,5.0739,5.1217,5.0773,0.598642884341,5,0.211186989302,91.628,85.51,96.95,96.95,7.15079869806,5,-3.34961618981,2026-08-14T17:04:00Z,1,conservative_lag_proxy,2026-08-11T02:59:59Z,2026-08-04T02:59:59Z,2026-08-06T02:59:59Z,6.11166394202,0.273569872948,2026-06-21,2026-06-27,2026-07-12T02:59:59Z,36,14,5.32019,2026-07-20,2026-07-26,2026-08-08T02:59:59Z,7,12,0.876044187267,1.66751812929
anp.diesel_s10.revenda.br.mean,2026-08-09,2026-08-14T17:04:00Z,2026-08-14T23:52:49Z,6.97634263715,BRL/L,ANP,0,country,BR,Brasil,"{""aggregation"":""station-day median, then unweighted national mean"",""availability_basis"":""exact_snapshot_publication"",""availability_fallback"":""end of day 8 calendar days after reference Sunday"",""product"":""DIESEL S10"",""published_at"":""2026-08-14T17:04:00Z"",""source_url"":""https://www.gov.br/anp/pt-br/centrais-de-conteudo/dados-abertos/serie-historica-de-precos-de-combustiveis"",""week_convention"":""W-SUN""}",2026-08-03,2026-08-09,6.97634263715,6.89,5.84,9.19,0.444285606651,3117,3117,382,27,False,True,5.0971,5.0723,5.1154,5.0908,0.379165429101,5,0.265889350639,87.858,86.47,89.65,87.62,4.33079400203,5,-9.62351727695,2026-08-14T17:04:00Z,1,exact_snapshot_publication,2026-08-14T17:04:00Z,2026-08-11T02:59:59Z,2026-08-13T02:59:59Z,6.11166394202,0.273569872948,2026-06-21,2026-06-27,2026-07-12T02:59:59Z,43,14,5.32019,2026-07-20,2026-07-26,2026-08-08T02:59:59Z,14,12,0.864678695133,1.65615263715
