series_id,observation_date,available_at,ingested_at,value,unit,source,revision,geography_type,geography_code,geography,metadata
anp.producer_importer.diesel_s10.br.weighted_mean,2013-01-06,2013-01-19T01:59:59Z,2026-08-14T23:52:49Z,1.49454,BRL/L,ANP,0,country,BR,Brasil,"{""availability_status"":""official_estimate_in_workbook"",""excludes_icms"":true,""period_end"":""2013-01-06"",""period_start"":""2012-12-31"",""product"":""Óleo Diesel S-10 (R$/litro)"",""publication_lag_days"":12,""weighted_average"":true}"
anp.producer_importer.diesel_s10.br.weighted_mean,2013-01-13,2013-01-26T01:59:59Z,2026-08-14T23:52:49Z,1.50041,BRL/L,ANP,0,country,BR,Brasil,"{""availability_status"":""official_estimate_in_workbook"",""excludes_icms"":true,""period_end"":""2013-01-13"",""period_start"":""2013-01-07"",""product"":""Óleo Diesel S-10 (R$/litro)"",""publication_lag_days"":12,""weighted_average"":true}"
anp.producer_importer.diesel_s10.br.weighted_mean,2013-01-20,2013-02-02T01:59:59Z,2026-08-14T23:52:49Z,1.49392,BRL/L,ANP,0,country,BR,Brasil,"{""availability_status"":""official_estimate_in_workbook"",""excludes_icms"":true,""period_end"":""2013-01-20"",""period_start"":""2013-01-14"",""product"":""Óleo Diesel S-10 (R$/litro)"",""publication_lag_days"":12,""weighted_average"":true}"
anp.producer_importer.diesel_s10.br.weighted_mean,2013-01-27,2013-02-09T01:59:59Z,2026-08-14T23:52:49Z,1.4967,BRL/L,ANP,0,country,BR,Brasil,"{""availability_status"":""official_estimate_in_workbook"",""excludes_icms"":true,""period_end"":""2013-01-27"",""period_start"":""2013-01-21"",""product"":""Óleo Diesel S-10 (R$/litro)"",""publication_lag_days"":12,""weighted_average"":true}"
anp.producer_importer.diesel_s10.br.weighted_mean,2013-02-03,2013-02-16T01:59:59Z,2026-08-14T23:52:49Z,1.55244,BRL/L,ANP,0,country,BR,Brasil,"{""availability_status"":""official_estimate_in_workbook"",""excludes_icms"":true,""period_end"":""2013-02-03"",""period_start"":""2013-01-28"",""product"":""Óleo Diesel S-10 (R$/litro)"",""publication_lag_days"":12,""weighted_average"":true}"
anp.producer_importer.diesel_s10.br.weighted_mean,2013-02-10,2013-02-23T02:59:59Z,2026-08-14T23:52:49Z,1.58021,BRL/L,ANP,0,country,BR,Brasil,"{""availability_status"":""official_estimate_in_workbook"",""excludes_icms"":true,""period_end"":""2013-02-10"",""period_start"":""2013-02-04"",""product"":""Óleo Diesel S-10 (R$/litro)"",""publication_lag_days"":12,""weighted_average"":true}"
anp.producer_importer.diesel_s10.br.weighted_mean,2013-02-17,2013-03-02T02:59:59Z,2026-08-14T23:52:49Z,1.57673,BRL/L,ANP,0,country,BR,Brasil,"{""availability_status"":""official_estimate_in_workbook"",""excludes_icms"":true,""period_end"":""2013-02-17"",""period_start"":""2013-02-11"",""product"":""Óleo Diesel S-10 (R$/litro)"",""publication_lag_days"":12,""weighted_average"":true}"
anp.producer_importer.diesel_s10.br.weighted_mean,2013-02-24,2013-03-09T02:59:59Z,2026-08-14T23:52:49Z,1.58038,BRL/L,ANP,0,country,BR,Brasil,"{""availability_status"":""official_estimate_in_workbook"",""excludes_icms"":true,""period_end"":""2013-02-24"",""period_start"":""2013-02-18"",""product"":""Óleo Diesel S-10 (R$/litro)"",""publication_lag_days"":12,""weighted_average"":true}"
anp.producer_importer.diesel_s10.br.weighted_mean,2013-03-03,2013-03-16T02:59:59Z,2026-08-14T23:52:49Z,1.57459,BRL/L,ANP,0,country,BR,Brasil,"{""availability_status"":""official_estimate_in_workbook"",""excludes_icms"":true,""period_end"":""2013-03-03"",""period_start"":""2013-02-25"",""product"":""Óleo Diesel S-10 (R$/litro)"",""publication_lag_days"":12,""weighted_average"":true}"
anp.producer_importer.diesel_s10.br.weighted_mean,2013-03-10,2013-03-23T02:59:59Z,2026-08-14T23:52:49Z,1.63894,BRL/L,ANP,0,country,BR,Brasil,"{""availability_status"":""official_estimate_in_workbook"",""excludes_icms"":true,""period_end"":""2013-03-10"",""period_start"":""2013-03-04"",""product"":""Óleo Diesel S-10 (R$/litro)"",""publication_lag_days"":12,""weighted_average"":true}"
anp.producer_importer.diesel_s10.br.weighted_mean,2013-03-17,2013-03-30T02:59:59Z,2026-08-14T23:52:49Z,1.67013,BRL/L,ANP,0,country,BR,Brasil,"{""availability_status"":""official_estimate_in_workbook"",""excludes_icms"":true,""period_end"":""2013-03-17"",""period_start"":""2013-03-11"",""product"":""Óleo Diesel S-10 (R$/litro)"",""publication_lag_days"":12,""weighted_average"":true}"
anp.producer_importer.diesel_s10.br.weighted_mean,2013-03-24,2013-04-06T02:59:59Z,2026-08-14T23:52:49Z,1.67281,BRL/L,ANP,0,country,BR,Brasil,"{""availability_status"":""official_estimate_in_workbook"",""excludes_icms"":true,""period_end"":""2013-03-24"",""period_start"":""2013-03-18"",""product"":""Óleo Diesel S-10 (R$/litro)"",""publication_lag_days"":12,""weighted_average"":true}"
anp.producer_importer.diesel_s10.br.weighted_mean,2013-03-31,2013-04-13T02:59:59Z,2026-08-14T23:52:49Z,1.6595,BRL/L,ANP,0,country,BR,Brasil,"{""availability_status"":""official_estimate_in_workbook"",""excludes_icms"":true,""period_end"":""2013-03-31"",""period_start"":""2013-03-25"",""product"":""Óleo Diesel S-10 (R$/litro)"",""publication_lag_days"":12,""weighted_average"":true}"
anp.producer_importer.diesel_s10.br.weighted_mean,2013-04-07,2013-04-20T02:59:59Z,2026-08-14T23:52:49Z,1.66666,BRL/L,ANP,0,country,BR,Brasil,"{""availability_status"":""official_estimate_in_workbook"",""excludes_icms"":true,""period_end"":""2013-04-07"",""period_start"":""2013-04-01"",""product"":""Óleo Diesel S-10 (R$/litro)"",""publication_lag_days"":12,""weighted_average"":true}"
anp.producer_importer.diesel_s10.br.weighted_mean,2013-04-14,2013-04-27T02:59:59Z,2026-08-14T23:52:49Z,1.66058,BRL/L,ANP,0,country,BR,Brasil,"{""availability_status"":""official_estimate_in_workbook"",""excludes_icms"":true,""period_end"":""2013-04-14"",""period_start"":""2013-04-08"",""product"":""Óleo Diesel S-10 (R$/litro)"",""publication_lag_days"":12,""weighted_average"":true}"
anp.producer_importer.diesel_s10.br.weighted_mean,2013-04-21,2013-05-04T02:59:59Z,2026-08-14T23:52:49Z,1.67103,BRL/L,ANP,0,country,BR,Brasil,"{""availability_status"":""official_estimate_in_workbook"",""excludes_icms"":true,""period_end"":""2013-04-21"",""period_start"":""2013-04-15"",""product"":""Óleo Diesel S-10 (R$/litro)"",""publication_lag_days"":12,""weighted_average"":true}"
anp.producer_importer.diesel_s10.br.weighted_mean,2013-04-28,2013-05-11T02:59:59Z,2026-08-14T23:52:49Z,1.66348,BRL/L,ANP,0,country,BR,Brasil,"{""availability_status"":""official_estimate_in_workbook"",""excludes_icms"":true,""period_end"":""2013-04-28"",""period_start"":""2013-04-22"",""product"":""Óleo Diesel S-10 (R$/litro)"",""publication_lag_days"":12,""weighted_average"":true}"
anp.producer_importer.diesel_s10.br.weighted_mean,2013-05-05,2013-05-18T02:59:59Z,2026-08-14T23:52:49Z,1.66428,BRL/L,ANP,0,country,BR,Brasil,"{""availability_status"":""official_estimate_in_workbook"",""excludes_icms"":true,""period_end"":""2013-05-05"",""period_start"":""2013-04-29"",""product"":""Óleo Diesel S-10 (R$/litro)"",""publication_lag_days"":12,""weighted_average"":true}"
anp.producer_importer.diesel_s10.br.weighted_mean,2013-05-12,2013-05-25T02:59:59Z,2026-08-14T23:52:49Z,1.66685,BRL/L,ANP,0,country,BR,Brasil,"{""availability_status"":""official_estimate_in_workbook"",""excludes_icms"":true,""period_end"":""2013-05-12"",""period_start"":""2013-05-06"",""product"":""Óleo Diesel S-10 (R$/litro)"",""publication_lag_days"":12,""weighted_average"":true}"
anp.producer_importer.diesel_s10.br.weighted_mean,2013-05-19,2013-06-01T02:59:59Z,2026-08-14T23:52:49Z,1.67512,BRL/L,ANP,0,country,BR,Brasil,"{""availability_status"":""official_estimate_in_workbook"",""excludes_icms"":true,""period_end"":""2013-05-19"",""period_start"":""2013-05-13"",""product"":""Óleo Diesel S-10 (R$/litro)"",""publication_lag_days"":12,""weighted_average"":true}"
anp.producer_importer.diesel_s10.br.weighted_mean,2013-05-26,2013-06-08T02:59:59Z,2026-08-14T23:52:49Z,1.67707,BRL/L,ANP,0,country,BR,Brasil,"{""availability_status"":""official_estimate_in_workbook"",""excludes_icms"":true,""period_end"":""2013-05-26"",""period_start"":""2013-05-20"",""product"":""Óleo Diesel S-10 (R$/litro)"",""publication_lag_days"":12,""weighted_average"":true}"
anp.producer_importer.diesel_s10.br.weighted_mean,2013-06-02,2013-06-15T02:59:59Z,2026-08-14T23:52:49Z,1.67188,BRL/L,ANP,0,country,BR,Brasil,"{""availability_status"":""official_estimate_in_workbook"",""excludes_icms"":true,""period_end"":""2013-06-02"",""period_start"":""2013-05-27"",""product"":""Óleo Diesel S-10 (R$/litro)"",""publication_lag_days"":12,""weighted_average"":true}"
anp.producer_importer.diesel_s10.br.weighted_mean,2013-06-09,2013-06-22T02:59:59Z,2026-08-14T23:52:49Z,1.67363,BRL/L,ANP,0,country,BR,Brasil,"{""availability_status"":""official_estimate_in_workbook"",""excludes_icms"":true,""period_end"":""2013-06-09"",""period_start"":""2013-06-03"",""product"":""Óleo Diesel S-10 (R$/litro)"",""publication_lag_days"":12,""weighted_average"":true}"
anp.producer_importer.diesel_s10.br.weighted_mean,2013-06-16,2013-06-29T02:59:59Z,2026-08-14T23:52:49Z,1.68118,BRL/L,ANP,0,country,BR,Brasil,"{""availability_status"":""official_estimate_in_workbook"",""excludes_icms"":true,""period_end"":""2013-06-16"",""period_start"":""2013-06-10"",""product"":""Óleo Diesel S-10 (R$/litro)"",""publication_lag_days"":12,""weighted_average"":true}"
anp.producer_importer.diesel_s10.br.weighted_mean,2013-06-23,2013-07-06T02:59:59Z,2026-08-14T23:52:49Z,1.6738,BRL/L,ANP,0,country,BR,Brasil,"{""availability_status"":""official_estimate_in_workbook"",""excludes_icms"":true,""period_end"":""2013-06-23"",""period_start"":""2013-06-17"",""product"":""Óleo Diesel S-10 (R$/litro)"",""publication_lag_days"":12,""weighted_average"":true}"
anp.producer_importer.diesel_s10.br.weighted_mean,2013-06-30,2013-07-13T02:59:59Z,2026-08-14T23:52:49Z,1.67766,BRL/L,ANP,0,country,BR,Brasil,"{""availability_status"":""official_estimate_in_workbook"",""excludes_icms"":true,""period_end"":""2013-06-30"",""period_start"":""2013-06-24"",""product"":""Óleo Diesel S-10 (R$/litro)"",""publication_lag_days"":12,""weighted_average"":true}"
anp.producer_importer.diesel_s10.br.weighted_mean,2013-07-07,2013-07-20T02:59:59Z,2026-08-14T23:52:49Z,1.67252,BRL/L,ANP,0,country,BR,Brasil,"{""availability_status"":""official_estimate_in_workbook"",""excludes_icms"":true,""period_end"":""2013-07-07"",""period_start"":""2013-07-01"",""product"":""Óleo Diesel S-10 (R$/litro)"",""publication_lag_days"":12,""weighted_average"":true}"
anp.producer_importer.diesel_s10.br.weighted_mean,2013-07-14,2013-07-27T02:59:59Z,2026-08-14T23:52:49Z,1.67474,BRL/L,ANP,0,country,BR,Brasil,"{""availability_status"":""official_estimate_in_workbook"",""excludes_icms"":true,""period_end"":""2013-07-14"",""period_start"":""2013-07-08"",""product"":""Óleo Diesel S-10 (R$/litro)"",""publication_lag_days"":12,""weighted_average"":true}"
anp.producer_importer.diesel_s10.br.weighted_mean,2013-07-21,2013-08-03T02:59:59Z,2026-08-14T23:52:49Z,1.6757,BRL/L,ANP,0,country,BR,Brasil,"{""availability_status"":""official_estimate_in_workbook"",""excludes_icms"":true,""period_end"":""2013-07-21"",""period_start"":""2013-07-15"",""product"":""Óleo Diesel S-10 (R$/litro)"",""publication_lag_days"":12,""weighted_average"":true}"
anp.producer_importer.diesel_s10.br.weighted_mean,2013-07-28,2013-08-10T02:59:59Z,2026-08-14T23:52:49Z,1.67568,BRL/L,ANP,0,country,BR,Brasil,"{""availability_status"":""official_estimate_in_workbook"",""excludes_icms"":true,""period_end"":""2013-07-28"",""period_start"":""2013-07-22"",""product"":""Óleo Diesel S-10 (R$/litro)"",""publication_lag_days"":12,""weighted_average"":true}"
anp.producer_importer.diesel_s10.br.weighted_mean,2013-08-04,2013-08-17T02:59:59Z,2026-08-14T23:52:49Z,1.67861,BRL/L,ANP,0,country,BR,Brasil,"{""availability_status"":""official_estimate_in_workbook"",""excludes_icms"":true,""period_end"":""2013-08-04"",""period_start"":""2013-07-29"",""product"":""Óleo Diesel S-10 (R$/litro)"",""publication_lag_days"":12,""weighted_average"":true}"
anp.producer_importer.diesel_s10.br.weighted_mean,2013-08-11,2013-08-24T02:59:59Z,2026-08-14T23:52:49Z,1.67352,BRL/L,ANP,0,country,BR,Brasil,"{""availability_status"":""official_estimate_in_workbook"",""excludes_icms"":true,""period_end"":""2013-08-11"",""period_start"":""2013-08-05"",""product"":""Óleo Diesel S-10 (R$/litro)"",""publication_lag_days"":12,""weighted_average"":true}"
anp.producer_importer.diesel_s10.br.weighted_mean,2013-08-18,2013-08-31T02:59:59Z,2026-08-14T23:52:49Z,1.67424,BRL/L,ANP,0,country,BR,Brasil,"{""availability_status"":""official_estimate_in_workbook"",""excludes_icms"":true,""period_end"":""2013-08-18"",""period_start"":""2013-08-12"",""product"":""Óleo Diesel S-10 (R$/litro)"",""publication_lag_days"":12,""weighted_average"":true}"
anp.producer_importer.diesel_s10.br.weighted_mean,2013-08-25,2013-09-07T02:59:59Z,2026-08-14T23:52:49Z,1.67392,BRL/L,ANP,0,country,BR,Brasil,"{""availability_status"":""official_estimate_in_workbook"",""excludes_icms"":true,""period_end"":""2013-08-25"",""period_start"":""2013-08-19"",""product"":""Óleo Diesel S-10 (R$/litro)"",""publication_lag_days"":12,""weighted_average"":true}"
anp.producer_importer.diesel_s10.br.weighted_mean,2013-09-01,2013-09-14T02:59:59Z,2026-08-14T23:52:49Z,1.67792,BRL/L,ANP,0,country,BR,Brasil,"{""availability_status"":""official_estimate_in_workbook"",""excludes_icms"":true,""period_end"":""2013-09-01"",""period_start"":""2013-08-26"",""product"":""Óleo Diesel S-10 (R$/litro)"",""publication_lag_days"":12,""weighted_average"":true}"
anp.producer_importer.diesel_s10.br.weighted_mean,2013-09-08,2013-09-21T02:59:59Z,2026-08-14T23:52:49Z,1.67988,BRL/L,ANP,0,country,BR,Brasil,"{""availability_status"":""official_estimate_in_workbook"",""excludes_icms"":true,""period_end"":""2013-09-08"",""period_start"":""2013-09-02"",""product"":""Óleo Diesel S-10 (R$/litro)"",""publication_lag_days"":12,""weighted_average"":true}"
anp.producer_importer.diesel_s10.br.weighted_mean,2013-09-15,2013-09-28T02:59:59Z,2026-08-14T23:52:49Z,1.67663,BRL/L,ANP,0,country,BR,Brasil,"{""availability_status"":""official_estimate_in_workbook"",""excludes_icms"":true,""period_end"":""2013-09-15"",""period_start"":""2013-09-09"",""product"":""Óleo Diesel S-10 (R$/litro)"",""publication_lag_days"":12,""weighted_average"":true}"
anp.producer_importer.diesel_s10.br.weighted_mean,2013-09-22,2013-10-05T02:59:59Z,2026-08-14T23:52:49Z,1.67867,BRL/L,ANP,0,country,BR,Brasil,"{""availability_status"":""official_estimate_in_workbook"",""excludes_icms"":true,""period_end"":""2013-09-22"",""period_start"":""2013-09-16"",""product"":""Óleo Diesel S-10 (R$/litro)"",""publication_lag_days"":12,""weighted_average"":true}"
anp.producer_importer.diesel_s10.br.weighted_mean,2013-09-29,2013-10-12T02:59:59Z,2026-08-14T23:52:49Z,1.67476,BRL/L,ANP,0,country,BR,Brasil,"{""availability_status"":""official_estimate_in_workbook"",""excludes_icms"":true,""period_end"":""2013-09-29"",""period_start"":""2013-09-23"",""product"":""Óleo Diesel S-10 (R$/litro)"",""publication_lag_days"":12,""weighted_average"":true}"
anp.producer_importer.diesel_s10.br.weighted_mean,2013-10-06,2013-10-19T02:59:59Z,2026-08-14T23:52:49Z,1.67127,BRL/L,ANP,0,country,BR,Brasil,"{""availability_status"":""official_estimate_in_workbook"",""excludes_icms"":true,""period_end"":""2013-10-06"",""period_start"":""2013-09-30"",""product"":""Óleo Diesel S-10 (R$/litro)"",""publication_lag_days"":12,""weighted_average"":true}"
anp.producer_importer.diesel_s10.br.weighted_mean,2013-10-13,2013-10-26T01:59:59Z,2026-08-14T23:52:49Z,1.67629,BRL/L,ANP,0,country,BR,Brasil,"{""availability_status"":""official_estimate_in_workbook"",""excludes_icms"":true,""period_end"":""2013-10-13"",""period_start"":""2013-10-07"",""product"":""Óleo Diesel S-10 (R$/litro)"",""publication_lag_days"":12,""weighted_average"":true}"
anp.producer_importer.diesel_s10.br.weighted_mean,2013-10-20,2013-11-02T01:59:59Z,2026-08-14T23:52:49Z,1.67861,BRL/L,ANP,0,country,BR,Brasil,"{""availability_status"":""official_estimate_in_workbook"",""excludes_icms"":true,""period_end"":""2013-10-20"",""period_start"":""2013-10-14"",""product"":""Óleo Diesel S-10 (R$/litro)"",""publication_lag_days"":12,""weighted_average"":true}"
anp.producer_importer.diesel_s10.br.weighted_mean,2013-10-27,2013-11-09T01:59:59Z,2026-08-14T23:52:49Z,1.67546,BRL/L,ANP,0,country,BR,Brasil,"{""availability_status"":""official_estimate_in_workbook"",""excludes_icms"":true,""period_end"":""2013-10-27"",""period_start"":""2013-10-21"",""product"":""Óleo Diesel S-10 (R$/litro)"",""publication_lag_days"":12,""weighted_average"":true}"
anp.producer_importer.diesel_s10.br.weighted_mean,2013-11-03,2013-11-16T01:59:59Z,2026-08-14T23:52:49Z,1.67131,BRL/L,ANP,0,country,BR,Brasil,"{""availability_status"":""official_estimate_in_workbook"",""excludes_icms"":true,""period_end"":""2013-11-03"",""period_start"":""2013-10-28"",""product"":""Óleo Diesel S-10 (R$/litro)"",""publication_lag_days"":12,""weighted_average"":true}"
anp.producer_importer.diesel_s10.br.weighted_mean,2013-11-10,2013-11-23T01:59:59Z,2026-08-14T23:52:49Z,1.67599,BRL/L,ANP,0,country,BR,Brasil,"{""availability_status"":""official_estimate_in_workbook"",""excludes_icms"":true,""period_end"":""2013-11-10"",""period_start"":""2013-11-04"",""product"":""Óleo Diesel S-10 (R$/litro)"",""publication_lag_days"":12,""weighted_average"":true}"
anp.producer_importer.diesel_s10.br.weighted_mean,2013-11-17,2013-11-30T01:59:59Z,2026-08-14T23:52:49Z,1.67407,BRL/L,ANP,0,country,BR,Brasil,"{""availability_status"":""official_estimate_in_workbook"",""excludes_icms"":true,""period_end"":""2013-11-17"",""period_start"":""2013-11-11"",""product"":""Óleo Diesel S-10 (R$/litro)"",""publication_lag_days"":12,""weighted_average"":true}"
anp.producer_importer.diesel_s10.br.weighted_mean,2013-11-24,2013-12-07T01:59:59Z,2026-08-14T23:52:49Z,1.67715,BRL/L,ANP,0,country,BR,Brasil,"{""availability_status"":""official_estimate_in_workbook"",""excludes_icms"":true,""period_end"":""2013-11-24"",""period_start"":""2013-11-18"",""product"":""Óleo Diesel S-10 (R$/litro)"",""publication_lag_days"":12,""weighted_average"":true}"
anp.producer_importer.diesel_s10.br.weighted_mean,2013-12-01,2013-12-14T01:59:59Z,2026-08-14T23:52:49Z,1.69776,BRL/L,ANP,0,country,BR,Brasil,"{""availability_status"":""official_estimate_in_workbook"",""excludes_icms"":true,""period_end"":""2013-12-01"",""period_start"":""2013-11-25"",""product"":""Óleo Diesel S-10 (R$/litro)"",""publication_lag_days"":12,""weighted_average"":true}"
anp.producer_importer.diesel_s10.br.weighted_mean,2013-12-08,2013-12-21T01:59:59Z,2026-08-14T23:52:49Z,1.8035,BRL/L,ANP,0,country,BR,Brasil,"{""availability_status"":""official_estimate_in_workbook"",""excludes_icms"":true,""period_end"":""2013-12-08"",""period_start"":""2013-12-02"",""product"":""Óleo Diesel S-10 (R$/litro)"",""publication_lag_days"":12,""weighted_average"":true}"
anp.producer_importer.diesel_s10.br.weighted_mean,2013-12-15,2013-12-28T01:59:59Z,2026-08-14T23:52:49Z,1.8009,BRL/L,ANP,0,country,BR,Brasil,"{""availability_status"":""official_estimate_in_workbook"",""excludes_icms"":true,""period_end"":""2013-12-15"",""period_start"":""2013-12-09"",""product"":""Óleo Diesel S-10 (R$/litro)"",""publication_lag_days"":12,""weighted_average"":true}"
anp.producer_importer.diesel_s10.br.weighted_mean,2013-12-22,2014-01-04T01:59:59Z,2026-08-14T23:52:49Z,1.8015,BRL/L,ANP,0,country,BR,Brasil,"{""availability_status"":""official_estimate_in_workbook"",""excludes_icms"":true,""period_end"":""2013-12-22"",""period_start"":""2013-12-16"",""product"":""Óleo Diesel S-10 (R$/litro)"",""publication_lag_days"":12,""weighted_average"":true}"
anp.producer_importer.diesel_s10.br.weighted_mean,2013-12-29,2014-01-11T01:59:59Z,2026-08-14T23:52:49Z,1.80109,BRL/L,ANP,0,country,BR,Brasil,"{""availability_status"":""official_estimate_in_workbook"",""excludes_icms"":true,""period_end"":""2013-12-29"",""period_start"":""2013-12-23"",""product"":""Óleo Diesel S-10 (R$/litro)"",""publication_lag_days"":12,""weighted_average"":true}"
anp.producer_importer.diesel_s10.br.weighted_mean,2014-01-05,2014-01-18T01:59:59Z,2026-08-14T23:52:49Z,1.79997,BRL/L,ANP,0,country,BR,Brasil,"{""availability_status"":""official_estimate_in_workbook"",""excludes_icms"":true,""period_end"":""2014-01-05"",""period_start"":""2013-12-30"",""product"":""Óleo Diesel S-10 (R$/litro)"",""publication_lag_days"":12,""weighted_average"":true}"
anp.producer_importer.diesel_s10.br.weighted_mean,2014-01-12,2014-01-25T01:59:59Z,2026-08-14T23:52:49Z,1.80379,BRL/L,ANP,0,country,BR,Brasil,"{""availability_status"":""official_estimate_in_workbook"",""excludes_icms"":true,""period_end"":""2014-01-12"",""period_start"":""2014-01-06"",""product"":""Óleo Diesel S-10 (R$/litro)"",""publication_lag_days"":12,""weighted_average"":true}"
anp.producer_importer.diesel_s10.br.weighted_mean,2014-01-19,2014-02-01T01:59:59Z,2026-08-14T23:52:49Z,1.80436,BRL/L,ANP,0,country,BR,Brasil,"{""availability_status"":""official_estimate_in_workbook"",""excludes_icms"":true,""period_end"":""2014-01-19"",""period_start"":""2014-01-13"",""product"":""Óleo Diesel S-10 (R$/litro)"",""publication_lag_days"":12,""weighted_average"":true}"
anp.producer_importer.diesel_s10.br.weighted_mean,2014-01-26,2014-02-08T01:59:59Z,2026-08-14T23:52:49Z,1.80544,BRL/L,ANP,0,country,BR,Brasil,"{""availability_status"":""official_estimate_in_workbook"",""excludes_icms"":true,""period_end"":""2014-01-26"",""period_start"":""2014-01-20"",""product"":""Óleo Diesel S-10 (R$/litro)"",""publication_lag_days"":12,""weighted_average"":true}"
anp.producer_importer.diesel_s10.br.weighted_mean,2014-02-02,2014-02-15T01:59:59Z,2026-08-14T23:52:49Z,1.80041,BRL/L,ANP,0,country,BR,Brasil,"{""availability_status"":""official_estimate_in_workbook"",""excludes_icms"":true,""period_end"":""2014-02-02"",""period_start"":""2014-01-27"",""product"":""Óleo Diesel S-10 (R$/litro)"",""publication_lag_days"":12,""weighted_average"":true}"
anp.producer_importer.diesel_s10.br.weighted_mean,2014-02-09,2014-02-22T02:59:59Z,2026-08-14T23:52:49Z,1.80212,BRL/L,ANP,0,country,BR,Brasil,"{""availability_status"":""official_estimate_in_workbook"",""excludes_icms"":true,""period_end"":""2014-02-09"",""period_start"":""2014-02-03"",""product"":""Óleo Diesel S-10 (R$/litro)"",""publication_lag_days"":12,""weighted_average"":true}"
anp.producer_importer.diesel_s10.br.weighted_mean,2014-02-16,2014-03-01T02:59:59Z,2026-08-14T23:52:49Z,1.80617,BRL/L,ANP,0,country,BR,Brasil,"{""availability_status"":""official_estimate_in_workbook"",""excludes_icms"":true,""period_end"":""2014-02-16"",""period_start"":""2014-02-10"",""product"":""Óleo Diesel S-10 (R$/litro)"",""publication_lag_days"":12,""weighted_average"":true}"
anp.producer_importer.diesel_s10.br.weighted_mean,2014-02-23,2014-03-08T02:59:59Z,2026-08-14T23:52:49Z,1.79766,BRL/L,ANP,0,country,BR,Brasil,"{""availability_status"":""official_estimate_in_workbook"",""excludes_icms"":true,""period_end"":""2014-02-23"",""period_start"":""2014-02-17"",""product"":""Óleo Diesel S-10 (R$/litro)"",""publication_lag_days"":12,""weighted_average"":true}"
anp.producer_importer.diesel_s10.br.weighted_mean,2014-03-02,2014-03-15T02:59:59Z,2026-08-14T23:52:49Z,1.81003,BRL/L,ANP,0,country,BR,Brasil,"{""availability_status"":""official_estimate_in_workbook"",""excludes_icms"":true,""period_end"":""2014-03-02"",""period_start"":""2014-02-24"",""product"":""Óleo Diesel S-10 (R$/litro)"",""publication_lag_days"":12,""weighted_average"":true}"
anp.producer_importer.diesel_s10.br.weighted_mean,2014-03-09,2014-03-22T02:59:59Z,2026-08-14T23:52:49Z,1.80646,BRL/L,ANP,0,country,BR,Brasil,"{""availability_status"":""official_estimate_in_workbook"",""excludes_icms"":true,""period_end"":""2014-03-09"",""period_start"":""2014-03-03"",""product"":""Óleo Diesel S-10 (R$/litro)"",""publication_lag_days"":12,""weighted_average"":true}"
anp.producer_importer.diesel_s10.br.weighted_mean,2014-03-16,2014-03-29T02:59:59Z,2026-08-14T23:52:49Z,1.80503,BRL/L,ANP,0,country,BR,Brasil,"{""availability_status"":""official_estimate_in_workbook"",""excludes_icms"":true,""period_end"":""2014-03-16"",""period_start"":""2014-03-10"",""product"":""Óleo Diesel S-10 (R$/litro)"",""publication_lag_days"":12,""weighted_average"":true}"
anp.producer_importer.diesel_s10.br.weighted_mean,2014-03-23,2014-04-05T02:59:59Z,2026-08-14T23:52:49Z,1.81086,BRL/L,ANP,0,country,BR,Brasil,"{""availability_status"":""official_estimate_in_workbook"",""excludes_icms"":true,""period_end"":""2014-03-23"",""period_start"":""2014-03-17"",""product"":""Óleo Diesel S-10 (R$/litro)"",""publication_lag_days"":12,""weighted_average"":true}"
anp.producer_importer.diesel_s10.br.weighted_mean,2014-03-30,2014-04-12T02:59:59Z,2026-08-14T23:52:49Z,1.80402,BRL/L,ANP,0,country,BR,Brasil,"{""availability_status"":""official_estimate_in_workbook"",""excludes_icms"":true,""period_end"":""2014-03-30"",""period_start"":""2014-03-24"",""product"":""Óleo Diesel S-10 (R$/litro)"",""publication_lag_days"":12,""weighted_average"":true}"
anp.producer_importer.diesel_s10.br.weighted_mean,2014-04-06,2014-04-19T02:59:59Z,2026-08-14T23:52:49Z,1.8054,BRL/L,ANP,0,country,BR,Brasil,"{""availability_status"":""official_estimate_in_workbook"",""excludes_icms"":true,""period_end"":""2014-04-06"",""period_start"":""2014-03-31"",""product"":""Óleo Diesel S-10 (R$/litro)"",""publication_lag_days"":12,""weighted_average"":true}"
anp.producer_importer.diesel_s10.br.weighted_mean,2014-04-13,2014-04-26T02:59:59Z,2026-08-14T23:52:49Z,1.80401,BRL/L,ANP,0,country,BR,Brasil,"{""availability_status"":""official_estimate_in_workbook"",""excludes_icms"":true,""period_end"":""2014-04-13"",""period_start"":""2014-04-07"",""product"":""Óleo Diesel S-10 (R$/litro)"",""publication_lag_days"":12,""weighted_average"":true}"
anp.producer_importer.diesel_s10.br.weighted_mean,2014-04-20,2014-05-03T02:59:59Z,2026-08-14T23:52:49Z,1.80435,BRL/L,ANP,0,country,BR,Brasil,"{""availability_status"":""official_estimate_in_workbook"",""excludes_icms"":true,""period_end"":""2014-04-20"",""period_start"":""2014-04-14"",""product"":""Óleo Diesel S-10 (R$/litro)"",""publication_lag_days"":12,""weighted_average"":true}"
anp.producer_importer.diesel_s10.br.weighted_mean,2014-04-27,2014-05-10T02:59:59Z,2026-08-14T23:52:49Z,1.80429,BRL/L,ANP,0,country,BR,Brasil,"{""availability_status"":""official_estimate_in_workbook"",""excludes_icms"":true,""period_end"":""2014-04-27"",""period_start"":""2014-04-21"",""product"":""Óleo Diesel S-10 (R$/litro)"",""publication_lag_days"":12,""weighted_average"":true}"
anp.producer_importer.diesel_s10.br.weighted_mean,2014-05-04,2014-05-17T02:59:59Z,2026-08-14T23:52:49Z,1.80132,BRL/L,ANP,0,country,BR,Brasil,"{""availability_status"":""official_estimate_in_workbook"",""excludes_icms"":true,""period_end"":""2014-05-04"",""period_start"":""2014-04-28"",""product"":""Óleo Diesel S-10 (R$/litro)"",""publication_lag_days"":12,""weighted_average"":true}"
anp.producer_importer.diesel_s10.br.weighted_mean,2014-05-11,2014-05-24T02:59:59Z,2026-08-14T23:52:49Z,1.81265,BRL/L,ANP,0,country,BR,Brasil,"{""availability_status"":""official_estimate_in_workbook"",""excludes_icms"":true,""period_end"":""2014-05-11"",""period_start"":""2014-05-05"",""product"":""Óleo Diesel S-10 (R$/litro)"",""publication_lag_days"":12,""weighted_average"":true}"
anp.producer_importer.diesel_s10.br.weighted_mean,2014-05-18,2014-05-31T02:59:59Z,2026-08-14T23:52:49Z,1.80717,BRL/L,ANP,0,country,BR,Brasil,"{""availability_status"":""official_estimate_in_workbook"",""excludes_icms"":true,""period_end"":""2014-05-18"",""period_start"":""2014-05-12"",""product"":""Óleo Diesel S-10 (R$/litro)"",""publication_lag_days"":12,""weighted_average"":true}"
anp.producer_importer.diesel_s10.br.weighted_mean,2014-05-25,2014-06-07T02:59:59Z,2026-08-14T23:52:49Z,1.80699,BRL/L,ANP,0,country,BR,Brasil,"{""availability_status"":""official_estimate_in_workbook"",""excludes_icms"":true,""period_end"":""2014-05-25"",""period_start"":""2014-05-19"",""product"":""Óleo Diesel S-10 (R$/litro)"",""publication_lag_days"":12,""weighted_average"":true}"
anp.producer_importer.diesel_s10.br.weighted_mean,2014-06-01,2014-06-14T02:59:59Z,2026-08-14T23:52:49Z,1.80774,BRL/L,ANP,0,country,BR,Brasil,"{""availability_status"":""official_estimate_in_workbook"",""excludes_icms"":true,""period_end"":""2014-06-01"",""period_start"":""2014-05-26"",""product"":""Óleo Diesel S-10 (R$/litro)"",""publication_lag_days"":12,""weighted_average"":true}"
anp.producer_importer.diesel_s10.br.weighted_mean,2014-06-08,2014-06-21T02:59:59Z,2026-08-14T23:52:49Z,1.81199,BRL/L,ANP,0,country,BR,Brasil,"{""availability_status"":""official_estimate_in_workbook"",""excludes_icms"":true,""period_end"":""2014-06-08"",""period_start"":""2014-06-02"",""product"":""Óleo Diesel S-10 (R$/litro)"",""publication_lag_days"":12,""weighted_average"":true}"
anp.producer_importer.diesel_s10.br.weighted_mean,2014-06-15,2014-06-28T02:59:59Z,2026-08-14T23:52:49Z,1.81058,BRL/L,ANP,0,country,BR,Brasil,"{""availability_status"":""official_estimate_in_workbook"",""excludes_icms"":true,""period_end"":""2014-06-15"",""period_start"":""2014-06-09"",""product"":""Óleo Diesel S-10 (R$/litro)"",""publication_lag_days"":12,""weighted_average"":true}"
anp.producer_importer.diesel_s10.br.weighted_mean,2014-06-22,2014-07-05T02:59:59Z,2026-08-14T23:52:49Z,1.80364,BRL/L,ANP,0,country,BR,Brasil,"{""availability_status"":""official_estimate_in_workbook"",""excludes_icms"":true,""period_end"":""2014-06-22"",""period_start"":""2014-06-16"",""product"":""Óleo Diesel S-10 (R$/litro)"",""publication_lag_days"":12,""weighted_average"":true}"
anp.producer_importer.diesel_s10.br.weighted_mean,2014-06-29,2014-07-12T02:59:59Z,2026-08-14T23:52:49Z,1.80492,BRL/L,ANP,0,country,BR,Brasil,"{""availability_status"":""official_estimate_in_workbook"",""excludes_icms"":true,""period_end"":""2014-06-29"",""period_start"":""2014-06-23"",""product"":""Óleo Diesel S-10 (R$/litro)"",""publication_lag_days"":12,""weighted_average"":true}"
anp.producer_importer.diesel_s10.br.weighted_mean,2014-07-06,2014-07-19T02:59:59Z,2026-08-14T23:52:49Z,1.8122,BRL/L,ANP,0,country,BR,Brasil,"{""availability_status"":""official_estimate_in_workbook"",""excludes_icms"":true,""period_end"":""2014-07-06"",""period_start"":""2014-06-30"",""product"":""Óleo Diesel S-10 (R$/litro)"",""publication_lag_days"":12,""weighted_average"":true}"
anp.producer_importer.diesel_s10.br.weighted_mean,2014-07-13,2014-07-26T02:59:59Z,2026-08-14T23:52:49Z,1.80996,BRL/L,ANP,0,country,BR,Brasil,"{""availability_status"":""official_estimate_in_workbook"",""excludes_icms"":true,""period_end"":""2014-07-13"",""period_start"":""2014-07-07"",""product"":""Óleo Diesel S-10 (R$/litro)"",""publication_lag_days"":12,""weighted_average"":true}"
anp.producer_importer.diesel_s10.br.weighted_mean,2014-07-20,2014-08-02T02:59:59Z,2026-08-14T23:52:49Z,1.80621,BRL/L,ANP,0,country,BR,Brasil,"{""availability_status"":""official_estimate_in_workbook"",""excludes_icms"":true,""period_end"":""2014-07-20"",""period_start"":""2014-07-14"",""product"":""Óleo Diesel S-10 (R$/litro)"",""publication_lag_days"":12,""weighted_average"":true}"
anp.producer_importer.diesel_s10.br.weighted_mean,2014-07-27,2014-08-09T02:59:59Z,2026-08-14T23:52:49Z,1.80868,BRL/L,ANP,0,country,BR,Brasil,"{""availability_status"":""official_estimate_in_workbook"",""excludes_icms"":true,""period_end"":""2014-07-27"",""period_start"":""2014-07-21"",""product"":""Óleo Diesel S-10 (R$/litro)"",""publication_lag_days"":12,""weighted_average"":true}"
anp.producer_importer.diesel_s10.br.weighted_mean,2014-08-03,2014-08-16T02:59:59Z,2026-08-14T23:52:49Z,1.80383,BRL/L,ANP,0,country,BR,Brasil,"{""availability_status"":""official_estimate_in_workbook"",""excludes_icms"":true,""period_end"":""2014-08-03"",""period_start"":""2014-07-28"",""product"":""Óleo Diesel S-10 (R$/litro)"",""publication_lag_days"":12,""weighted_average"":true}"
anp.producer_importer.diesel_s10.br.weighted_mean,2014-08-10,2014-08-23T02:59:59Z,2026-08-14T23:52:49Z,1.80614,BRL/L,ANP,0,country,BR,Brasil,"{""availability_status"":""official_estimate_in_workbook"",""excludes_icms"":true,""period_end"":""2014-08-10"",""period_start"":""2014-08-04"",""product"":""Óleo Diesel S-10 (R$/litro)"",""publication_lag_days"":12,""weighted_average"":true}"
anp.producer_importer.diesel_s10.br.weighted_mean,2014-08-17,2014-08-30T02:59:59Z,2026-08-14T23:52:49Z,1.80852,BRL/L,ANP,0,country,BR,Brasil,"{""availability_status"":""official_estimate_in_workbook"",""excludes_icms"":true,""period_end"":""2014-08-17"",""period_start"":""2014-08-11"",""product"":""Óleo Diesel S-10 (R$/litro)"",""publication_lag_days"":12,""weighted_average"":true}"
anp.producer_importer.diesel_s10.br.weighted_mean,2014-08-24,2014-09-06T02:59:59Z,2026-08-14T23:52:49Z,1.79997,BRL/L,ANP,0,country,BR,Brasil,"{""availability_status"":""official_estimate_in_workbook"",""excludes_icms"":true,""period_end"":""2014-08-24"",""period_start"":""2014-08-18"",""product"":""Óleo Diesel S-10 (R$/litro)"",""publication_lag_days"":12,""weighted_average"":true}"
anp.producer_importer.diesel_s10.br.weighted_mean,2014-08-31,2014-09-13T02:59:59Z,2026-08-14T23:52:49Z,1.81158,BRL/L,ANP,0,country,BR,Brasil,"{""availability_status"":""official_estimate_in_workbook"",""excludes_icms"":true,""period_end"":""2014-08-31"",""period_start"":""2014-08-25"",""product"":""Óleo Diesel S-10 (R$/litro)"",""publication_lag_days"":12,""weighted_average"":true}"
anp.producer_importer.diesel_s10.br.weighted_mean,2014-09-07,2014-09-20T02:59:59Z,2026-08-14T23:52:49Z,1.80899,BRL/L,ANP,0,country,BR,Brasil,"{""availability_status"":""official_estimate_in_workbook"",""excludes_icms"":true,""period_end"":""2014-09-07"",""period_start"":""2014-09-01"",""product"":""Óleo Diesel S-10 (R$/litro)"",""publication_lag_days"":12,""weighted_average"":true}"
anp.producer_importer.diesel_s10.br.weighted_mean,2014-09-14,2014-09-27T02:59:59Z,2026-08-14T23:52:49Z,1.80853,BRL/L,ANP,0,country,BR,Brasil,"{""availability_status"":""official_estimate_in_workbook"",""excludes_icms"":true,""period_end"":""2014-09-14"",""period_start"":""2014-09-08"",""product"":""Óleo Diesel S-10 (R$/litro)"",""publication_lag_days"":12,""weighted_average"":true}"
anp.producer_importer.diesel_s10.br.weighted_mean,2014-09-21,2014-10-04T02:59:59Z,2026-08-14T23:52:49Z,1.80537,BRL/L,ANP,0,country,BR,Brasil,"{""availability_status"":""official_estimate_in_workbook"",""excludes_icms"":true,""period_end"":""2014-09-21"",""period_start"":""2014-09-15"",""product"":""Óleo Diesel S-10 (R$/litro)"",""publication_lag_days"":12,""weighted_average"":true}"
anp.producer_importer.diesel_s10.br.weighted_mean,2014-09-28,2014-10-11T02:59:59Z,2026-08-14T23:52:49Z,1.8099,BRL/L,ANP,0,country,BR,Brasil,"{""availability_status"":""official_estimate_in_workbook"",""excludes_icms"":true,""period_end"":""2014-09-28"",""period_start"":""2014-09-22"",""product"":""Óleo Diesel S-10 (R$/litro)"",""publication_lag_days"":12,""weighted_average"":true}"
anp.producer_importer.diesel_s10.br.weighted_mean,2014-10-05,2014-10-18T02:59:59Z,2026-08-14T23:52:49Z,1.80895,BRL/L,ANP,0,country,BR,Brasil,"{""availability_status"":""official_estimate_in_workbook"",""excludes_icms"":true,""period_end"":""2014-10-05"",""period_start"":""2014-09-29"",""product"":""Óleo Diesel S-10 (R$/litro)"",""publication_lag_days"":12,""weighted_average"":true}"
anp.producer_importer.diesel_s10.br.weighted_mean,2014-10-12,2014-10-25T01:59:59Z,2026-08-14T23:52:49Z,1.80919,BRL/L,ANP,0,country,BR,Brasil,"{""availability_status"":""official_estimate_in_workbook"",""excludes_icms"":true,""period_end"":""2014-10-12"",""period_start"":""2014-10-06"",""product"":""Óleo Diesel S-10 (R$/litro)"",""publication_lag_days"":12,""weighted_average"":true}"
anp.producer_importer.diesel_s10.br.weighted_mean,2014-10-19,2014-11-01T01:59:59Z,2026-08-14T23:52:49Z,1.80711,BRL/L,ANP,0,country,BR,Brasil,"{""availability_status"":""official_estimate_in_workbook"",""excludes_icms"":true,""period_end"":""2014-10-19"",""period_start"":""2014-10-13"",""product"":""Óleo Diesel S-10 (R$/litro)"",""publication_lag_days"":12,""weighted_average"":true}"
anp.producer_importer.diesel_s10.br.weighted_mean,2014-10-26,2014-11-08T01:59:59Z,2026-08-14T23:52:49Z,1.80767,BRL/L,ANP,0,country,BR,Brasil,"{""availability_status"":""official_estimate_in_workbook"",""excludes_icms"":true,""period_end"":""2014-10-26"",""period_start"":""2014-10-20"",""product"":""Óleo Diesel S-10 (R$/litro)"",""publication_lag_days"":12,""weighted_average"":true}"
anp.producer_importer.diesel_s10.br.weighted_mean,2014-11-02,2014-11-15T01:59:59Z,2026-08-14T23:52:49Z,1.80564,BRL/L,ANP,0,country,BR,Brasil,"{""availability_status"":""official_estimate_in_workbook"",""excludes_icms"":true,""period_end"":""2014-11-02"",""period_start"":""2014-10-27"",""product"":""Óleo Diesel S-10 (R$/litro)"",""publication_lag_days"":12,""weighted_average"":true}"
anp.producer_importer.diesel_s10.br.weighted_mean,2014-11-09,2014-11-22T01:59:59Z,2026-08-14T23:52:49Z,1.8351,BRL/L,ANP,0,country,BR,Brasil,"{""availability_status"":""official_estimate_in_workbook"",""excludes_icms"":true,""period_end"":""2014-11-09"",""period_start"":""2014-11-03"",""product"":""Óleo Diesel S-10 (R$/litro)"",""publication_lag_days"":12,""weighted_average"":true}"
anp.producer_importer.diesel_s10.br.weighted_mean,2014-11-16,2014-11-29T01:59:59Z,2026-08-14T23:52:49Z,1.89415,BRL/L,ANP,0,country,BR,Brasil,"{""availability_status"":""official_estimate_in_workbook"",""excludes_icms"":true,""period_end"":""2014-11-16"",""period_start"":""2014-11-10"",""product"":""Óleo Diesel S-10 (R$/litro)"",""publication_lag_days"":12,""weighted_average"":true}"
anp.producer_importer.diesel_s10.br.weighted_mean,2014-11-23,2014-12-06T01:59:59Z,2026-08-14T23:52:49Z,1.88821,BRL/L,ANP,0,country,BR,Brasil,"{""availability_status"":""official_estimate_in_workbook"",""excludes_icms"":true,""period_end"":""2014-11-23"",""period_start"":""2014-11-17"",""product"":""Óleo Diesel S-10 (R$/litro)"",""publication_lag_days"":12,""weighted_average"":true}"
anp.producer_importer.diesel_s10.br.weighted_mean,2014-11-30,2014-12-13T01:59:59Z,2026-08-14T23:52:49Z,1.88771,BRL/L,ANP,0,country,BR,Brasil,"{""availability_status"":""official_estimate_in_workbook"",""excludes_icms"":true,""period_end"":""2014-11-30"",""period_start"":""2014-11-24"",""product"":""Óleo Diesel S-10 (R$/litro)"",""publication_lag_days"":12,""weighted_average"":true}"
anp.producer_importer.diesel_s10.br.weighted_mean,2014-12-07,2014-12-20T01:59:59Z,2026-08-14T23:52:49Z,1.88529,BRL/L,ANP,0,country,BR,Brasil,"{""availability_status"":""official_estimate_in_workbook"",""excludes_icms"":true,""period_end"":""2014-12-07"",""period_start"":""2014-12-01"",""product"":""Óleo Diesel S-10 (R$/litro)"",""publication_lag_days"":12,""weighted_average"":true}"
anp.producer_importer.diesel_s10.br.weighted_mean,2014-12-14,2014-12-27T01:59:59Z,2026-08-14T23:52:49Z,1.88302,BRL/L,ANP,0,country,BR,Brasil,"{""availability_status"":""official_estimate_in_workbook"",""excludes_icms"":true,""period_end"":""2014-12-14"",""period_start"":""2014-12-08"",""product"":""Óleo Diesel S-10 (R$/litro)"",""publication_lag_days"":12,""weighted_average"":true}"
anp.producer_importer.diesel_s10.br.weighted_mean,2014-12-21,2015-01-03T01:59:59Z,2026-08-14T23:52:49Z,1.89069,BRL/L,ANP,0,country,BR,Brasil,"{""availability_status"":""official_estimate_in_workbook"",""excludes_icms"":true,""period_end"":""2014-12-21"",""period_start"":""2014-12-15"",""product"":""Óleo Diesel S-10 (R$/litro)"",""publication_lag_days"":12,""weighted_average"":true}"
anp.producer_importer.diesel_s10.br.weighted_mean,2014-12-28,2015-01-10T01:59:59Z,2026-08-14T23:52:49Z,1.88048,BRL/L,ANP,0,country,BR,Brasil,"{""availability_status"":""official_estimate_in_workbook"",""excludes_icms"":true,""period_end"":""2014-12-28"",""period_start"":""2014-12-22"",""product"":""Óleo Diesel S-10 (R$/litro)"",""publication_lag_days"":12,""weighted_average"":true}"
anp.producer_importer.diesel_s10.br.weighted_mean,2015-01-04,2015-01-17T01:59:59Z,2026-08-14T23:52:49Z,1.89689,BRL/L,ANP,0,country,BR,Brasil,"{""availability_status"":""official_estimate_in_workbook"",""excludes_icms"":true,""period_end"":""2015-01-04"",""period_start"":""2014-12-29"",""product"":""Óleo Diesel S-10 (R$/litro)"",""publication_lag_days"":12,""weighted_average"":true}"
anp.producer_importer.diesel_s10.br.weighted_mean,2015-01-11,2015-01-24T01:59:59Z,2026-08-14T23:52:49Z,1.8837,BRL/L,ANP,0,country,BR,Brasil,"{""availability_status"":""official_estimate_in_workbook"",""excludes_icms"":true,""period_end"":""2015-01-11"",""period_start"":""2015-01-05"",""product"":""Óleo Diesel S-10 (R$/litro)"",""publication_lag_days"":12,""weighted_average"":true}"
anp.producer_importer.diesel_s10.br.weighted_mean,2015-01-18,2015-01-31T01:59:59Z,2026-08-14T23:52:49Z,1.88328,BRL/L,ANP,0,country,BR,Brasil,"{""availability_status"":""official_estimate_in_workbook"",""excludes_icms"":true,""period_end"":""2015-01-18"",""period_start"":""2015-01-12"",""product"":""Óleo Diesel S-10 (R$/litro)"",""publication_lag_days"":12,""weighted_average"":true}"
anp.producer_importer.diesel_s10.br.weighted_mean,2015-01-25,2015-02-07T01:59:59Z,2026-08-14T23:52:49Z,1.89153,BRL/L,ANP,0,country,BR,Brasil,"{""availability_status"":""official_estimate_in_workbook"",""excludes_icms"":true,""period_end"":""2015-01-25"",""period_start"":""2015-01-19"",""product"":""Óleo Diesel S-10 (R$/litro)"",""publication_lag_days"":12,""weighted_average"":true}"
anp.producer_importer.diesel_s10.br.weighted_mean,2015-02-01,2015-02-14T01:59:59Z,2026-08-14T23:52:49Z,1.90125,BRL/L,ANP,0,country,BR,Brasil,"{""availability_status"":""official_estimate_in_workbook"",""excludes_icms"":true,""period_end"":""2015-02-01"",""period_start"":""2015-01-26"",""product"":""Óleo Diesel S-10 (R$/litro)"",""publication_lag_days"":12,""weighted_average"":true}"
anp.producer_importer.diesel_s10.br.weighted_mean,2015-02-08,2015-02-21T01:59:59Z,2026-08-14T23:52:49Z,2.03781,BRL/L,ANP,0,country,BR,Brasil,"{""availability_status"":""official_estimate_in_workbook"",""excludes_icms"":true,""period_end"":""2015-02-08"",""period_start"":""2015-02-02"",""product"":""Óleo Diesel S-10 (R$/litro)"",""publication_lag_days"":12,""weighted_average"":true}"
anp.producer_importer.diesel_s10.br.weighted_mean,2015-02-15,2015-02-28T02:59:59Z,2026-08-14T23:52:49Z,2.04094,BRL/L,ANP,0,country,BR,Brasil,"{""availability_status"":""official_estimate_in_workbook"",""excludes_icms"":true,""period_end"":""2015-02-15"",""period_start"":""2015-02-09"",""product"":""Óleo Diesel S-10 (R$/litro)"",""publication_lag_days"":12,""weighted_average"":true}"
anp.producer_importer.diesel_s10.br.weighted_mean,2015-02-22,2015-03-07T02:59:59Z,2026-08-14T23:52:49Z,2.0392,BRL/L,ANP,0,country,BR,Brasil,"{""availability_status"":""official_estimate_in_workbook"",""excludes_icms"":true,""period_end"":""2015-02-22"",""period_start"":""2015-02-16"",""product"":""Óleo Diesel S-10 (R$/litro)"",""publication_lag_days"":12,""weighted_average"":true}"
anp.producer_importer.diesel_s10.br.weighted_mean,2015-03-01,2015-03-14T02:59:59Z,2026-08-14T23:52:49Z,2.04228,BRL/L,ANP,0,country,BR,Brasil,"{""availability_status"":""official_estimate_in_workbook"",""excludes_icms"":true,""period_end"":""2015-03-01"",""period_start"":""2015-02-23"",""product"":""Óleo Diesel S-10 (R$/litro)"",""publication_lag_days"":12,""weighted_average"":true}"
anp.producer_importer.diesel_s10.br.weighted_mean,2015-03-08,2015-03-21T02:59:59Z,2026-08-14T23:52:49Z,2.03274,BRL/L,ANP,0,country,BR,Brasil,"{""availability_status"":""official_estimate_in_workbook"",""excludes_icms"":true,""period_end"":""2015-03-08"",""period_start"":""2015-03-02"",""product"":""Óleo Diesel S-10 (R$/litro)"",""publication_lag_days"":12,""weighted_average"":true}"
anp.producer_importer.diesel_s10.br.weighted_mean,2015-03-15,2015-03-28T02:59:59Z,2026-08-14T23:52:49Z,2.05147,BRL/L,ANP,0,country,BR,Brasil,"{""availability_status"":""official_estimate_in_workbook"",""excludes_icms"":true,""period_end"":""2015-03-15"",""period_start"":""2015-03-09"",""product"":""Óleo Diesel S-10 (R$/litro)"",""publication_lag_days"":12,""weighted_average"":true}"
anp.producer_importer.diesel_s10.br.weighted_mean,2015-03-22,2015-04-04T02:59:59Z,2026-08-14T23:52:49Z,2.03229,BRL/L,ANP,0,country,BR,Brasil,"{""availability_status"":""official_estimate_in_workbook"",""excludes_icms"":true,""period_end"":""2015-03-22"",""period_start"":""2015-03-16"",""product"":""Óleo Diesel S-10 (R$/litro)"",""publication_lag_days"":12,""weighted_average"":true}"
anp.producer_importer.diesel_s10.br.weighted_mean,2015-03-29,2015-04-11T02:59:59Z,2026-08-14T23:52:49Z,2.03928,BRL/L,ANP,0,country,BR,Brasil,"{""availability_status"":""official_estimate_in_workbook"",""excludes_icms"":true,""period_end"":""2015-03-29"",""period_start"":""2015-03-23"",""product"":""Óleo Diesel S-10 (R$/litro)"",""publication_lag_days"":12,""weighted_average"":true}"
anp.producer_importer.diesel_s10.br.weighted_mean,2015-04-05,2015-04-18T02:59:59Z,2026-08-14T23:52:49Z,2.0435,BRL/L,ANP,0,country,BR,Brasil,"{""availability_status"":""official_estimate_in_workbook"",""excludes_icms"":true,""period_end"":""2015-04-05"",""period_start"":""2015-03-30"",""product"":""Óleo Diesel S-10 (R$/litro)"",""publication_lag_days"":12,""weighted_average"":true}"
anp.producer_importer.diesel_s10.br.weighted_mean,2015-04-12,2015-04-25T02:59:59Z,2026-08-14T23:52:49Z,2.03734,BRL/L,ANP,0,country,BR,Brasil,"{""availability_status"":""official_estimate_in_workbook"",""excludes_icms"":true,""period_end"":""2015-04-12"",""period_start"":""2015-04-06"",""product"":""Óleo Diesel S-10 (R$/litro)"",""publication_lag_days"":12,""weighted_average"":true}"
anp.producer_importer.diesel_s10.br.weighted_mean,2015-04-19,2015-05-02T02:59:59Z,2026-08-14T23:52:49Z,2.04116,BRL/L,ANP,0,country,BR,Brasil,"{""availability_status"":""official_estimate_in_workbook"",""excludes_icms"":true,""period_end"":""2015-04-19"",""period_start"":""2015-04-13"",""product"":""Óleo Diesel S-10 (R$/litro)"",""publication_lag_days"":12,""weighted_average"":true}"
anp.producer_importer.diesel_s10.br.weighted_mean,2015-04-26,2015-05-09T02:59:59Z,2026-08-14T23:52:49Z,2.0353,BRL/L,ANP,0,country,BR,Brasil,"{""availability_status"":""official_estimate_in_workbook"",""excludes_icms"":true,""period_end"":""2015-04-26"",""period_start"":""2015-04-20"",""product"":""Óleo Diesel S-10 (R$/litro)"",""publication_lag_days"":12,""weighted_average"":true}"
anp.producer_importer.diesel_s10.br.weighted_mean,2015-05-03,2015-05-16T02:59:59Z,2026-08-14T23:52:49Z,2.04528,BRL/L,ANP,0,country,BR,Brasil,"{""availability_status"":""official_estimate_in_workbook"",""excludes_icms"":true,""period_end"":""2015-05-03"",""period_start"":""2015-04-27"",""product"":""Óleo Diesel S-10 (R$/litro)"",""publication_lag_days"":12,""weighted_average"":true}"
anp.producer_importer.diesel_s10.br.weighted_mean,2015-05-10,2015-05-23T02:59:59Z,2026-08-14T23:52:49Z,2.03743,BRL/L,ANP,0,country,BR,Brasil,"{""availability_status"":""official_estimate_in_workbook"",""excludes_icms"":true,""period_end"":""2015-05-10"",""period_start"":""2015-05-04"",""product"":""Óleo Diesel S-10 (R$/litro)"",""publication_lag_days"":12,""weighted_average"":true}"
anp.producer_importer.diesel_s10.br.weighted_mean,2015-05-17,2015-05-30T02:59:59Z,2026-08-14T23:52:49Z,2.04411,BRL/L,ANP,0,country,BR,Brasil,"{""availability_status"":""official_estimate_in_workbook"",""excludes_icms"":true,""period_end"":""2015-05-17"",""period_start"":""2015-05-11"",""product"":""Óleo Diesel S-10 (R$/litro)"",""publication_lag_days"":12,""weighted_average"":true}"
anp.producer_importer.diesel_s10.br.weighted_mean,2015-05-24,2015-06-06T02:59:59Z,2026-08-14T23:52:49Z,2.04207,BRL/L,ANP,0,country,BR,Brasil,"{""availability_status"":""official_estimate_in_workbook"",""excludes_icms"":true,""period_end"":""2015-05-24"",""period_start"":""2015-05-18"",""product"":""Óleo Diesel S-10 (R$/litro)"",""publication_lag_days"":12,""weighted_average"":true}"
anp.producer_importer.diesel_s10.br.weighted_mean,2015-05-31,2015-06-13T02:59:59Z,2026-08-14T23:52:49Z,2.04116,BRL/L,ANP,0,country,BR,Brasil,"{""availability_status"":""official_estimate_in_workbook"",""excludes_icms"":true,""period_end"":""2015-05-31"",""period_start"":""2015-05-25"",""product"":""Óleo Diesel S-10 (R$/litro)"",""publication_lag_days"":12,""weighted_average"":true}"
anp.producer_importer.diesel_s10.br.weighted_mean,2015-06-07,2015-06-20T02:59:59Z,2026-08-14T23:52:49Z,2.04095,BRL/L,ANP,0,country,BR,Brasil,"{""availability_status"":""official_estimate_in_workbook"",""excludes_icms"":true,""period_end"":""2015-06-07"",""period_start"":""2015-06-01"",""product"":""Óleo Diesel S-10 (R$/litro)"",""publication_lag_days"":12,""weighted_average"":true}"
anp.producer_importer.diesel_s10.br.weighted_mean,2015-06-14,2015-06-27T02:59:59Z,2026-08-14T23:52:49Z,2.03939,BRL/L,ANP,0,country,BR,Brasil,"{""availability_status"":""official_estimate_in_workbook"",""excludes_icms"":true,""period_end"":""2015-06-14"",""period_start"":""2015-06-08"",""product"":""Óleo Diesel S-10 (R$/litro)"",""publication_lag_days"":12,""weighted_average"":true}"
anp.producer_importer.diesel_s10.br.weighted_mean,2015-06-21,2015-07-04T02:59:59Z,2026-08-14T23:52:49Z,2.04731,BRL/L,ANP,0,country,BR,Brasil,"{""availability_status"":""official_estimate_in_workbook"",""excludes_icms"":true,""period_end"":""2015-06-21"",""period_start"":""2015-06-15"",""product"":""Óleo Diesel S-10 (R$/litro)"",""publication_lag_days"":12,""weighted_average"":true}"
anp.producer_importer.diesel_s10.br.weighted_mean,2015-06-28,2015-07-11T02:59:59Z,2026-08-14T23:52:49Z,2.04568,BRL/L,ANP,0,country,BR,Brasil,"{""availability_status"":""official_estimate_in_workbook"",""excludes_icms"":true,""period_end"":""2015-06-28"",""period_start"":""2015-06-22"",""product"":""Óleo Diesel S-10 (R$/litro)"",""publication_lag_days"":12,""weighted_average"":true}"
anp.producer_importer.diesel_s10.br.weighted_mean,2015-07-05,2015-07-18T02:59:59Z,2026-08-14T23:52:49Z,2.04318,BRL/L,ANP,0,country,BR,Brasil,"{""availability_status"":""official_estimate_in_workbook"",""excludes_icms"":true,""period_end"":""2015-07-05"",""period_start"":""2015-06-29"",""product"":""Óleo Diesel S-10 (R$/litro)"",""publication_lag_days"":12,""weighted_average"":true}"
anp.producer_importer.diesel_s10.br.weighted_mean,2015-07-12,2015-07-25T02:59:59Z,2026-08-14T23:52:49Z,2.04214,BRL/L,ANP,0,country,BR,Brasil,"{""availability_status"":""official_estimate_in_workbook"",""excludes_icms"":true,""period_end"":""2015-07-12"",""period_start"":""2015-07-06"",""product"":""Óleo Diesel S-10 (R$/litro)"",""publication_lag_days"":12,""weighted_average"":true}"
anp.producer_importer.diesel_s10.br.weighted_mean,2015-07-19,2015-08-01T02:59:59Z,2026-08-14T23:52:49Z,2.03553,BRL/L,ANP,0,country,BR,Brasil,"{""availability_status"":""official_estimate_in_workbook"",""excludes_icms"":true,""period_end"":""2015-07-19"",""period_start"":""2015-07-13"",""product"":""Óleo Diesel S-10 (R$/litro)"",""publication_lag_days"":12,""weighted_average"":true}"
anp.producer_importer.diesel_s10.br.weighted_mean,2015-07-26,2015-08-08T02:59:59Z,2026-08-14T23:52:49Z,2.04412,BRL/L,ANP,0,country,BR,Brasil,"{""availability_status"":""official_estimate_in_workbook"",""excludes_icms"":true,""period_end"":""2015-07-26"",""period_start"":""2015-07-20"",""product"":""Óleo Diesel S-10 (R$/litro)"",""publication_lag_days"":12,""weighted_average"":true}"
anp.producer_importer.diesel_s10.br.weighted_mean,2015-08-02,2015-08-15T02:59:59Z,2026-08-14T23:52:49Z,2.03332,BRL/L,ANP,0,country,BR,Brasil,"{""availability_status"":""official_estimate_in_workbook"",""excludes_icms"":true,""period_end"":""2015-08-02"",""period_start"":""2015-07-27"",""product"":""Óleo Diesel S-10 (R$/litro)"",""publication_lag_days"":12,""weighted_average"":true}"
anp.producer_importer.diesel_s10.br.weighted_mean,2015-08-09,2015-08-22T02:59:59Z,2026-08-14T23:52:49Z,2.03775,BRL/L,ANP,0,country,BR,Brasil,"{""availability_status"":""official_estimate_in_workbook"",""excludes_icms"":true,""period_end"":""2015-08-09"",""period_start"":""2015-08-03"",""product"":""Óleo Diesel S-10 (R$/litro)"",""publication_lag_days"":12,""weighted_average"":true}"
anp.producer_importer.diesel_s10.br.weighted_mean,2015-08-16,2015-08-29T02:59:59Z,2026-08-14T23:52:49Z,2.03567,BRL/L,ANP,0,country,BR,Brasil,"{""availability_status"":""official_estimate_in_workbook"",""excludes_icms"":true,""period_end"":""2015-08-16"",""period_start"":""2015-08-10"",""product"":""Óleo Diesel S-10 (R$/litro)"",""publication_lag_days"":12,""weighted_average"":true}"
anp.producer_importer.diesel_s10.br.weighted_mean,2015-08-23,2015-09-05T02:59:59Z,2026-08-14T23:52:49Z,2.03677,BRL/L,ANP,0,country,BR,Brasil,"{""availability_status"":""official_estimate_in_workbook"",""excludes_icms"":true,""period_end"":""2015-08-23"",""period_start"":""2015-08-17"",""product"":""Óleo Diesel S-10 (R$/litro)"",""publication_lag_days"":12,""weighted_average"":true}"
anp.producer_importer.diesel_s10.br.weighted_mean,2015-08-30,2015-09-12T02:59:59Z,2026-08-14T23:52:49Z,2.03849,BRL/L,ANP,0,country,BR,Brasil,"{""availability_status"":""official_estimate_in_workbook"",""excludes_icms"":true,""period_end"":""2015-08-30"",""period_start"":""2015-08-24"",""product"":""Óleo Diesel S-10 (R$/litro)"",""publication_lag_days"":12,""weighted_average"":true}"
anp.producer_importer.diesel_s10.br.weighted_mean,2015-09-06,2015-09-19T02:59:59Z,2026-08-14T23:52:49Z,2.03665,BRL/L,ANP,0,country,BR,Brasil,"{""availability_status"":""official_estimate_in_workbook"",""excludes_icms"":true,""period_end"":""2015-09-06"",""period_start"":""2015-08-31"",""product"":""Óleo Diesel S-10 (R$/litro)"",""publication_lag_days"":12,""weighted_average"":true}"
anp.producer_importer.diesel_s10.br.weighted_mean,2015-09-13,2015-09-26T02:59:59Z,2026-08-14T23:52:49Z,2.02897,BRL/L,ANP,0,country,BR,Brasil,"{""availability_status"":""official_estimate_in_workbook"",""excludes_icms"":true,""period_end"":""2015-09-13"",""period_start"":""2015-09-07"",""product"":""Óleo Diesel S-10 (R$/litro)"",""publication_lag_days"":12,""weighted_average"":true}"
anp.producer_importer.diesel_s10.br.weighted_mean,2015-09-20,2015-10-03T02:59:59Z,2026-08-14T23:52:49Z,2.02936,BRL/L,ANP,0,country,BR,Brasil,"{""availability_status"":""official_estimate_in_workbook"",""excludes_icms"":true,""period_end"":""2015-09-20"",""period_start"":""2015-09-14"",""product"":""Óleo Diesel S-10 (R$/litro)"",""publication_lag_days"":12,""weighted_average"":true}"
anp.producer_importer.diesel_s10.br.weighted_mean,2015-09-27,2015-10-10T02:59:59Z,2026-08-14T23:52:49Z,2.03703,BRL/L,ANP,0,country,BR,Brasil,"{""availability_status"":""official_estimate_in_workbook"",""excludes_icms"":true,""period_end"":""2015-09-27"",""period_start"":""2015-09-21"",""product"":""Óleo Diesel S-10 (R$/litro)"",""publication_lag_days"":12,""weighted_average"":true}"
anp.producer_importer.diesel_s10.br.weighted_mean,2015-10-04,2015-10-17T02:59:59Z,2026-08-14T23:52:49Z,2.08535,BRL/L,ANP,0,country,BR,Brasil,"{""availability_status"":""official_estimate_in_workbook"",""excludes_icms"":true,""period_end"":""2015-10-04"",""period_start"":""2015-09-28"",""product"":""Óleo Diesel S-10 (R$/litro)"",""publication_lag_days"":12,""weighted_average"":true}"
anp.producer_importer.diesel_s10.br.weighted_mean,2015-10-11,2015-10-24T01:59:59Z,2026-08-14T23:52:49Z,2.10235,BRL/L,ANP,0,country,BR,Brasil,"{""availability_status"":""official_estimate_in_workbook"",""excludes_icms"":true,""period_end"":""2015-10-11"",""period_start"":""2015-10-05"",""product"":""Óleo Diesel S-10 (R$/litro)"",""publication_lag_days"":12,""weighted_average"":true}"
anp.producer_importer.diesel_s10.br.weighted_mean,2015-10-18,2015-10-31T01:59:59Z,2026-08-14T23:52:49Z,2.0982,BRL/L,ANP,0,country,BR,Brasil,"{""availability_status"":""official_estimate_in_workbook"",""excludes_icms"":true,""period_end"":""2015-10-18"",""period_start"":""2015-10-12"",""product"":""Óleo Diesel S-10 (R$/litro)"",""publication_lag_days"":12,""weighted_average"":true}"
anp.producer_importer.diesel_s10.br.weighted_mean,2015-10-25,2015-11-07T01:59:59Z,2026-08-14T23:52:49Z,2.10355,BRL/L,ANP,0,country,BR,Brasil,"{""availability_status"":""official_estimate_in_workbook"",""excludes_icms"":true,""period_end"":""2015-10-25"",""period_start"":""2015-10-19"",""product"":""Óleo Diesel S-10 (R$/litro)"",""publication_lag_days"":12,""weighted_average"":true}"
anp.producer_importer.diesel_s10.br.weighted_mean,2015-11-01,2015-11-14T01:59:59Z,2026-08-14T23:52:49Z,2.10673,BRL/L,ANP,0,country,BR,Brasil,"{""availability_status"":""official_estimate_in_workbook"",""excludes_icms"":true,""period_end"":""2015-11-01"",""period_start"":""2015-10-26"",""product"":""Óleo Diesel S-10 (R$/litro)"",""publication_lag_days"":12,""weighted_average"":true}"
anp.producer_importer.diesel_s10.br.weighted_mean,2015-11-08,2015-11-21T01:59:59Z,2026-08-14T23:52:49Z,2.11125,BRL/L,ANP,0,country,BR,Brasil,"{""availability_status"":""official_estimate_in_workbook"",""excludes_icms"":true,""period_end"":""2015-11-08"",""period_start"":""2015-11-02"",""product"":""Óleo Diesel S-10 (R$/litro)"",""publication_lag_days"":12,""weighted_average"":true}"
anp.producer_importer.diesel_s10.br.weighted_mean,2015-11-15,2015-11-28T01:59:59Z,2026-08-14T23:52:49Z,2.10943,BRL/L,ANP,0,country,BR,Brasil,"{""availability_status"":""official_estimate_in_workbook"",""excludes_icms"":true,""period_end"":""2015-11-15"",""period_start"":""2015-11-09"",""product"":""Óleo Diesel S-10 (R$/litro)"",""publication_lag_days"":12,""weighted_average"":true}"
anp.producer_importer.diesel_s10.br.weighted_mean,2015-11-22,2015-12-05T01:59:59Z,2026-08-14T23:52:49Z,2.10456,BRL/L,ANP,0,country,BR,Brasil,"{""availability_status"":""official_estimate_in_workbook"",""excludes_icms"":true,""period_end"":""2015-11-22"",""period_start"":""2015-11-16"",""product"":""Óleo Diesel S-10 (R$/litro)"",""publication_lag_days"":12,""weighted_average"":true}"
anp.producer_importer.diesel_s10.br.weighted_mean,2015-11-29,2015-12-12T01:59:59Z,2026-08-14T23:52:49Z,2.11304,BRL/L,ANP,0,country,BR,Brasil,"{""availability_status"":""official_estimate_in_workbook"",""excludes_icms"":true,""period_end"":""2015-11-29"",""period_start"":""2015-11-23"",""product"":""Óleo Diesel S-10 (R$/litro)"",""publication_lag_days"":12,""weighted_average"":true}"
anp.producer_importer.diesel_s10.br.weighted_mean,2015-12-06,2015-12-19T01:59:59Z,2026-08-14T23:52:49Z,2.10914,BRL/L,ANP,0,country,BR,Brasil,"{""availability_status"":""official_estimate_in_workbook"",""excludes_icms"":true,""period_end"":""2015-12-06"",""period_start"":""2015-11-30"",""product"":""Óleo Diesel S-10 (R$/litro)"",""publication_lag_days"":12,""weighted_average"":true}"
anp.producer_importer.diesel_s10.br.weighted_mean,2015-12-13,2015-12-26T01:59:59Z,2026-08-14T23:52:49Z,2.10715,BRL/L,ANP,0,country,BR,Brasil,"{""availability_status"":""official_estimate_in_workbook"",""excludes_icms"":true,""period_end"":""2015-12-13"",""period_start"":""2015-12-07"",""product"":""Óleo Diesel S-10 (R$/litro)"",""publication_lag_days"":12,""weighted_average"":true}"
anp.producer_importer.diesel_s10.br.weighted_mean,2015-12-20,2016-01-02T01:59:59Z,2026-08-14T23:52:49Z,2.104,BRL/L,ANP,0,country,BR,Brasil,"{""availability_status"":""official_estimate_in_workbook"",""excludes_icms"":true,""period_end"":""2015-12-20"",""period_start"":""2015-12-14"",""product"":""Óleo Diesel S-10 (R$/litro)"",""publication_lag_days"":12,""weighted_average"":true}"
anp.producer_importer.diesel_s10.br.weighted_mean,2015-12-27,2016-01-09T01:59:59Z,2026-08-14T23:52:49Z,2.10477,BRL/L,ANP,0,country,BR,Brasil,"{""availability_status"":""official_estimate_in_workbook"",""excludes_icms"":true,""period_end"":""2015-12-27"",""period_start"":""2015-12-21"",""product"":""Óleo Diesel S-10 (R$/litro)"",""publication_lag_days"":12,""weighted_average"":true}"
anp.producer_importer.diesel_s10.br.weighted_mean,2016-01-03,2016-01-16T01:59:59Z,2026-08-14T23:52:49Z,2.10384,BRL/L,ANP,0,country,BR,Brasil,"{""availability_status"":""official_estimate_in_workbook"",""excludes_icms"":true,""period_end"":""2016-01-03"",""period_start"":""2015-12-28"",""product"":""Óleo Diesel S-10 (R$/litro)"",""publication_lag_days"":12,""weighted_average"":true}"
anp.producer_importer.diesel_s10.br.weighted_mean,2016-01-10,2016-01-23T01:59:59Z,2026-08-14T23:52:49Z,2.10442,BRL/L,ANP,0,country,BR,Brasil,"{""availability_status"":""official_estimate_in_workbook"",""excludes_icms"":true,""period_end"":""2016-01-10"",""period_start"":""2016-01-04"",""product"":""Óleo Diesel S-10 (R$/litro)"",""publication_lag_days"":12,""weighted_average"":true}"
anp.producer_importer.diesel_s10.br.weighted_mean,2016-01-17,2016-01-30T01:59:59Z,2026-08-14T23:52:49Z,2.11036,BRL/L,ANP,0,country,BR,Brasil,"{""availability_status"":""official_estimate_in_workbook"",""excludes_icms"":true,""period_end"":""2016-01-17"",""period_start"":""2016-01-11"",""product"":""Óleo Diesel S-10 (R$/litro)"",""publication_lag_days"":12,""weighted_average"":true}"
anp.producer_importer.diesel_s10.br.weighted_mean,2016-01-24,2016-02-06T01:59:59Z,2026-08-14T23:52:49Z,2.10514,BRL/L,ANP,0,country,BR,Brasil,"{""availability_status"":""official_estimate_in_workbook"",""excludes_icms"":true,""period_end"":""2016-01-24"",""period_start"":""2016-01-18"",""product"":""Óleo Diesel S-10 (R$/litro)"",""publication_lag_days"":12,""weighted_average"":true}"
anp.producer_importer.diesel_s10.br.weighted_mean,2016-01-31,2016-02-13T01:59:59Z,2026-08-14T23:52:49Z,2.10998,BRL/L,ANP,0,country,BR,Brasil,"{""availability_status"":""official_estimate_in_workbook"",""excludes_icms"":true,""period_end"":""2016-01-31"",""period_start"":""2016-01-25"",""product"":""Óleo Diesel S-10 (R$/litro)"",""publication_lag_days"":12,""weighted_average"":true}"
anp.producer_importer.diesel_s10.br.weighted_mean,2016-02-07,2016-02-20T01:59:59Z,2026-08-14T23:52:49Z,2.10665,BRL/L,ANP,0,country,BR,Brasil,"{""availability_status"":""official_estimate_in_workbook"",""excludes_icms"":true,""period_end"":""2016-02-07"",""period_start"":""2016-02-01"",""product"":""Óleo Diesel S-10 (R$/litro)"",""publication_lag_days"":12,""weighted_average"":true}"
anp.producer_importer.diesel_s10.br.weighted_mean,2016-02-14,2016-02-27T02:59:59Z,2026-08-14T23:52:49Z,2.1109,BRL/L,ANP,0,country,BR,Brasil,"{""availability_status"":""official_estimate_in_workbook"",""excludes_icms"":true,""period_end"":""2016-02-14"",""period_start"":""2016-02-08"",""product"":""Óleo Diesel S-10 (R$/litro)"",""publication_lag_days"":12,""weighted_average"":true}"
anp.producer_importer.diesel_s10.br.weighted_mean,2016-02-21,2016-03-05T02:59:59Z,2026-08-14T23:52:49Z,2.10727,BRL/L,ANP,0,country,BR,Brasil,"{""availability_status"":""official_estimate_in_workbook"",""excludes_icms"":true,""period_end"":""2016-02-21"",""period_start"":""2016-02-15"",""product"":""Óleo Diesel S-10 (R$/litro)"",""publication_lag_days"":12,""weighted_average"":true}"
anp.producer_importer.diesel_s10.br.weighted_mean,2016-02-28,2016-03-12T02:59:59Z,2026-08-14T23:52:49Z,2.10984,BRL/L,ANP,0,country,BR,Brasil,"{""availability_status"":""official_estimate_in_workbook"",""excludes_icms"":true,""period_end"":""2016-02-28"",""period_start"":""2016-02-22"",""product"":""Óleo Diesel S-10 (R$/litro)"",""publication_lag_days"":12,""weighted_average"":true}"
anp.producer_importer.diesel_s10.br.weighted_mean,2016-03-06,2016-03-19T02:59:59Z,2026-08-14T23:52:49Z,2.11404,BRL/L,ANP,0,country,BR,Brasil,"{""availability_status"":""official_estimate_in_workbook"",""excludes_icms"":true,""period_end"":""2016-03-06"",""period_start"":""2016-02-29"",""product"":""Óleo Diesel S-10 (R$/litro)"",""publication_lag_days"":12,""weighted_average"":true}"
anp.producer_importer.diesel_s10.br.weighted_mean,2016-03-13,2016-03-26T02:59:59Z,2026-08-14T23:52:49Z,2.10601,BRL/L,ANP,0,country,BR,Brasil,"{""availability_status"":""official_estimate_in_workbook"",""excludes_icms"":true,""period_end"":""2016-03-13"",""period_start"":""2016-03-07"",""product"":""Óleo Diesel S-10 (R$/litro)"",""publication_lag_days"":12,""weighted_average"":true}"
anp.producer_importer.diesel_s10.br.weighted_mean,2016-03-20,2016-04-02T02:59:59Z,2026-08-14T23:52:49Z,2.11779,BRL/L,ANP,0,country,BR,Brasil,"{""availability_status"":""official_estimate_in_workbook"",""excludes_icms"":true,""period_end"":""2016-03-20"",""period_start"":""2016-03-14"",""product"":""Óleo Diesel S-10 (R$/litro)"",""publication_lag_days"":12,""weighted_average"":true}"
anp.producer_importer.diesel_s10.br.weighted_mean,2016-03-27,2016-04-09T02:59:59Z,2026-08-14T23:52:49Z,2.10304,BRL/L,ANP,0,country,BR,Brasil,"{""availability_status"":""official_estimate_in_workbook"",""excludes_icms"":true,""period_end"":""2016-03-27"",""period_start"":""2016-03-21"",""product"":""Óleo Diesel S-10 (R$/litro)"",""publication_lag_days"":12,""weighted_average"":true}"
anp.producer_importer.diesel_s10.br.weighted_mean,2016-04-03,2016-04-16T02:59:59Z,2026-08-14T23:52:49Z,2.11048,BRL/L,ANP,0,country,BR,Brasil,"{""availability_status"":""official_estimate_in_workbook"",""excludes_icms"":true,""period_end"":""2016-04-03"",""period_start"":""2016-03-28"",""product"":""Óleo Diesel S-10 (R$/litro)"",""publication_lag_days"":12,""weighted_average"":true}"
anp.producer_importer.diesel_s10.br.weighted_mean,2016-04-10,2016-04-23T02:59:59Z,2026-08-14T23:52:49Z,2.115,BRL/L,ANP,0,country,BR,Brasil,"{""availability_status"":""official_estimate_in_workbook"",""excludes_icms"":true,""period_end"":""2016-04-10"",""period_start"":""2016-04-04"",""product"":""Óleo Diesel S-10 (R$/litro)"",""publication_lag_days"":12,""weighted_average"":true}"
anp.producer_importer.diesel_s10.br.weighted_mean,2016-04-17,2016-04-30T02:59:59Z,2026-08-14T23:52:49Z,2.10677,BRL/L,ANP,0,country,BR,Brasil,"{""availability_status"":""official_estimate_in_workbook"",""excludes_icms"":true,""period_end"":""2016-04-17"",""period_start"":""2016-04-11"",""product"":""Óleo Diesel S-10 (R$/litro)"",""publication_lag_days"":12,""weighted_average"":true}"
anp.producer_importer.diesel_s10.br.weighted_mean,2016-04-24,2016-05-07T02:59:59Z,2026-08-14T23:52:49Z,2.11813,BRL/L,ANP,0,country,BR,Brasil,"{""availability_status"":""official_estimate_in_workbook"",""excludes_icms"":true,""period_end"":""2016-04-24"",""period_start"":""2016-04-18"",""product"":""Óleo Diesel S-10 (R$/litro)"",""publication_lag_days"":12,""weighted_average"":true}"
anp.producer_importer.diesel_s10.br.weighted_mean,2016-05-01,2016-05-14T02:59:59Z,2026-08-14T23:52:49Z,2.11397,BRL/L,ANP,0,country,BR,Brasil,"{""availability_status"":""official_estimate_in_workbook"",""excludes_icms"":true,""period_end"":""2016-05-01"",""period_start"":""2016-04-25"",""product"":""Óleo Diesel S-10 (R$/litro)"",""publication_lag_days"":12,""weighted_average"":true}"
anp.producer_importer.diesel_s10.br.weighted_mean,2016-05-08,2016-05-21T02:59:59Z,2026-08-14T23:52:49Z,2.11097,BRL/L,ANP,0,country,BR,Brasil,"{""availability_status"":""official_estimate_in_workbook"",""excludes_icms"":true,""period_end"":""2016-05-08"",""period_start"":""2016-05-02"",""product"":""Óleo Diesel S-10 (R$/litro)"",""publication_lag_days"":12,""weighted_average"":true}"
anp.producer_importer.diesel_s10.br.weighted_mean,2016-05-15,2016-05-28T02:59:59Z,2026-08-14T23:52:49Z,2.1145,BRL/L,ANP,0,country,BR,Brasil,"{""availability_status"":""official_estimate_in_workbook"",""excludes_icms"":true,""period_end"":""2016-05-15"",""period_start"":""2016-05-09"",""product"":""Óleo Diesel S-10 (R$/litro)"",""publication_lag_days"":12,""weighted_average"":true}"
anp.producer_importer.diesel_s10.br.weighted_mean,2016-05-22,2016-06-04T02:59:59Z,2026-08-14T23:52:49Z,2.11257,BRL/L,ANP,0,country,BR,Brasil,"{""availability_status"":""official_estimate_in_workbook"",""excludes_icms"":true,""period_end"":""2016-05-22"",""period_start"":""2016-05-16"",""product"":""Óleo Diesel S-10 (R$/litro)"",""publication_lag_days"":12,""weighted_average"":true}"
anp.producer_importer.diesel_s10.br.weighted_mean,2016-05-29,2016-06-11T02:59:59Z,2026-08-14T23:52:49Z,2.10709,BRL/L,ANP,0,country,BR,Brasil,"{""availability_status"":""official_estimate_in_workbook"",""excludes_icms"":true,""period_end"":""2016-05-29"",""period_start"":""2016-05-23"",""product"":""Óleo Diesel S-10 (R$/litro)"",""publication_lag_days"":12,""weighted_average"":true}"
anp.producer_importer.diesel_s10.br.weighted_mean,2016-06-05,2016-06-18T02:59:59Z,2026-08-14T23:52:49Z,2.11372,BRL/L,ANP,0,country,BR,Brasil,"{""availability_status"":""official_estimate_in_workbook"",""excludes_icms"":true,""period_end"":""2016-06-05"",""period_start"":""2016-05-30"",""product"":""Óleo Diesel S-10 (R$/litro)"",""publication_lag_days"":12,""weighted_average"":true}"
anp.producer_importer.diesel_s10.br.weighted_mean,2016-06-12,2016-06-25T02:59:59Z,2026-08-14T23:52:49Z,2.11645,BRL/L,ANP,0,country,BR,Brasil,"{""availability_status"":""official_estimate_in_workbook"",""excludes_icms"":true,""period_end"":""2016-06-12"",""period_start"":""2016-06-06"",""product"":""Óleo Diesel S-10 (R$/litro)"",""publication_lag_days"":12,""weighted_average"":true}"
anp.producer_importer.diesel_s10.br.weighted_mean,2016-06-19,2016-07-02T02:59:59Z,2026-08-14T23:52:49Z,2.11017,BRL/L,ANP,0,country,BR,Brasil,"{""availability_status"":""official_estimate_in_workbook"",""excludes_icms"":true,""period_end"":""2016-06-19"",""period_start"":""2016-06-13"",""product"":""Óleo Diesel S-10 (R$/litro)"",""publication_lag_days"":12,""weighted_average"":true}"
anp.producer_importer.diesel_s10.br.weighted_mean,2016-06-26,2016-07-09T02:59:59Z,2026-08-14T23:52:49Z,2.11996,BRL/L,ANP,0,country,BR,Brasil,"{""availability_status"":""official_estimate_in_workbook"",""excludes_icms"":true,""period_end"":""2016-06-26"",""period_start"":""2016-06-20"",""product"":""Óleo Diesel S-10 (R$/litro)"",""publication_lag_days"":12,""weighted_average"":true}"
anp.producer_importer.diesel_s10.br.weighted_mean,2016-07-03,2016-07-16T02:59:59Z,2026-08-14T23:52:49Z,2.11501,BRL/L,ANP,0,country,BR,Brasil,"{""availability_status"":""official_estimate_in_workbook"",""excludes_icms"":true,""period_end"":""2016-07-03"",""period_start"":""2016-06-27"",""product"":""Óleo Diesel S-10 (R$/litro)"",""publication_lag_days"":12,""weighted_average"":true}"
anp.producer_importer.diesel_s10.br.weighted_mean,2016-07-10,2016-07-23T02:59:59Z,2026-08-14T23:52:49Z,2.11741,BRL/L,ANP,0,country,BR,Brasil,"{""availability_status"":""official_estimate_in_workbook"",""excludes_icms"":true,""period_end"":""2016-07-10"",""period_start"":""2016-07-04"",""product"":""Óleo Diesel S-10 (R$/litro)"",""publication_lag_days"":12,""weighted_average"":true}"
anp.producer_importer.diesel_s10.br.weighted_mean,2016-07-17,2016-07-30T02:59:59Z,2026-08-14T23:52:49Z,2.1102,BRL/L,ANP,0,country,BR,Brasil,"{""availability_status"":""official_estimate_in_workbook"",""excludes_icms"":true,""period_end"":""2016-07-17"",""period_start"":""2016-07-11"",""product"":""Óleo Diesel S-10 (R$/litro)"",""publication_lag_days"":12,""weighted_average"":true}"
anp.producer_importer.diesel_s10.br.weighted_mean,2016-07-24,2016-08-06T02:59:59Z,2026-08-14T23:52:49Z,2.11535,BRL/L,ANP,0,country,BR,Brasil,"{""availability_status"":""official_estimate_in_workbook"",""excludes_icms"":true,""period_end"":""2016-07-24"",""period_start"":""2016-07-18"",""product"":""Óleo Diesel S-10 (R$/litro)"",""publication_lag_days"":12,""weighted_average"":true}"
anp.producer_importer.diesel_s10.br.weighted_mean,2016-07-31,2016-08-13T02:59:59Z,2026-08-14T23:52:49Z,2.1163,BRL/L,ANP,0,country,BR,Brasil,"{""availability_status"":""official_estimate_in_workbook"",""excludes_icms"":true,""period_end"":""2016-07-31"",""period_start"":""2016-07-25"",""product"":""Óleo Diesel S-10 (R$/litro)"",""publication_lag_days"":12,""weighted_average"":true}"
anp.producer_importer.diesel_s10.br.weighted_mean,2016-08-07,2016-08-20T02:59:59Z,2026-08-14T23:52:49Z,2.11457,BRL/L,ANP,0,country,BR,Brasil,"{""availability_status"":""official_estimate_in_workbook"",""excludes_icms"":true,""period_end"":""2016-08-07"",""period_start"":""2016-08-01"",""product"":""Óleo Diesel S-10 (R$/litro)"",""publication_lag_days"":12,""weighted_average"":true}"
anp.producer_importer.diesel_s10.br.weighted_mean,2016-08-14,2016-08-27T02:59:59Z,2026-08-14T23:52:49Z,2.07403,BRL/L,ANP,0,country,BR,Brasil,"{""availability_status"":""official_estimate_in_workbook"",""excludes_icms"":true,""period_end"":""2016-08-14"",""period_start"":""2016-08-08"",""product"":""Óleo Diesel S-10 (R$/litro)"",""publication_lag_days"":12,""weighted_average"":true}"
anp.producer_importer.diesel_s10.br.weighted_mean,2016-08-21,2016-09-03T02:59:59Z,2026-08-14T23:52:49Z,2.07093,BRL/L,ANP,0,country,BR,Brasil,"{""availability_status"":""official_estimate_in_workbook"",""excludes_icms"":true,""period_end"":""2016-08-21"",""period_start"":""2016-08-15"",""product"":""Óleo Diesel S-10 (R$/litro)"",""publication_lag_days"":12,""weighted_average"":true}"
anp.producer_importer.diesel_s10.br.weighted_mean,2016-08-28,2016-09-10T02:59:59Z,2026-08-14T23:52:49Z,2.0613,BRL/L,ANP,0,country,BR,Brasil,"{""availability_status"":""official_estimate_in_workbook"",""excludes_icms"":true,""period_end"":""2016-08-28"",""period_start"":""2016-08-22"",""product"":""Óleo Diesel S-10 (R$/litro)"",""publication_lag_days"":12,""weighted_average"":true}"
anp.producer_importer.diesel_s10.br.weighted_mean,2016-09-04,2016-09-17T02:59:59Z,2026-08-14T23:52:49Z,2.12749,BRL/L,ANP,0,country,BR,Brasil,"{""availability_status"":""official_estimate_in_workbook"",""excludes_icms"":true,""period_end"":""2016-09-04"",""period_start"":""2016-08-29"",""product"":""Óleo Diesel S-10 (R$/litro)"",""publication_lag_days"":12,""weighted_average"":true}"
anp.producer_importer.diesel_s10.br.weighted_mean,2016-09-11,2016-09-24T02:59:59Z,2026-08-14T23:52:49Z,2.06513,BRL/L,ANP,0,country,BR,Brasil,"{""availability_status"":""official_estimate_in_workbook"",""excludes_icms"":true,""period_end"":""2016-09-11"",""period_start"":""2016-09-05"",""product"":""Óleo Diesel S-10 (R$/litro)"",""publication_lag_days"":12,""weighted_average"":true}"
anp.producer_importer.diesel_s10.br.weighted_mean,2016-09-18,2016-10-01T02:59:59Z,2026-08-14T23:52:49Z,2.11235,BRL/L,ANP,0,country,BR,Brasil,"{""availability_status"":""official_estimate_in_workbook"",""excludes_icms"":true,""period_end"":""2016-09-18"",""period_start"":""2016-09-12"",""product"":""Óleo Diesel S-10 (R$/litro)"",""publication_lag_days"":12,""weighted_average"":true}"
anp.producer_importer.diesel_s10.br.weighted_mean,2016-09-25,2016-10-08T02:59:59Z,2026-08-14T23:52:49Z,2.11549,BRL/L,ANP,0,country,BR,Brasil,"{""availability_status"":""official_estimate_in_workbook"",""excludes_icms"":true,""period_end"":""2016-09-25"",""period_start"":""2016-09-19"",""product"":""Óleo Diesel S-10 (R$/litro)"",""publication_lag_days"":12,""weighted_average"":true}"
anp.producer_importer.diesel_s10.br.weighted_mean,2016-10-02,2016-10-15T02:59:59Z,2026-08-14T23:52:49Z,2.1182,BRL/L,ANP,0,country,BR,Brasil,"{""availability_status"":""official_estimate_in_workbook"",""excludes_icms"":true,""period_end"":""2016-10-02"",""period_start"":""2016-09-26"",""product"":""Óleo Diesel S-10 (R$/litro)"",""publication_lag_days"":12,""weighted_average"":true}"
anp.producer_importer.diesel_s10.br.weighted_mean,2016-10-09,2016-10-22T01:59:59Z,2026-08-14T23:52:49Z,2.11451,BRL/L,ANP,0,country,BR,Brasil,"{""availability_status"":""official_estimate_in_workbook"",""excludes_icms"":true,""period_end"":""2016-10-09"",""period_start"":""2016-10-03"",""product"":""Óleo Diesel S-10 (R$/litro)"",""publication_lag_days"":12,""weighted_average"":true}"
anp.producer_importer.diesel_s10.br.weighted_mean,2016-10-16,2016-10-29T01:59:59Z,2026-08-14T23:52:49Z,2.10568,BRL/L,ANP,0,country,BR,Brasil,"{""availability_status"":""official_estimate_in_workbook"",""excludes_icms"":true,""period_end"":""2016-10-16"",""period_start"":""2016-10-10"",""product"":""Óleo Diesel S-10 (R$/litro)"",""publication_lag_days"":12,""weighted_average"":true}"
anp.producer_importer.diesel_s10.br.weighted_mean,2016-10-23,2016-11-05T01:59:59Z,2026-08-14T23:52:49Z,2.06792,BRL/L,ANP,0,country,BR,Brasil,"{""availability_status"":""official_estimate_in_workbook"",""excludes_icms"":true,""period_end"":""2016-10-23"",""period_start"":""2016-10-17"",""product"":""Óleo Diesel S-10 (R$/litro)"",""publication_lag_days"":12,""weighted_average"":true}"
anp.producer_importer.diesel_s10.br.weighted_mean,2016-10-30,2016-11-12T01:59:59Z,2026-08-14T23:52:49Z,2.06302,BRL/L,ANP,0,country,BR,Brasil,"{""availability_status"":""official_estimate_in_workbook"",""excludes_icms"":true,""period_end"":""2016-10-30"",""period_start"":""2016-10-24"",""product"":""Óleo Diesel S-10 (R$/litro)"",""publication_lag_days"":12,""weighted_average"":true}"
anp.producer_importer.diesel_s10.br.weighted_mean,2016-11-06,2016-11-19T01:59:59Z,2026-08-14T23:52:49Z,2.0666,BRL/L,ANP,0,country,BR,Brasil,"{""availability_status"":""official_estimate_in_workbook"",""excludes_icms"":true,""period_end"":""2016-11-06"",""period_start"":""2016-10-31"",""product"":""Óleo Diesel S-10 (R$/litro)"",""publication_lag_days"":12,""weighted_average"":true}"
anp.producer_importer.diesel_s10.br.weighted_mean,2016-11-13,2016-11-26T01:59:59Z,2026-08-14T23:52:49Z,1.93366,BRL/L,ANP,0,country,BR,Brasil,"{""availability_status"":""official_estimate_in_workbook"",""excludes_icms"":true,""period_end"":""2016-11-13"",""period_start"":""2016-11-07"",""product"":""Óleo Diesel S-10 (R$/litro)"",""publication_lag_days"":12,""weighted_average"":true}"
anp.producer_importer.diesel_s10.br.weighted_mean,2016-11-20,2016-12-03T01:59:59Z,2026-08-14T23:52:49Z,1.88413,BRL/L,ANP,0,country,BR,Brasil,"{""availability_status"":""official_estimate_in_workbook"",""excludes_icms"":true,""period_end"":""2016-11-20"",""period_start"":""2016-11-14"",""product"":""Óleo Diesel S-10 (R$/litro)"",""publication_lag_days"":12,""weighted_average"":true}"
anp.producer_importer.diesel_s10.br.weighted_mean,2016-11-27,2016-12-10T01:59:59Z,2026-08-14T23:52:49Z,1.89242,BRL/L,ANP,0,country,BR,Brasil,"{""availability_status"":""official_estimate_in_workbook"",""excludes_icms"":true,""period_end"":""2016-11-27"",""period_start"":""2016-11-21"",""product"":""Óleo Diesel S-10 (R$/litro)"",""publication_lag_days"":12,""weighted_average"":true}"
anp.producer_importer.diesel_s10.br.weighted_mean,2016-12-04,2016-12-17T01:59:59Z,2026-08-14T23:52:49Z,1.88304,BRL/L,ANP,0,country,BR,Brasil,"{""availability_status"":""official_estimate_in_workbook"",""excludes_icms"":true,""period_end"":""2016-12-04"",""period_start"":""2016-11-28"",""product"":""Óleo Diesel S-10 (R$/litro)"",""publication_lag_days"":12,""weighted_average"":true}"
anp.producer_importer.diesel_s10.br.weighted_mean,2016-12-11,2016-12-24T01:59:59Z,2026-08-14T23:52:49Z,2.00854,BRL/L,ANP,0,country,BR,Brasil,"{""availability_status"":""official_estimate_in_workbook"",""excludes_icms"":true,""period_end"":""2016-12-11"",""period_start"":""2016-12-05"",""product"":""Óleo Diesel S-10 (R$/litro)"",""publication_lag_days"":12,""weighted_average"":true}"
anp.producer_importer.diesel_s10.br.weighted_mean,2016-12-18,2016-12-31T01:59:59Z,2026-08-14T23:52:49Z,2.02001,BRL/L,ANP,0,country,BR,Brasil,"{""availability_status"":""official_estimate_in_workbook"",""excludes_icms"":true,""period_end"":""2016-12-18"",""period_start"":""2016-12-12"",""product"":""Óleo Diesel S-10 (R$/litro)"",""publication_lag_days"":12,""weighted_average"":true}"
anp.producer_importer.diesel_s10.br.weighted_mean,2016-12-25,2017-01-07T01:59:59Z,2026-08-14T23:52:49Z,2.04044,BRL/L,ANP,0,country,BR,Brasil,"{""availability_status"":""official_estimate_in_workbook"",""excludes_icms"":true,""period_end"":""2016-12-25"",""period_start"":""2016-12-19"",""product"":""Óleo Diesel S-10 (R$/litro)"",""publication_lag_days"":12,""weighted_average"":true}"
anp.producer_importer.diesel_s10.br.weighted_mean,2017-01-01,2017-01-14T01:59:59Z,2026-08-14T23:52:49Z,2.03891,BRL/L,ANP,0,country,BR,Brasil,"{""availability_status"":""official_estimate_in_workbook"",""excludes_icms"":true,""period_end"":""2017-01-01"",""period_start"":""2016-12-26"",""product"":""Óleo Diesel S-10 (R$/litro)"",""publication_lag_days"":12,""weighted_average"":true}"
anp.producer_importer.diesel_s10.br.weighted_mean,2017-01-08,2017-01-21T01:59:59Z,2026-08-14T23:52:49Z,2.06355,BRL/L,ANP,0,country,BR,Brasil,"{""availability_status"":""official_estimate_in_workbook"",""excludes_icms"":true,""period_end"":""2017-01-08"",""period_start"":""2017-01-02"",""product"":""Óleo Diesel S-10 (R$/litro)"",""publication_lag_days"":12,""weighted_average"":true}"
anp.producer_importer.diesel_s10.br.weighted_mean,2017-01-15,2017-01-28T01:59:59Z,2026-08-14T23:52:49Z,2.12684,BRL/L,ANP,0,country,BR,Brasil,"{""availability_status"":""official_estimate_in_workbook"",""excludes_icms"":true,""period_end"":""2017-01-15"",""period_start"":""2017-01-09"",""product"":""Óleo Diesel S-10 (R$/litro)"",""publication_lag_days"":12,""weighted_average"":true}"
anp.producer_importer.diesel_s10.br.weighted_mean,2017-01-22,2017-02-04T01:59:59Z,2026-08-14T23:52:49Z,2.13236,BRL/L,ANP,0,country,BR,Brasil,"{""availability_status"":""official_estimate_in_workbook"",""excludes_icms"":true,""period_end"":""2017-01-22"",""period_start"":""2017-01-16"",""product"":""Óleo Diesel S-10 (R$/litro)"",""publication_lag_days"":12,""weighted_average"":true}"
anp.producer_importer.diesel_s10.br.weighted_mean,2017-01-29,2017-02-11T01:59:59Z,2026-08-14T23:52:49Z,2.10484,BRL/L,ANP,0,country,BR,Brasil,"{""availability_status"":""official_estimate_in_workbook"",""excludes_icms"":true,""period_end"":""2017-01-29"",""period_start"":""2017-01-23"",""product"":""Óleo Diesel S-10 (R$/litro)"",""publication_lag_days"":12,""weighted_average"":true}"
anp.producer_importer.diesel_s10.br.weighted_mean,2017-02-05,2017-02-18T01:59:59Z,2026-08-14T23:52:49Z,2.05717,BRL/L,ANP,0,country,BR,Brasil,"{""availability_status"":""official_estimate_in_workbook"",""excludes_icms"":true,""period_end"":""2017-02-05"",""period_start"":""2017-01-30"",""product"":""Óleo Diesel S-10 (R$/litro)"",""publication_lag_days"":12,""weighted_average"":true}"
anp.producer_importer.diesel_s10.br.weighted_mean,2017-02-12,2017-02-25T02:59:59Z,2026-08-14T23:52:49Z,2.03206,BRL/L,ANP,0,country,BR,Brasil,"{""availability_status"":""official_estimate_in_workbook"",""excludes_icms"":true,""period_end"":""2017-02-12"",""period_start"":""2017-02-06"",""product"":""Óleo Diesel S-10 (R$/litro)"",""publication_lag_days"":12,""weighted_average"":true}"
anp.producer_importer.diesel_s10.br.weighted_mean,2017-02-19,2017-03-04T02:59:59Z,2026-08-14T23:52:49Z,2.0459,BRL/L,ANP,0,country,BR,Brasil,"{""availability_status"":""official_estimate_in_workbook"",""excludes_icms"":true,""period_end"":""2017-02-19"",""period_start"":""2017-02-13"",""product"":""Óleo Diesel S-10 (R$/litro)"",""publication_lag_days"":12,""weighted_average"":true}"
anp.producer_importer.diesel_s10.br.weighted_mean,2017-02-26,2017-03-11T02:59:59Z,2026-08-14T23:52:49Z,2.01339,BRL/L,ANP,0,country,BR,Brasil,"{""availability_status"":""official_estimate_in_workbook"",""excludes_icms"":true,""period_end"":""2017-02-26"",""period_start"":""2017-02-20"",""product"":""Óleo Diesel S-10 (R$/litro)"",""publication_lag_days"":12,""weighted_average"":true}"
anp.producer_importer.diesel_s10.br.weighted_mean,2017-03-05,2017-03-18T02:59:59Z,2026-08-14T23:52:49Z,1.96101,BRL/L,ANP,0,country,BR,Brasil,"{""availability_status"":""official_estimate_in_workbook"",""excludes_icms"":true,""period_end"":""2017-03-05"",""period_start"":""2017-02-27"",""product"":""Óleo Diesel S-10 (R$/litro)"",""publication_lag_days"":12,""weighted_average"":true}"
anp.producer_importer.diesel_s10.br.weighted_mean,2017-03-12,2017-03-25T02:59:59Z,2026-08-14T23:52:49Z,1.96254,BRL/L,ANP,0,country,BR,Brasil,"{""availability_status"":""official_estimate_in_workbook"",""excludes_icms"":true,""period_end"":""2017-03-12"",""period_start"":""2017-03-06"",""product"":""Óleo Diesel S-10 (R$/litro)"",""publication_lag_days"":12,""weighted_average"":true}"
anp.producer_importer.diesel_s10.br.weighted_mean,2017-03-19,2017-04-01T02:59:59Z,2026-08-14T23:52:49Z,1.95421,BRL/L,ANP,0,country,BR,Brasil,"{""availability_status"":""official_estimate_in_workbook"",""excludes_icms"":true,""period_end"":""2017-03-19"",""period_start"":""2017-03-13"",""product"":""Óleo Diesel S-10 (R$/litro)"",""publication_lag_days"":12,""weighted_average"":true}"
anp.producer_importer.diesel_s10.br.weighted_mean,2017-03-26,2017-04-08T02:59:59Z,2026-08-14T23:52:49Z,1.97862,BRL/L,ANP,0,country,BR,Brasil,"{""availability_status"":""official_estimate_in_workbook"",""excludes_icms"":true,""period_end"":""2017-03-26"",""period_start"":""2017-03-20"",""product"":""Óleo Diesel S-10 (R$/litro)"",""publication_lag_days"":12,""weighted_average"":true}"
anp.producer_importer.diesel_s10.br.weighted_mean,2017-04-02,2017-04-15T02:59:59Z,2026-08-14T23:52:49Z,1.95167,BRL/L,ANP,0,country,BR,Brasil,"{""availability_status"":""official_estimate_in_workbook"",""excludes_icms"":true,""period_end"":""2017-04-02"",""period_start"":""2017-03-27"",""product"":""Óleo Diesel S-10 (R$/litro)"",""publication_lag_days"":12,""weighted_average"":true}"
anp.producer_importer.diesel_s10.br.weighted_mean,2017-04-09,2017-04-22T02:59:59Z,2026-08-14T23:52:49Z,1.95919,BRL/L,ANP,0,country,BR,Brasil,"{""availability_status"":""official_estimate_in_workbook"",""excludes_icms"":true,""period_end"":""2017-04-09"",""period_start"":""2017-04-03"",""product"":""Óleo Diesel S-10 (R$/litro)"",""publication_lag_days"":12,""weighted_average"":true}"
anp.producer_importer.diesel_s10.br.weighted_mean,2017-04-16,2017-04-29T02:59:59Z,2026-08-14T23:52:49Z,1.9346,BRL/L,ANP,0,country,BR,Brasil,"{""availability_status"":""official_estimate_in_workbook"",""excludes_icms"":true,""period_end"":""2017-04-16"",""period_start"":""2017-04-10"",""product"":""Óleo Diesel S-10 (R$/litro)"",""publication_lag_days"":12,""weighted_average"":true}"
anp.producer_importer.diesel_s10.br.weighted_mean,2017-04-23,2017-05-06T02:59:59Z,2026-08-14T23:52:49Z,1.9947,BRL/L,ANP,0,country,BR,Brasil,"{""availability_status"":""official_estimate_in_workbook"",""excludes_icms"":true,""period_end"":""2017-04-23"",""period_start"":""2017-04-17"",""product"":""Óleo Diesel S-10 (R$/litro)"",""publication_lag_days"":12,""weighted_average"":true}"
anp.producer_importer.diesel_s10.br.weighted_mean,2017-04-30,2017-05-13T02:59:59Z,2026-08-14T23:52:49Z,2.01417,BRL/L,ANP,0,country,BR,Brasil,"{""availability_status"":""official_estimate_in_workbook"",""excludes_icms"":true,""period_end"":""2017-04-30"",""period_start"":""2017-04-24"",""product"":""Óleo Diesel S-10 (R$/litro)"",""publication_lag_days"":12,""weighted_average"":true}"
anp.producer_importer.diesel_s10.br.weighted_mean,2017-05-07,2017-05-20T02:59:59Z,2026-08-14T23:52:49Z,2.04041,BRL/L,ANP,0,country,BR,Brasil,"{""availability_status"":""official_estimate_in_workbook"",""excludes_icms"":true,""period_end"":""2017-05-07"",""period_start"":""2017-05-01"",""product"":""Óleo Diesel S-10 (R$/litro)"",""publication_lag_days"":12,""weighted_average"":true}"
anp.producer_importer.diesel_s10.br.weighted_mean,2017-05-14,2017-05-27T02:59:59Z,2026-08-14T23:52:49Z,2.01556,BRL/L,ANP,0,country,BR,Brasil,"{""availability_status"":""official_estimate_in_workbook"",""excludes_icms"":true,""period_end"":""2017-05-14"",""period_start"":""2017-05-08"",""product"":""Óleo Diesel S-10 (R$/litro)"",""publication_lag_days"":12,""weighted_average"":true}"
anp.producer_importer.diesel_s10.br.weighted_mean,2017-05-21,2017-06-03T02:59:59Z,2026-08-14T23:52:49Z,2.04701,BRL/L,ANP,0,country,BR,Brasil,"{""availability_status"":""official_estimate_in_workbook"",""excludes_icms"":true,""period_end"":""2017-05-21"",""period_start"":""2017-05-15"",""product"":""Óleo Diesel S-10 (R$/litro)"",""publication_lag_days"":12,""weighted_average"":true}"
anp.producer_importer.diesel_s10.br.weighted_mean,2017-05-28,2017-06-10T02:59:59Z,2026-08-14T23:52:49Z,1.99719,BRL/L,ANP,0,country,BR,Brasil,"{""availability_status"":""official_estimate_in_workbook"",""excludes_icms"":true,""period_end"":""2017-05-28"",""period_start"":""2017-05-22"",""product"":""Óleo Diesel S-10 (R$/litro)"",""publication_lag_days"":12,""weighted_average"":true}"
anp.producer_importer.diesel_s10.br.weighted_mean,2017-06-04,2017-06-17T02:59:59Z,2026-08-14T23:52:49Z,1.96971,BRL/L,ANP,0,country,BR,Brasil,"{""availability_status"":""official_estimate_in_workbook"",""excludes_icms"":true,""period_end"":""2017-06-04"",""period_start"":""2017-05-29"",""product"":""Óleo Diesel S-10 (R$/litro)"",""publication_lag_days"":12,""weighted_average"":true}"
anp.producer_importer.diesel_s10.br.weighted_mean,2017-06-11,2017-06-24T02:59:59Z,2026-08-14T23:52:49Z,1.97745,BRL/L,ANP,0,country,BR,Brasil,"{""availability_status"":""official_estimate_in_workbook"",""excludes_icms"":true,""period_end"":""2017-06-11"",""period_start"":""2017-06-05"",""product"":""Óleo Diesel S-10 (R$/litro)"",""publication_lag_days"":12,""weighted_average"":true}"
anp.producer_importer.diesel_s10.br.weighted_mean,2017-06-18,2017-07-01T02:59:59Z,2026-08-14T23:52:49Z,1.9365,BRL/L,ANP,0,country,BR,Brasil,"{""availability_status"":""official_estimate_in_workbook"",""excludes_icms"":true,""period_end"":""2017-06-18"",""period_start"":""2017-06-12"",""product"":""Óleo Diesel S-10 (R$/litro)"",""publication_lag_days"":12,""weighted_average"":true}"
anp.producer_importer.diesel_s10.br.weighted_mean,2017-06-25,2017-07-08T02:59:59Z,2026-08-14T23:52:49Z,1.85602,BRL/L,ANP,0,country,BR,Brasil,"{""availability_status"":""official_estimate_in_workbook"",""excludes_icms"":true,""period_end"":""2017-06-25"",""period_start"":""2017-06-19"",""product"":""Óleo Diesel S-10 (R$/litro)"",""publication_lag_days"":12,""weighted_average"":true}"
anp.producer_importer.diesel_s10.br.weighted_mean,2017-07-02,2017-07-15T02:59:59Z,2026-08-14T23:52:49Z,1.87408,BRL/L,ANP,0,country,BR,Brasil,"{""availability_status"":""official_estimate_in_workbook"",""excludes_icms"":true,""period_end"":""2017-07-02"",""period_start"":""2017-06-26"",""product"":""Óleo Diesel S-10 (R$/litro)"",""publication_lag_days"":12,""weighted_average"":true}"
anp.producer_importer.diesel_s10.br.weighted_mean,2017-07-09,2017-07-22T02:59:59Z,2026-08-14T23:52:49Z,1.82919,BRL/L,ANP,0,country,BR,Brasil,"{""availability_status"":""official_estimate_in_workbook"",""excludes_icms"":true,""period_end"":""2017-07-09"",""period_start"":""2017-07-03"",""product"":""Óleo Diesel S-10 (R$/litro)"",""publication_lag_days"":12,""weighted_average"":true}"
anp.producer_importer.diesel_s10.br.weighted_mean,2017-07-16,2017-07-29T02:59:59Z,2026-08-14T23:52:49Z,1.81502,BRL/L,ANP,0,country,BR,Brasil,"{""availability_status"":""official_estimate_in_workbook"",""excludes_icms"":true,""period_end"":""2017-07-16"",""period_start"":""2017-07-10"",""product"":""Óleo Diesel S-10 (R$/litro)"",""publication_lag_days"":12,""weighted_average"":true}"
anp.producer_importer.diesel_s10.br.weighted_mean,2017-07-23,2017-08-05T02:59:59Z,2026-08-14T23:52:49Z,1.87714,BRL/L,ANP,0,country,BR,Brasil,"{""availability_status"":""official_estimate_in_workbook"",""excludes_icms"":true,""period_end"":""2017-07-23"",""period_start"":""2017-07-17"",""product"":""Óleo Diesel S-10 (R$/litro)"",""publication_lag_days"":12,""weighted_average"":true}"
anp.producer_importer.diesel_s10.br.weighted_mean,2017-07-30,2017-08-12T02:59:59Z,2026-08-14T23:52:49Z,2.06177,BRL/L,ANP,0,country,BR,Brasil,"{""availability_status"":""official_estimate_in_workbook"",""excludes_icms"":true,""period_end"":""2017-07-30"",""period_start"":""2017-07-24"",""product"":""Óleo Diesel S-10 (R$/litro)"",""publication_lag_days"":12,""weighted_average"":true}"
anp.producer_importer.diesel_s10.br.weighted_mean,2017-08-06,2017-08-19T02:59:59Z,2026-08-14T23:52:49Z,2.13426,BRL/L,ANP,0,country,BR,Brasil,"{""availability_status"":""official_estimate_in_workbook"",""excludes_icms"":true,""period_end"":""2017-08-06"",""period_start"":""2017-07-31"",""product"":""Óleo Diesel S-10 (R$/litro)"",""publication_lag_days"":12,""weighted_average"":true}"
anp.producer_importer.diesel_s10.br.weighted_mean,2017-08-13,2017-08-26T02:59:59Z,2026-08-14T23:52:49Z,2.11449,BRL/L,ANP,0,country,BR,Brasil,"{""availability_status"":""official_estimate_in_workbook"",""excludes_icms"":true,""period_end"":""2017-08-13"",""period_start"":""2017-08-07"",""product"":""Óleo Diesel S-10 (R$/litro)"",""publication_lag_days"":12,""weighted_average"":true}"
anp.producer_importer.diesel_s10.br.weighted_mean,2017-08-20,2017-09-02T02:59:59Z,2026-08-14T23:52:49Z,2.11476,BRL/L,ANP,0,country,BR,Brasil,"{""availability_status"":""official_estimate_in_workbook"",""excludes_icms"":true,""period_end"":""2017-08-20"",""period_start"":""2017-08-14"",""product"":""Óleo Diesel S-10 (R$/litro)"",""publication_lag_days"":12,""weighted_average"":true}"
anp.producer_importer.diesel_s10.br.weighted_mean,2017-08-27,2017-09-09T02:59:59Z,2026-08-14T23:52:49Z,2.09946,BRL/L,ANP,0,country,BR,Brasil,"{""availability_status"":""official_estimate_in_workbook"",""excludes_icms"":true,""period_end"":""2017-08-27"",""period_start"":""2017-08-21"",""product"":""Óleo Diesel S-10 (R$/litro)"",""publication_lag_days"":12,""weighted_average"":true}"
anp.producer_importer.diesel_s10.br.weighted_mean,2017-09-03,2017-09-16T02:59:59Z,2026-08-14T23:52:49Z,2.16021,BRL/L,ANP,0,country,BR,Brasil,"{""availability_status"":""official_estimate_in_workbook"",""excludes_icms"":true,""period_end"":""2017-09-03"",""period_start"":""2017-08-28"",""product"":""Óleo Diesel S-10 (R$/litro)"",""publication_lag_days"":12,""weighted_average"":true}"
anp.producer_importer.diesel_s10.br.weighted_mean,2017-09-10,2017-09-23T02:59:59Z,2026-08-14T23:52:49Z,2.28171,BRL/L,ANP,0,country,BR,Brasil,"{""availability_status"":""official_estimate_in_workbook"",""excludes_icms"":true,""period_end"":""2017-09-10"",""period_start"":""2017-09-04"",""product"":""Óleo Diesel S-10 (R$/litro)"",""publication_lag_days"":12,""weighted_average"":true}"
anp.producer_importer.diesel_s10.br.weighted_mean,2017-09-17,2017-09-30T02:59:59Z,2026-08-14T23:52:49Z,2.28808,BRL/L,ANP,0,country,BR,Brasil,"{""availability_status"":""official_estimate_in_workbook"",""excludes_icms"":true,""period_end"":""2017-09-17"",""period_start"":""2017-09-11"",""product"":""Óleo Diesel S-10 (R$/litro)"",""publication_lag_days"":12,""weighted_average"":true}"
anp.producer_importer.diesel_s10.br.weighted_mean,2017-09-24,2017-10-07T02:59:59Z,2026-08-14T23:52:49Z,2.30606,BRL/L,ANP,0,country,BR,Brasil,"{""availability_status"":""official_estimate_in_workbook"",""excludes_icms"":true,""period_end"":""2017-09-24"",""period_start"":""2017-09-18"",""product"":""Óleo Diesel S-10 (R$/litro)"",""publication_lag_days"":12,""weighted_average"":true}"
anp.producer_importer.diesel_s10.br.weighted_mean,2017-10-01,2017-10-14T02:59:59Z,2026-08-14T23:52:49Z,2.30994,BRL/L,ANP,0,country,BR,Brasil,"{""availability_status"":""official_estimate_in_workbook"",""excludes_icms"":true,""period_end"":""2017-10-01"",""period_start"":""2017-09-25"",""product"":""Óleo Diesel S-10 (R$/litro)"",""publication_lag_days"":12,""weighted_average"":true}"
anp.producer_importer.diesel_s10.br.weighted_mean,2017-10-08,2017-10-21T01:59:59Z,2026-08-14T23:52:49Z,2.25518,BRL/L,ANP,0,country,BR,Brasil,"{""availability_status"":""official_estimate_in_workbook"",""excludes_icms"":true,""period_end"":""2017-10-08"",""period_start"":""2017-10-02"",""product"":""Óleo Diesel S-10 (R$/litro)"",""publication_lag_days"":12,""weighted_average"":true}"
anp.producer_importer.diesel_s10.br.weighted_mean,2017-10-15,2017-10-28T01:59:59Z,2026-08-14T23:52:49Z,2.21579,BRL/L,ANP,0,country,BR,Brasil,"{""availability_status"":""official_estimate_in_workbook"",""excludes_icms"":true,""period_end"":""2017-10-15"",""period_start"":""2017-10-09"",""product"":""Óleo Diesel S-10 (R$/litro)"",""publication_lag_days"":12,""weighted_average"":true}"
anp.producer_importer.diesel_s10.br.weighted_mean,2017-10-22,2017-11-04T01:59:59Z,2026-08-14T23:52:49Z,2.2684,BRL/L,ANP,0,country,BR,Brasil,"{""availability_status"":""official_estimate_in_workbook"",""excludes_icms"":true,""period_end"":""2017-10-22"",""period_start"":""2017-10-16"",""product"":""Óleo Diesel S-10 (R$/litro)"",""publication_lag_days"":12,""weighted_average"":true}"
anp.producer_importer.diesel_s10.br.weighted_mean,2017-10-29,2017-11-11T01:59:59Z,2026-08-14T23:52:49Z,2.27108,BRL/L,ANP,0,country,BR,Brasil,"{""availability_status"":""official_estimate_in_workbook"",""excludes_icms"":true,""period_end"":""2017-10-29"",""period_start"":""2017-10-23"",""product"":""Óleo Diesel S-10 (R$/litro)"",""publication_lag_days"":12,""weighted_average"":true}"
anp.producer_importer.diesel_s10.br.weighted_mean,2017-11-05,2017-11-18T01:59:59Z,2026-08-14T23:52:49Z,2.37281,BRL/L,ANP,0,country,BR,Brasil,"{""availability_status"":""official_estimate_in_workbook"",""excludes_icms"":true,""period_end"":""2017-11-05"",""period_start"":""2017-10-30"",""product"":""Óleo Diesel S-10 (R$/litro)"",""publication_lag_days"":12,""weighted_average"":true}"
anp.producer_importer.diesel_s10.br.weighted_mean,2017-11-12,2017-11-25T01:59:59Z,2026-08-14T23:52:49Z,2.3932,BRL/L,ANP,0,country,BR,Brasil,"{""availability_status"":""official_estimate_in_workbook"",""excludes_icms"":true,""period_end"":""2017-11-12"",""period_start"":""2017-11-06"",""product"":""Óleo Diesel S-10 (R$/litro)"",""publication_lag_days"":12,""weighted_average"":true}"
anp.producer_importer.diesel_s10.br.weighted_mean,2017-11-19,2017-12-02T01:59:59Z,2026-08-14T23:52:49Z,2.41907,BRL/L,ANP,0,country,BR,Brasil,"{""availability_status"":""official_estimate_in_workbook"",""excludes_icms"":true,""period_end"":""2017-11-19"",""period_start"":""2017-11-13"",""product"":""Óleo Diesel S-10 (R$/litro)"",""publication_lag_days"":12,""weighted_average"":true}"
anp.producer_importer.diesel_s10.br.weighted_mean,2017-11-26,2017-12-09T01:59:59Z,2026-08-14T23:52:49Z,2.4146,BRL/L,ANP,0,country,BR,Brasil,"{""availability_status"":""official_estimate_in_workbook"",""excludes_icms"":true,""period_end"":""2017-11-26"",""period_start"":""2017-11-20"",""product"":""Óleo Diesel S-10 (R$/litro)"",""publication_lag_days"":12,""weighted_average"":true}"
anp.producer_importer.diesel_s10.br.weighted_mean,2017-12-03,2017-12-16T01:59:59Z,2026-08-14T23:52:49Z,2.3805,BRL/L,ANP,0,country,BR,Brasil,"{""availability_status"":""official_estimate_in_workbook"",""excludes_icms"":true,""period_end"":""2017-12-03"",""period_start"":""2017-11-27"",""product"":""Óleo Diesel S-10 (R$/litro)"",""publication_lag_days"":12,""weighted_average"":true}"
anp.producer_importer.diesel_s10.br.weighted_mean,2017-12-10,2017-12-23T01:59:59Z,2026-08-14T23:52:49Z,2.26455,BRL/L,ANP,0,country,BR,Brasil,"{""availability_status"":""official_estimate_in_workbook"",""excludes_icms"":true,""period_end"":""2017-12-10"",""period_start"":""2017-12-04"",""product"":""Óleo Diesel S-10 (R$/litro)"",""publication_lag_days"":12,""weighted_average"":true}"
anp.producer_importer.diesel_s10.br.weighted_mean,2017-12-17,2017-12-30T01:59:59Z,2026-08-14T23:52:49Z,2.31745,BRL/L,ANP,0,country,BR,Brasil,"{""availability_status"":""official_estimate_in_workbook"",""excludes_icms"":true,""period_end"":""2017-12-17"",""period_start"":""2017-12-11"",""product"":""Óleo Diesel S-10 (R$/litro)"",""publication_lag_days"":12,""weighted_average"":true}"
anp.producer_importer.diesel_s10.br.weighted_mean,2017-12-24,2018-01-06T01:59:59Z,2026-08-14T23:52:49Z,2.34242,BRL/L,ANP,0,country,BR,Brasil,"{""availability_status"":""official_estimate_in_workbook"",""excludes_icms"":true,""period_end"":""2017-12-24"",""period_start"":""2017-12-18"",""product"":""Óleo Diesel S-10 (R$/litro)"",""publication_lag_days"":12,""weighted_average"":true}"
anp.producer_importer.diesel_s10.br.weighted_mean,2017-12-31,2018-01-13T01:59:59Z,2026-08-14T23:52:49Z,2.39585,BRL/L,ANP,0,country,BR,Brasil,"{""availability_status"":""official_estimate_in_workbook"",""excludes_icms"":true,""period_end"":""2017-12-31"",""period_start"":""2017-12-25"",""product"":""Óleo Diesel S-10 (R$/litro)"",""publication_lag_days"":12,""weighted_average"":true}"
anp.producer_importer.diesel_s10.br.weighted_mean,2018-01-07,2018-01-20T01:59:59Z,2026-08-14T23:52:49Z,2.37223,BRL/L,ANP,0,country,BR,Brasil,"{""availability_status"":""official_estimate_in_workbook"",""excludes_icms"":true,""period_end"":""2018-01-07"",""period_start"":""2018-01-01"",""product"":""Óleo Diesel S-10 (R$/litro)"",""publication_lag_days"":12,""weighted_average"":true}"
anp.producer_importer.diesel_s10.br.weighted_mean,2018-01-14,2018-01-27T01:59:59Z,2026-08-14T23:52:49Z,2.35375,BRL/L,ANP,0,country,BR,Brasil,"{""availability_status"":""official_estimate_in_workbook"",""excludes_icms"":true,""period_end"":""2018-01-14"",""period_start"":""2018-01-08"",""product"":""Óleo Diesel S-10 (R$/litro)"",""publication_lag_days"":12,""weighted_average"":true}"
anp.producer_importer.diesel_s10.br.weighted_mean,2018-01-21,2018-02-03T01:59:59Z,2026-08-14T23:52:49Z,2.36516,BRL/L,ANP,0,country,BR,Brasil,"{""availability_status"":""official_estimate_in_workbook"",""excludes_icms"":true,""period_end"":""2018-01-21"",""period_start"":""2018-01-15"",""product"":""Óleo Diesel S-10 (R$/litro)"",""publication_lag_days"":12,""weighted_average"":true}"
anp.producer_importer.diesel_s10.br.weighted_mean,2018-01-28,2018-02-10T01:59:59Z,2026-08-14T23:52:49Z,2.3604,BRL/L,ANP,0,country,BR,Brasil,"{""availability_status"":""official_estimate_in_workbook"",""excludes_icms"":true,""period_end"":""2018-01-28"",""period_start"":""2018-01-22"",""product"":""Óleo Diesel S-10 (R$/litro)"",""publication_lag_days"":12,""weighted_average"":true}"
anp.producer_importer.diesel_s10.br.weighted_mean,2018-02-04,2018-02-17T01:59:59Z,2026-08-14T23:52:49Z,2.36781,BRL/L,ANP,0,country,BR,Brasil,"{""availability_status"":""official_estimate_in_workbook"",""excludes_icms"":true,""period_end"":""2018-02-04"",""period_start"":""2018-01-29"",""product"":""Óleo Diesel S-10 (R$/litro)"",""publication_lag_days"":12,""weighted_average"":true}"
anp.producer_importer.diesel_s10.br.weighted_mean,2018-02-11,2018-02-24T02:59:59Z,2026-08-14T23:52:49Z,2.31574,BRL/L,ANP,0,country,BR,Brasil,"{""availability_status"":""official_estimate_in_workbook"",""excludes_icms"":true,""period_end"":""2018-02-11"",""period_start"":""2018-02-05"",""product"":""Óleo Diesel S-10 (R$/litro)"",""publication_lag_days"":12,""weighted_average"":true}"
anp.producer_importer.diesel_s10.br.weighted_mean,2018-02-18,2018-03-03T02:59:59Z,2026-08-14T23:52:49Z,2.27668,BRL/L,ANP,0,country,BR,Brasil,"{""availability_status"":""official_estimate_in_workbook"",""excludes_icms"":true,""period_end"":""2018-02-18"",""period_start"":""2018-02-12"",""product"":""Óleo Diesel S-10 (R$/litro)"",""publication_lag_days"":12,""weighted_average"":true}"
anp.producer_importer.diesel_s10.br.weighted_mean,2018-02-25,2018-03-10T02:59:59Z,2026-08-14T23:52:49Z,2.26959,BRL/L,ANP,0,country,BR,Brasil,"{""availability_status"":""official_estimate_in_workbook"",""excludes_icms"":true,""period_end"":""2018-02-25"",""period_start"":""2018-02-19"",""product"":""Óleo Diesel S-10 (R$/litro)"",""publication_lag_days"":12,""weighted_average"":true}"
anp.producer_importer.diesel_s10.br.weighted_mean,2018-03-04,2018-03-17T02:59:59Z,2026-08-14T23:52:49Z,2.29389,BRL/L,ANP,0,country,BR,Brasil,"{""availability_status"":""official_estimate_in_workbook"",""excludes_icms"":true,""period_end"":""2018-03-04"",""period_start"":""2018-02-26"",""product"":""Óleo Diesel S-10 (R$/litro)"",""publication_lag_days"":12,""weighted_average"":true}"
anp.producer_importer.diesel_s10.br.weighted_mean,2018-03-11,2018-03-24T02:59:59Z,2026-08-14T23:52:49Z,2.26459,BRL/L,ANP,0,country,BR,Brasil,"{""availability_status"":""official_estimate_in_workbook"",""excludes_icms"":true,""period_end"":""2018-03-11"",""period_start"":""2018-03-05"",""product"":""Óleo Diesel S-10 (R$/litro)"",""publication_lag_days"":12,""weighted_average"":true}"
anp.producer_importer.diesel_s10.br.weighted_mean,2018-03-18,2018-03-31T02:59:59Z,2026-08-14T23:52:49Z,2.27275,BRL/L,ANP,0,country,BR,Brasil,"{""availability_status"":""official_estimate_in_workbook"",""excludes_icms"":true,""period_end"":""2018-03-18"",""period_start"":""2018-03-12"",""product"":""Óleo Diesel S-10 (R$/litro)"",""publication_lag_days"":12,""weighted_average"":true}"
anp.producer_importer.diesel_s10.br.weighted_mean,2018-03-25,2018-04-07T02:59:59Z,2026-08-14T23:52:49Z,2.30662,BRL/L,ANP,0,country,BR,Brasil,"{""availability_status"":""official_estimate_in_workbook"",""excludes_icms"":true,""period_end"":""2018-03-25"",""period_start"":""2018-03-19"",""product"":""Óleo Diesel S-10 (R$/litro)"",""publication_lag_days"":12,""weighted_average"":true}"
anp.producer_importer.diesel_s10.br.weighted_mean,2018-04-01,2018-04-14T02:59:59Z,2026-08-14T23:52:49Z,2.39,BRL/L,ANP,0,country,BR,Brasil,"{""availability_status"":""official_estimate_in_workbook"",""excludes_icms"":true,""period_end"":""2018-04-01"",""period_start"":""2018-03-26"",""product"":""Óleo Diesel S-10 (R$/litro)"",""publication_lag_days"":12,""weighted_average"":true}"
anp.producer_importer.diesel_s10.br.weighted_mean,2018-04-08,2018-04-21T02:59:59Z,2026-08-14T23:52:49Z,2.36511,BRL/L,ANP,0,country,BR,Brasil,"{""availability_status"":""official_estimate_in_workbook"",""excludes_icms"":true,""period_end"":""2018-04-08"",""period_start"":""2018-04-02"",""product"":""Óleo Diesel S-10 (R$/litro)"",""publication_lag_days"":12,""weighted_average"":true}"
anp.producer_importer.diesel_s10.br.weighted_mean,2018-04-15,2018-04-28T02:59:59Z,2026-08-14T23:52:49Z,2.44907,BRL/L,ANP,0,country,BR,Brasil,"{""availability_status"":""official_estimate_in_workbook"",""excludes_icms"":true,""period_end"":""2018-04-15"",""period_start"":""2018-04-09"",""product"":""Óleo Diesel S-10 (R$/litro)"",""publication_lag_days"":12,""weighted_average"":true}"
anp.producer_importer.diesel_s10.br.weighted_mean,2018-04-22,2018-05-05T02:59:59Z,2026-08-14T23:52:49Z,2.51028,BRL/L,ANP,0,country,BR,Brasil,"{""availability_status"":""official_estimate_in_workbook"",""excludes_icms"":true,""period_end"":""2018-04-22"",""period_start"":""2018-04-16"",""product"":""Óleo Diesel S-10 (R$/litro)"",""publication_lag_days"":12,""weighted_average"":true}"
anp.producer_importer.diesel_s10.br.weighted_mean,2018-04-29,2018-05-12T02:59:59Z,2026-08-14T23:52:49Z,2.53592,BRL/L,ANP,0,country,BR,Brasil,"{""availability_status"":""official_estimate_in_workbook"",""excludes_icms"":true,""period_end"":""2018-04-29"",""period_start"":""2018-04-23"",""product"":""Óleo Diesel S-10 (R$/litro)"",""publication_lag_days"":12,""weighted_average"":true}"
anp.producer_importer.diesel_s10.br.weighted_mean,2018-05-06,2018-05-19T02:59:59Z,2026-08-14T23:52:49Z,2.58244,BRL/L,ANP,0,country,BR,Brasil,"{""availability_status"":""official_estimate_in_workbook"",""excludes_icms"":true,""period_end"":""2018-05-06"",""period_start"":""2018-04-30"",""product"":""Óleo Diesel S-10 (R$/litro)"",""publication_lag_days"":12,""weighted_average"":true}"
anp.producer_importer.diesel_s10.br.weighted_mean,2018-05-13,2018-05-26T02:59:59Z,2026-08-14T23:52:49Z,2.66927,BRL/L,ANP,0,country,BR,Brasil,"{""availability_status"":""official_estimate_in_workbook"",""excludes_icms"":true,""period_end"":""2018-05-13"",""period_start"":""2018-05-07"",""product"":""Óleo Diesel S-10 (R$/litro)"",""publication_lag_days"":12,""weighted_average"":true}"
anp.producer_importer.diesel_s10.br.weighted_mean,2018-05-20,2018-06-02T02:59:59Z,2026-08-14T23:52:49Z,2.75021,BRL/L,ANP,0,country,BR,Brasil,"{""availability_status"":""official_estimate_in_workbook"",""excludes_icms"":true,""period_end"":""2018-05-20"",""period_start"":""2018-05-14"",""product"":""Óleo Diesel S-10 (R$/litro)"",""publication_lag_days"":12,""weighted_average"":true}"
anp.producer_importer.diesel_s10.br.weighted_mean,2018-05-27,2018-06-09T02:59:59Z,2026-08-14T23:52:49Z,2.74404,BRL/L,ANP,0,country,BR,Brasil,"{""availability_status"":""official_estimate_in_workbook"",""excludes_icms"":true,""period_end"":""2018-05-27"",""period_start"":""2018-05-21"",""product"":""Óleo Diesel S-10 (R$/litro)"",""publication_lag_days"":12,""weighted_average"":true}"
anp.producer_importer.diesel_s10.br.weighted_mean,2018-06-03,2018-06-16T02:59:59Z,2026-08-14T23:52:49Z,2.49731,BRL/L,ANP,0,country,BR,Brasil,"{""availability_status"":""official_estimate_in_workbook"",""excludes_icms"":true,""period_end"":""2018-06-03"",""period_start"":""2018-05-28"",""product"":""Óleo Diesel S-10 (R$/litro)"",""publication_lag_days"":12,""weighted_average"":true}"
anp.producer_importer.diesel_s10.br.weighted_mean,2018-06-10,2018-06-23T02:59:59Z,2026-08-14T23:52:49Z,2.41247,BRL/L,ANP,0,country,BR,Brasil,"{""availability_status"":""official_estimate_in_workbook"",""excludes_icms"":true,""period_end"":""2018-06-10"",""period_start"":""2018-06-04"",""product"":""Óleo Diesel S-10 (R$/litro)"",""publication_lag_days"":12,""weighted_average"":true}"
anp.producer_importer.diesel_s10.br.weighted_mean,2018-06-17,2018-06-30T02:59:59Z,2026-08-14T23:52:49Z,2.39648,BRL/L,ANP,0,country,BR,Brasil,"{""availability_status"":""official_estimate_in_workbook"",""excludes_icms"":true,""period_end"":""2018-06-17"",""period_start"":""2018-06-11"",""product"":""Óleo Diesel S-10 (R$/litro)"",""publication_lag_days"":12,""weighted_average"":true}"
anp.producer_importer.diesel_s10.br.weighted_mean,2018-06-24,2018-07-07T02:59:59Z,2026-08-14T23:52:49Z,2.42702,BRL/L,ANP,0,country,BR,Brasil,"{""availability_status"":""official_estimate_in_workbook"",""excludes_icms"":true,""period_end"":""2018-06-24"",""period_start"":""2018-06-18"",""product"":""Óleo Diesel S-10 (R$/litro)"",""publication_lag_days"":12,""weighted_average"":true}"
anp.producer_importer.diesel_s10.br.weighted_mean,2018-07-01,2018-07-14T02:59:59Z,2026-08-14T23:52:49Z,2.41396,BRL/L,ANP,0,country,BR,Brasil,"{""availability_status"":""official_estimate_in_workbook"",""excludes_icms"":true,""period_end"":""2018-07-01"",""period_start"":""2018-06-25"",""product"":""Óleo Diesel S-10 (R$/litro)"",""publication_lag_days"":12,""weighted_average"":true}"
anp.producer_importer.diesel_s10.br.weighted_mean,2018-07-08,2018-07-21T02:59:59Z,2026-08-14T23:52:49Z,2.41605,BRL/L,ANP,0,country,BR,Brasil,"{""availability_status"":""official_estimate_in_workbook"",""excludes_icms"":true,""period_end"":""2018-07-08"",""period_start"":""2018-07-02"",""product"":""Óleo Diesel S-10 (R$/litro)"",""publication_lag_days"":12,""weighted_average"":true}"
anp.producer_importer.diesel_s10.br.weighted_mean,2018-07-15,2018-07-28T02:59:59Z,2026-08-14T23:52:49Z,2.38196,BRL/L,ANP,0,country,BR,Brasil,"{""availability_status"":""official_estimate_in_workbook"",""excludes_icms"":true,""period_end"":""2018-07-15"",""period_start"":""2018-07-09"",""product"":""Óleo Diesel S-10 (R$/litro)"",""publication_lag_days"":12,""weighted_average"":true}"
anp.producer_importer.diesel_s10.br.weighted_mean,2018-07-22,2018-08-04T02:59:59Z,2026-08-14T23:52:49Z,2.3919,BRL/L,ANP,0,country,BR,Brasil,"{""availability_status"":""official_estimate_in_workbook"",""excludes_icms"":true,""period_end"":""2018-07-22"",""period_start"":""2018-07-16"",""product"":""Óleo Diesel S-10 (R$/litro)"",""publication_lag_days"":12,""weighted_average"":true}"
anp.producer_importer.diesel_s10.br.weighted_mean,2018-07-29,2018-08-11T02:59:59Z,2026-08-14T23:52:49Z,2.39761,BRL/L,ANP,0,country,BR,Brasil,"{""availability_status"":""official_estimate_in_workbook"",""excludes_icms"":true,""period_end"":""2018-07-29"",""period_start"":""2018-07-23"",""product"":""Óleo Diesel S-10 (R$/litro)"",""publication_lag_days"":12,""weighted_average"":true}"
anp.producer_importer.diesel_s10.br.weighted_mean,2018-08-05,2018-08-18T02:59:59Z,2026-08-14T23:52:49Z,2.39603,BRL/L,ANP,0,country,BR,Brasil,"{""availability_status"":""official_estimate_in_workbook"",""excludes_icms"":true,""period_end"":""2018-08-05"",""period_start"":""2018-07-30"",""product"":""Óleo Diesel S-10 (R$/litro)"",""publication_lag_days"":12,""weighted_average"":true}"
anp.producer_importer.diesel_s10.br.weighted_mean,2018-08-12,2018-08-25T02:59:59Z,2026-08-14T23:52:49Z,2.39463,BRL/L,ANP,0,country,BR,Brasil,"{""availability_status"":""official_estimate_in_workbook"",""excludes_icms"":true,""period_end"":""2018-08-12"",""period_start"":""2018-08-06"",""product"":""Óleo Diesel S-10 (R$/litro)"",""publication_lag_days"":12,""weighted_average"":true}"
anp.producer_importer.diesel_s10.br.weighted_mean,2018-08-19,2018-09-01T02:59:59Z,2026-08-14T23:52:49Z,2.39419,BRL/L,ANP,0,country,BR,Brasil,"{""availability_status"":""official_estimate_in_workbook"",""excludes_icms"":true,""period_end"":""2018-08-19"",""period_start"":""2018-08-13"",""product"":""Óleo Diesel S-10 (R$/litro)"",""publication_lag_days"":12,""weighted_average"":true}"
anp.producer_importer.diesel_s10.br.weighted_mean,2018-08-26,2018-09-08T02:59:59Z,2026-08-14T23:52:49Z,2.39823,BRL/L,ANP,0,country,BR,Brasil,"{""availability_status"":""official_estimate_in_workbook"",""excludes_icms"":true,""period_end"":""2018-08-26"",""period_start"":""2018-08-20"",""product"":""Óleo Diesel S-10 (R$/litro)"",""publication_lag_days"":12,""weighted_average"":true}"
anp.producer_importer.diesel_s10.br.weighted_mean,2018-09-02,2018-09-15T02:59:59Z,2026-08-14T23:52:49Z,2.48732,BRL/L,ANP,0,country,BR,Brasil,"{""availability_status"":""official_estimate_in_workbook"",""excludes_icms"":true,""period_end"":""2018-09-02"",""period_start"":""2018-08-27"",""product"":""Óleo Diesel S-10 (R$/litro)"",""publication_lag_days"":12,""weighted_average"":true}"
anp.producer_importer.diesel_s10.br.weighted_mean,2018-09-09,2018-09-22T02:59:59Z,2026-08-14T23:52:49Z,2.66157,BRL/L,ANP,0,country,BR,Brasil,"{""availability_status"":""official_estimate_in_workbook"",""excludes_icms"":true,""period_end"":""2018-09-09"",""period_start"":""2018-09-03"",""product"":""Óleo Diesel S-10 (R$/litro)"",""publication_lag_days"":12,""weighted_average"":true}"
anp.producer_importer.diesel_s10.br.weighted_mean,2018-09-16,2018-09-29T02:59:59Z,2026-08-14T23:52:49Z,2.67309,BRL/L,ANP,0,country,BR,Brasil,"{""availability_status"":""official_estimate_in_workbook"",""excludes_icms"":true,""period_end"":""2018-09-16"",""period_start"":""2018-09-10"",""product"":""Óleo Diesel S-10 (R$/litro)"",""publication_lag_days"":12,""weighted_average"":true}"
anp.producer_importer.diesel_s10.br.weighted_mean,2018-09-23,2018-10-06T02:59:59Z,2026-08-14T23:52:49Z,2.65536,BRL/L,ANP,0,country,BR,Brasil,"{""availability_status"":""official_estimate_in_workbook"",""excludes_icms"":true,""period_end"":""2018-09-23"",""period_start"":""2018-09-17"",""product"":""Óleo Diesel S-10 (R$/litro)"",""publication_lag_days"":12,""weighted_average"":true}"
anp.producer_importer.diesel_s10.br.weighted_mean,2018-09-30,2018-10-13T02:59:59Z,2026-08-14T23:52:49Z,2.66384,BRL/L,ANP,0,country,BR,Brasil,"{""availability_status"":""official_estimate_in_workbook"",""excludes_icms"":true,""period_end"":""2018-09-30"",""period_start"":""2018-09-24"",""product"":""Óleo Diesel S-10 (R$/litro)"",""publication_lag_days"":12,""weighted_average"":true}"
anp.producer_importer.diesel_s10.br.weighted_mean,2018-10-07,2018-10-20T02:59:59Z,2026-08-14T23:52:49Z,2.71679,BRL/L,ANP,0,country,BR,Brasil,"{""availability_status"":""official_estimate_in_workbook"",""excludes_icms"":true,""period_end"":""2018-10-07"",""period_start"":""2018-10-01"",""product"":""Óleo Diesel S-10 (R$/litro)"",""publication_lag_days"":12,""weighted_average"":true}"
anp.producer_importer.diesel_s10.br.weighted_mean,2018-10-14,2018-10-27T02:59:59Z,2026-08-14T23:52:49Z,2.72547,BRL/L,ANP,0,country,BR,Brasil,"{""availability_status"":""official_estimate_in_workbook"",""excludes_icms"":true,""period_end"":""2018-10-14"",""period_start"":""2018-10-08"",""product"":""Óleo Diesel S-10 (R$/litro)"",""publication_lag_days"":12,""weighted_average"":true}"
anp.producer_importer.diesel_s10.br.weighted_mean,2018-10-21,2018-11-03T02:59:59Z,2026-08-14T23:52:49Z,2.72005,BRL/L,ANP,0,country,BR,Brasil,"{""availability_status"":""official_estimate_in_workbook"",""excludes_icms"":true,""period_end"":""2018-10-21"",""period_start"":""2018-10-15"",""product"":""Óleo Diesel S-10 (R$/litro)"",""publication_lag_days"":12,""weighted_average"":true}"
anp.producer_importer.diesel_s10.br.weighted_mean,2018-10-28,2018-11-10T01:59:59Z,2026-08-14T23:52:49Z,2.72077,BRL/L,ANP,0,country,BR,Brasil,"{""availability_status"":""official_estimate_in_workbook"",""excludes_icms"":true,""period_end"":""2018-10-28"",""period_start"":""2018-10-22"",""product"":""Óleo Diesel S-10 (R$/litro)"",""publication_lag_days"":12,""weighted_average"":true}"
anp.producer_importer.diesel_s10.br.weighted_mean,2018-11-04,2018-11-17T01:59:59Z,2026-08-14T23:52:49Z,2.48743,BRL/L,ANP,0,country,BR,Brasil,"{""availability_status"":""official_estimate_in_workbook"",""excludes_icms"":true,""period_end"":""2018-11-04"",""period_start"":""2018-10-29"",""product"":""Óleo Diesel S-10 (R$/litro)"",""publication_lag_days"":12,""weighted_average"":true}"
anp.producer_importer.diesel_s10.br.weighted_mean,2018-11-11,2018-11-24T01:59:59Z,2026-08-14T23:52:49Z,2.4725,BRL/L,ANP,0,country,BR,Brasil,"{""availability_status"":""official_estimate_in_workbook"",""excludes_icms"":true,""period_end"":""2018-11-11"",""period_start"":""2018-11-05"",""product"":""Óleo Diesel S-10 (R$/litro)"",""publication_lag_days"":12,""weighted_average"":true}"
anp.producer_importer.diesel_s10.br.weighted_mean,2018-11-18,2018-12-01T01:59:59Z,2026-08-14T23:52:49Z,2.49402,BRL/L,ANP,0,country,BR,Brasil,"{""availability_status"":""official_estimate_in_workbook"",""excludes_icms"":true,""period_end"":""2018-11-18"",""period_start"":""2018-11-12"",""product"":""Óleo Diesel S-10 (R$/litro)"",""publication_lag_days"":12,""weighted_average"":true}"
anp.producer_importer.diesel_s10.br.weighted_mean,2018-11-25,2018-12-08T01:59:59Z,2026-08-14T23:52:49Z,2.4786,BRL/L,ANP,0,country,BR,Brasil,"{""availability_status"":""official_estimate_in_workbook"",""excludes_icms"":true,""period_end"":""2018-11-25"",""period_start"":""2018-11-19"",""product"":""Óleo Diesel S-10 (R$/litro)"",""publication_lag_days"":12,""weighted_average"":true}"
anp.producer_importer.diesel_s10.br.weighted_mean,2018-12-02,2018-12-15T01:59:59Z,2026-08-14T23:52:49Z,2.26292,BRL/L,ANP,0,country,BR,Brasil,"{""availability_status"":""official_estimate_in_workbook"",""excludes_icms"":true,""period_end"":""2018-12-02"",""period_start"":""2018-11-26"",""product"":""Óleo Diesel S-10 (R$/litro)"",""publication_lag_days"":12,""weighted_average"":true}"
anp.producer_importer.diesel_s10.br.weighted_mean,2018-12-09,2018-12-22T01:59:59Z,2026-08-14T23:52:49Z,2.16113,BRL/L,ANP,0,country,BR,Brasil,"{""availability_status"":""official_estimate_in_workbook"",""excludes_icms"":true,""period_end"":""2018-12-09"",""period_start"":""2018-12-03"",""product"":""Óleo Diesel S-10 (R$/litro)"",""publication_lag_days"":12,""weighted_average"":true}"
anp.producer_importer.diesel_s10.br.weighted_mean,2018-12-16,2018-12-29T01:59:59Z,2026-08-14T23:52:49Z,2.15409,BRL/L,ANP,0,country,BR,Brasil,"{""availability_status"":""official_estimate_in_workbook"",""excludes_icms"":true,""period_end"":""2018-12-16"",""period_start"":""2018-12-10"",""product"":""Óleo Diesel S-10 (R$/litro)"",""publication_lag_days"":12,""weighted_average"":true}"
anp.producer_importer.diesel_s10.br.weighted_mean,2018-12-23,2019-01-05T01:59:59Z,2026-08-14T23:52:49Z,2.23543,BRL/L,ANP,0,country,BR,Brasil,"{""availability_status"":""official_estimate_in_workbook"",""excludes_icms"":true,""period_end"":""2018-12-23"",""period_start"":""2018-12-17"",""product"":""Óleo Diesel S-10 (R$/litro)"",""publication_lag_days"":12,""weighted_average"":true}"
anp.producer_importer.diesel_s10.br.weighted_mean,2018-12-30,2019-01-12T01:59:59Z,2026-08-14T23:52:49Z,2.22149,BRL/L,ANP,0,country,BR,Brasil,"{""availability_status"":""official_estimate_in_workbook"",""excludes_icms"":true,""period_end"":""2018-12-30"",""period_start"":""2018-12-24"",""product"":""Óleo Diesel S-10 (R$/litro)"",""publication_lag_days"":12,""weighted_average"":true}"
anp.producer_importer.diesel_s10.br.weighted_mean,2019-01-06,2019-01-19T01:59:59Z,2026-08-14T23:52:49Z,2.23303,BRL/L,ANP,0,country,BR,Brasil,"{""availability_status"":""official_estimate_in_workbook"",""excludes_icms"":true,""period_end"":""2019-01-06"",""period_start"":""2018-12-31"",""product"":""Óleo Diesel S-10 (R$/litro)"",""publication_lag_days"":12,""weighted_average"":true}"
anp.producer_importer.diesel_s10.br.weighted_mean,2019-01-13,2019-01-26T01:59:59Z,2026-08-14T23:52:49Z,2.238,BRL/L,ANP,0,country,BR,Brasil,"{""availability_status"":""official_estimate_in_workbook"",""excludes_icms"":true,""period_end"":""2019-01-13"",""period_start"":""2019-01-07"",""product"":""Óleo Diesel S-10 (R$/litro)"",""publication_lag_days"":12,""weighted_average"":true}"
anp.producer_importer.diesel_s10.br.weighted_mean,2019-01-20,2019-02-02T01:59:59Z,2026-08-14T23:52:49Z,2.33889,BRL/L,ANP,0,country,BR,Brasil,"{""availability_status"":""official_estimate_in_workbook"",""excludes_icms"":true,""period_end"":""2019-01-20"",""period_start"":""2019-01-14"",""product"":""Óleo Diesel S-10 (R$/litro)"",""publication_lag_days"":12,""weighted_average"":true}"
anp.producer_importer.diesel_s10.br.weighted_mean,2019-01-27,2019-02-09T01:59:59Z,2026-08-14T23:52:49Z,2.33818,BRL/L,ANP,0,country,BR,Brasil,"{""availability_status"":""official_estimate_in_workbook"",""excludes_icms"":true,""period_end"":""2019-01-27"",""period_start"":""2019-01-21"",""product"":""Óleo Diesel S-10 (R$/litro)"",""publication_lag_days"":12,""weighted_average"":true}"
anp.producer_importer.diesel_s10.br.weighted_mean,2019-02-03,2019-02-16T01:59:59Z,2026-08-14T23:52:49Z,2.36829,BRL/L,ANP,0,country,BR,Brasil,"{""availability_status"":""official_estimate_in_workbook"",""excludes_icms"":true,""period_end"":""2019-02-03"",""period_start"":""2019-01-28"",""product"":""Óleo Diesel S-10 (R$/litro)"",""publication_lag_days"":12,""weighted_average"":true}"
anp.producer_importer.diesel_s10.br.weighted_mean,2019-02-10,2019-02-23T02:59:59Z,2026-08-14T23:52:49Z,2.36924,BRL/L,ANP,0,country,BR,Brasil,"{""availability_status"":""official_estimate_in_workbook"",""excludes_icms"":true,""period_end"":""2019-02-10"",""period_start"":""2019-02-04"",""product"":""Óleo Diesel S-10 (R$/litro)"",""publication_lag_days"":12,""weighted_average"":true}"
anp.producer_importer.diesel_s10.br.weighted_mean,2019-02-17,2019-03-02T02:59:59Z,2026-08-14T23:52:49Z,2.37705,BRL/L,ANP,0,country,BR,Brasil,"{""availability_status"":""official_estimate_in_workbook"",""excludes_icms"":true,""period_end"":""2019-02-17"",""period_start"":""2019-02-11"",""product"":""Óleo Diesel S-10 (R$/litro)"",""publication_lag_days"":12,""weighted_average"":true}"
anp.producer_importer.diesel_s10.br.weighted_mean,2019-02-24,2019-03-09T02:59:59Z,2026-08-14T23:52:49Z,2.44074,BRL/L,ANP,0,country,BR,Brasil,"{""availability_status"":""official_estimate_in_workbook"",""excludes_icms"":true,""period_end"":""2019-02-24"",""period_start"":""2019-02-18"",""product"":""Óleo Diesel S-10 (R$/litro)"",""publication_lag_days"":12,""weighted_average"":true}"
anp.producer_importer.diesel_s10.br.weighted_mean,2019-03-03,2019-03-16T02:59:59Z,2026-08-14T23:52:49Z,2.48764,BRL/L,ANP,0,country,BR,Brasil,"{""availability_status"":""official_estimate_in_workbook"",""excludes_icms"":true,""period_end"":""2019-03-03"",""period_start"":""2019-02-25"",""product"":""Óleo Diesel S-10 (R$/litro)"",""publication_lag_days"":12,""weighted_average"":true}"
anp.producer_importer.diesel_s10.br.weighted_mean,2019-03-10,2019-03-23T02:59:59Z,2026-08-14T23:52:49Z,2.51874,BRL/L,ANP,0,country,BR,Brasil,"{""availability_status"":""official_estimate_in_workbook"",""excludes_icms"":true,""period_end"":""2019-03-10"",""period_start"":""2019-03-04"",""product"":""Óleo Diesel S-10 (R$/litro)"",""publication_lag_days"":12,""weighted_average"":true}"
anp.producer_importer.diesel_s10.br.weighted_mean,2019-03-17,2019-03-30T02:59:59Z,2026-08-14T23:52:49Z,2.53733,BRL/L,ANP,0,country,BR,Brasil,"{""availability_status"":""official_estimate_in_workbook"",""excludes_icms"":true,""period_end"":""2019-03-17"",""period_start"":""2019-03-11"",""product"":""Óleo Diesel S-10 (R$/litro)"",""publication_lag_days"":12,""weighted_average"":true}"
anp.producer_importer.diesel_s10.br.weighted_mean,2019-03-24,2019-04-06T02:59:59Z,2026-08-14T23:52:49Z,2.51924,BRL/L,ANP,0,country,BR,Brasil,"{""availability_status"":""official_estimate_in_workbook"",""excludes_icms"":true,""period_end"":""2019-03-24"",""period_start"":""2019-03-18"",""product"":""Óleo Diesel S-10 (R$/litro)"",""publication_lag_days"":12,""weighted_average"":true}"
anp.producer_importer.diesel_s10.br.weighted_mean,2019-03-31,2019-04-13T02:59:59Z,2026-08-14T23:52:49Z,2.51263,BRL/L,ANP,0,country,BR,Brasil,"{""availability_status"":""official_estimate_in_workbook"",""excludes_icms"":true,""period_end"":""2019-03-31"",""period_start"":""2019-03-25"",""product"":""Óleo Diesel S-10 (R$/litro)"",""publication_lag_days"":12,""weighted_average"":true}"
anp.producer_importer.diesel_s10.br.weighted_mean,2019-04-07,2019-04-20T02:59:59Z,2026-08-14T23:52:49Z,2.51277,BRL/L,ANP,0,country,BR,Brasil,"{""availability_status"":""official_estimate_in_workbook"",""excludes_icms"":true,""period_end"":""2019-04-07"",""period_start"":""2019-04-01"",""product"":""Óleo Diesel S-10 (R$/litro)"",""publication_lag_days"":12,""weighted_average"":true}"
anp.producer_importer.diesel_s10.br.weighted_mean,2019-04-14,2019-04-27T02:59:59Z,2026-08-14T23:52:49Z,2.51576,BRL/L,ANP,0,country,BR,Brasil,"{""availability_status"":""official_estimate_in_workbook"",""excludes_icms"":true,""period_end"":""2019-04-14"",""period_start"":""2019-04-08"",""product"":""Óleo Diesel S-10 (R$/litro)"",""publication_lag_days"":12,""weighted_average"":true}"
anp.producer_importer.diesel_s10.br.weighted_mean,2019-04-21,2019-05-04T02:59:59Z,2026-08-14T23:52:49Z,2.56555,BRL/L,ANP,0,country,BR,Brasil,"{""availability_status"":""official_estimate_in_workbook"",""excludes_icms"":true,""period_end"":""2019-04-21"",""period_start"":""2019-04-15"",""product"":""Óleo Diesel S-10 (R$/litro)"",""publication_lag_days"":12,""weighted_average"":true}"
anp.producer_importer.diesel_s10.br.weighted_mean,2019-04-28,2019-05-11T02:59:59Z,2026-08-14T23:52:49Z,2.62251,BRL/L,ANP,0,country,BR,Brasil,"{""availability_status"":""official_estimate_in_workbook"",""excludes_icms"":true,""period_end"":""2019-04-28"",""period_start"":""2019-04-22"",""product"":""Óleo Diesel S-10 (R$/litro)"",""publication_lag_days"":12,""weighted_average"":true}"
anp.producer_importer.diesel_s10.br.weighted_mean,2019-05-05,2019-05-18T02:59:59Z,2026-08-14T23:52:49Z,2.61683,BRL/L,ANP,0,country,BR,Brasil,"{""availability_status"":""official_estimate_in_workbook"",""excludes_icms"":true,""period_end"":""2019-05-05"",""period_start"":""2019-04-29"",""product"":""Óleo Diesel S-10 (R$/litro)"",""publication_lag_days"":12,""weighted_average"":true}"
anp.producer_importer.diesel_s10.br.weighted_mean,2019-05-12,2019-05-25T02:59:59Z,2026-08-14T23:52:49Z,2.66972,BRL/L,ANP,0,country,BR,Brasil,"{""availability_status"":""official_estimate_in_workbook"",""excludes_icms"":true,""period_end"":""2019-05-12"",""period_start"":""2019-05-06"",""product"":""Óleo Diesel S-10 (R$/litro)"",""publication_lag_days"":12,""weighted_average"":true}"
anp.producer_importer.diesel_s10.br.weighted_mean,2019-05-19,2019-06-01T02:59:59Z,2026-08-14T23:52:49Z,2.66996,BRL/L,ANP,0,country,BR,Brasil,"{""availability_status"":""official_estimate_in_workbook"",""excludes_icms"":true,""period_end"":""2019-05-19"",""period_start"":""2019-05-13"",""product"":""Óleo Diesel S-10 (R$/litro)"",""publication_lag_days"":12,""weighted_average"":true}"
anp.producer_importer.diesel_s10.br.weighted_mean,2019-05-26,2019-06-08T02:59:59Z,2026-08-14T23:52:49Z,2.67949,BRL/L,ANP,0,country,BR,Brasil,"{""availability_status"":""official_estimate_in_workbook"",""excludes_icms"":true,""period_end"":""2019-05-26"",""period_start"":""2019-05-20"",""product"":""Óleo Diesel S-10 (R$/litro)"",""publication_lag_days"":12,""weighted_average"":true}"
anp.producer_importer.diesel_s10.br.weighted_mean,2019-06-02,2019-06-15T02:59:59Z,2026-08-14T23:52:49Z,2.64735,BRL/L,ANP,0,country,BR,Brasil,"{""availability_status"":""official_estimate_in_workbook"",""excludes_icms"":true,""period_end"":""2019-06-02"",""period_start"":""2019-05-27"",""product"":""Óleo Diesel S-10 (R$/litro)"",""publication_lag_days"":12,""weighted_average"":true}"
anp.producer_importer.diesel_s10.br.weighted_mean,2019-06-09,2019-06-22T02:59:59Z,2026-08-14T23:52:49Z,2.51905,BRL/L,ANP,0,country,BR,Brasil,"{""availability_status"":""official_estimate_in_workbook"",""excludes_icms"":true,""period_end"":""2019-06-09"",""period_start"":""2019-06-03"",""product"":""Óleo Diesel S-10 (R$/litro)"",""publication_lag_days"":12,""weighted_average"":true}"
anp.producer_importer.diesel_s10.br.weighted_mean,2019-06-16,2019-06-29T02:59:59Z,2026-08-14T23:52:49Z,2.46901,BRL/L,ANP,0,country,BR,Brasil,"{""availability_status"":""official_estimate_in_workbook"",""excludes_icms"":true,""period_end"":""2019-06-16"",""period_start"":""2019-06-10"",""product"":""Óleo Diesel S-10 (R$/litro)"",""publication_lag_days"":12,""weighted_average"":true}"
anp.producer_importer.diesel_s10.br.weighted_mean,2019-06-23,2019-07-06T02:59:59Z,2026-08-14T23:52:49Z,2.4252,BRL/L,ANP,0,country,BR,Brasil,"{""availability_status"":""official_estimate_in_workbook"",""excludes_icms"":true,""period_end"":""2019-06-23"",""period_start"":""2019-06-17"",""product"":""Óleo Diesel S-10 (R$/litro)"",""publication_lag_days"":12,""weighted_average"":true}"
anp.producer_importer.diesel_s10.br.weighted_mean,2019-06-30,2019-07-13T02:59:59Z,2026-08-14T23:52:49Z,2.42923,BRL/L,ANP,0,country,BR,Brasil,"{""availability_status"":""official_estimate_in_workbook"",""excludes_icms"":true,""period_end"":""2019-06-30"",""period_start"":""2019-06-24"",""product"":""Óleo Diesel S-10 (R$/litro)"",""publication_lag_days"":12,""weighted_average"":true}"
anp.producer_importer.diesel_s10.br.weighted_mean,2019-07-07,2019-07-20T02:59:59Z,2026-08-14T23:52:49Z,2.49569,BRL/L,ANP,0,country,BR,Brasil,"{""availability_status"":""official_estimate_in_workbook"",""excludes_icms"":true,""period_end"":""2019-07-07"",""period_start"":""2019-07-01"",""product"":""Óleo Diesel S-10 (R$/litro)"",""publication_lag_days"":12,""weighted_average"":true}"
anp.producer_importer.diesel_s10.br.weighted_mean,2019-07-14,2019-07-27T02:59:59Z,2026-08-14T23:52:49Z,2.44962,BRL/L,ANP,0,country,BR,Brasil,"{""availability_status"":""official_estimate_in_workbook"",""excludes_icms"":true,""period_end"":""2019-07-14"",""period_start"":""2019-07-08"",""product"":""Óleo Diesel S-10 (R$/litro)"",""publication_lag_days"":12,""weighted_average"":true}"
anp.producer_importer.diesel_s10.br.weighted_mean,2019-07-21,2019-08-03T02:59:59Z,2026-08-14T23:52:49Z,2.40721,BRL/L,ANP,0,country,BR,Brasil,"{""availability_status"":""official_estimate_in_workbook"",""excludes_icms"":true,""period_end"":""2019-07-21"",""period_start"":""2019-07-15"",""product"":""Óleo Diesel S-10 (R$/litro)"",""publication_lag_days"":12,""weighted_average"":true}"
anp.producer_importer.diesel_s10.br.weighted_mean,2019-07-28,2019-08-10T02:59:59Z,2026-08-14T23:52:49Z,2.3942,BRL/L,ANP,0,country,BR,Brasil,"{""availability_status"":""official_estimate_in_workbook"",""excludes_icms"":true,""period_end"":""2019-07-28"",""period_start"":""2019-07-22"",""product"":""Óleo Diesel S-10 (R$/litro)"",""publication_lag_days"":12,""weighted_average"":true}"
anp.producer_importer.diesel_s10.br.weighted_mean,2019-08-04,2019-08-17T02:59:59Z,2026-08-14T23:52:49Z,2.44321,BRL/L,ANP,0,country,BR,Brasil,"{""availability_status"":""official_estimate_in_workbook"",""excludes_icms"":true,""period_end"":""2019-08-04"",""period_start"":""2019-07-29"",""product"":""Óleo Diesel S-10 (R$/litro)"",""publication_lag_days"":12,""weighted_average"":true}"
anp.producer_importer.diesel_s10.br.weighted_mean,2019-08-11,2019-08-24T02:59:59Z,2026-08-14T23:52:49Z,2.46257,BRL/L,ANP,0,country,BR,Brasil,"{""availability_status"":""official_estimate_in_workbook"",""excludes_icms"":true,""period_end"":""2019-08-11"",""period_start"":""2019-08-05"",""product"":""Óleo Diesel S-10 (R$/litro)"",""publication_lag_days"":12,""weighted_average"":true}"
anp.producer_importer.diesel_s10.br.weighted_mean,2019-08-18,2019-08-31T02:59:59Z,2026-08-14T23:52:49Z,2.46097,BRL/L,ANP,0,country,BR,Brasil,"{""availability_status"":""official_estimate_in_workbook"",""excludes_icms"":true,""period_end"":""2019-08-18"",""period_start"":""2019-08-12"",""product"":""Óleo Diesel S-10 (R$/litro)"",""publication_lag_days"":12,""weighted_average"":true}"
anp.producer_importer.diesel_s10.br.weighted_mean,2019-08-25,2019-09-07T02:59:59Z,2026-08-14T23:52:49Z,2.46475,BRL/L,ANP,0,country,BR,Brasil,"{""availability_status"":""official_estimate_in_workbook"",""excludes_icms"":true,""period_end"":""2019-08-25"",""period_start"":""2019-08-19"",""product"":""Óleo Diesel S-10 (R$/litro)"",""publication_lag_days"":12,""weighted_average"":true}"
anp.producer_importer.diesel_s10.br.weighted_mean,2019-09-01,2019-09-14T02:59:59Z,2026-08-14T23:52:49Z,2.46752,BRL/L,ANP,0,country,BR,Brasil,"{""availability_status"":""official_estimate_in_workbook"",""excludes_icms"":true,""period_end"":""2019-09-01"",""period_start"":""2019-08-26"",""product"":""Óleo Diesel S-10 (R$/litro)"",""publication_lag_days"":12,""weighted_average"":true}"
anp.producer_importer.diesel_s10.br.weighted_mean,2019-09-08,2019-09-21T02:59:59Z,2026-08-14T23:52:49Z,2.48393,BRL/L,ANP,0,country,BR,Brasil,"{""availability_status"":""official_estimate_in_workbook"",""excludes_icms"":true,""period_end"":""2019-09-08"",""period_start"":""2019-09-02"",""product"":""Óleo Diesel S-10 (R$/litro)"",""publication_lag_days"":12,""weighted_average"":true}"
anp.producer_importer.diesel_s10.br.weighted_mean,2019-09-15,2019-09-28T02:59:59Z,2026-08-14T23:52:49Z,2.52986,BRL/L,ANP,0,country,BR,Brasil,"{""availability_status"":""official_estimate_in_workbook"",""excludes_icms"":true,""period_end"":""2019-09-15"",""period_start"":""2019-09-09"",""product"":""Óleo Diesel S-10 (R$/litro)"",""publication_lag_days"":12,""weighted_average"":true}"
anp.producer_importer.diesel_s10.br.weighted_mean,2019-09-22,2019-10-05T02:59:59Z,2026-08-14T23:52:49Z,2.6151,BRL/L,ANP,0,country,BR,Brasil,"{""availability_status"":""official_estimate_in_workbook"",""excludes_icms"":true,""period_end"":""2019-09-22"",""period_start"":""2019-09-16"",""product"":""Óleo Diesel S-10 (R$/litro)"",""publication_lag_days"":12,""weighted_average"":true}"
anp.producer_importer.diesel_s10.br.weighted_mean,2019-09-29,2019-10-12T02:59:59Z,2026-08-14T23:52:49Z,2.66189,BRL/L,ANP,0,country,BR,Brasil,"{""availability_status"":""official_estimate_in_workbook"",""excludes_icms"":true,""period_end"":""2019-09-29"",""period_start"":""2019-09-23"",""product"":""Óleo Diesel S-10 (R$/litro)"",""publication_lag_days"":12,""weighted_average"":true}"
anp.producer_importer.diesel_s10.br.weighted_mean,2019-10-06,2019-10-19T02:59:59Z,2026-08-14T23:52:49Z,2.65814,BRL/L,ANP,0,country,BR,Brasil,"{""availability_status"":""official_estimate_in_workbook"",""excludes_icms"":true,""period_end"":""2019-10-06"",""period_start"":""2019-09-30"",""product"":""Óleo Diesel S-10 (R$/litro)"",""publication_lag_days"":12,""weighted_average"":true}"
anp.producer_importer.diesel_s10.br.weighted_mean,2019-10-13,2019-10-26T02:59:59Z,2026-08-14T23:52:49Z,2.65036,BRL/L,ANP,0,country,BR,Brasil,"{""availability_status"":""official_estimate_in_workbook"",""excludes_icms"":true,""period_end"":""2019-10-13"",""period_start"":""2019-10-07"",""product"":""Óleo Diesel S-10 (R$/litro)"",""publication_lag_days"":12,""weighted_average"":true}"
anp.producer_importer.diesel_s10.br.weighted_mean,2019-10-20,2019-11-02T02:59:59Z,2026-08-14T23:52:49Z,2.66025,BRL/L,ANP,0,country,BR,Brasil,"{""availability_status"":""official_estimate_in_workbook"",""excludes_icms"":true,""period_end"":""2019-10-20"",""period_start"":""2019-10-14"",""product"":""Óleo Diesel S-10 (R$/litro)"",""publication_lag_days"":12,""weighted_average"":true}"
anp.producer_importer.diesel_s10.br.weighted_mean,2019-10-27,2019-11-09T02:59:59Z,2026-08-14T23:52:49Z,2.63192,BRL/L,ANP,0,country,BR,Brasil,"{""availability_status"":""official_estimate_in_workbook"",""excludes_icms"":true,""period_end"":""2019-10-27"",""period_start"":""2019-10-21"",""product"":""Óleo Diesel S-10 (R$/litro)"",""publication_lag_days"":12,""weighted_average"":true}"
anp.producer_importer.diesel_s10.br.weighted_mean,2019-11-03,2019-11-16T02:59:59Z,2026-08-14T23:52:49Z,2.59013,BRL/L,ANP,0,country,BR,Brasil,"{""availability_status"":""official_estimate_in_workbook"",""excludes_icms"":true,""period_end"":""2019-11-03"",""period_start"":""2019-10-28"",""product"":""Óleo Diesel S-10 (R$/litro)"",""publication_lag_days"":12,""weighted_average"":true}"
anp.producer_importer.diesel_s10.br.weighted_mean,2019-11-10,2019-11-23T02:59:59Z,2026-08-14T23:52:49Z,2.55072,BRL/L,ANP,0,country,BR,Brasil,"{""availability_status"":""official_estimate_in_workbook"",""excludes_icms"":true,""period_end"":""2019-11-10"",""period_start"":""2019-11-04"",""product"":""Óleo Diesel S-10 (R$/litro)"",""publication_lag_days"":12,""weighted_average"":true}"
anp.producer_importer.diesel_s10.br.weighted_mean,2019-11-17,2019-11-30T02:59:59Z,2026-08-14T23:52:49Z,2.56087,BRL/L,ANP,0,country,BR,Brasil,"{""availability_status"":""official_estimate_in_workbook"",""excludes_icms"":true,""period_end"":""2019-11-17"",""period_start"":""2019-11-11"",""product"":""Óleo Diesel S-10 (R$/litro)"",""publication_lag_days"":12,""weighted_average"":true}"
anp.producer_importer.diesel_s10.br.weighted_mean,2019-11-24,2019-12-07T02:59:59Z,2026-08-14T23:52:49Z,2.56871,BRL/L,ANP,0,country,BR,Brasil,"{""availability_status"":""official_estimate_in_workbook"",""excludes_icms"":true,""period_end"":""2019-11-24"",""period_start"":""2019-11-18"",""product"":""Óleo Diesel S-10 (R$/litro)"",""publication_lag_days"":12,""weighted_average"":true}"
anp.producer_importer.diesel_s10.br.weighted_mean,2019-12-01,2019-12-14T02:59:59Z,2026-08-14T23:52:49Z,2.5881,BRL/L,ANP,0,country,BR,Brasil,"{""availability_status"":""official_estimate_in_workbook"",""excludes_icms"":true,""period_end"":""2019-12-01"",""period_start"":""2019-11-25"",""product"":""Óleo Diesel S-10 (R$/litro)"",""publication_lag_days"":12,""weighted_average"":true}"
anp.producer_importer.diesel_s10.br.weighted_mean,2019-12-08,2019-12-21T02:59:59Z,2026-08-14T23:52:49Z,2.612,BRL/L,ANP,0,country,BR,Brasil,"{""availability_status"":""official_estimate_in_workbook"",""excludes_icms"":true,""period_end"":""2019-12-08"",""period_start"":""2019-12-02"",""product"":""Óleo Diesel S-10 (R$/litro)"",""publication_lag_days"":12,""weighted_average"":true}"
anp.producer_importer.diesel_s10.br.weighted_mean,2019-12-15,2019-12-28T02:59:59Z,2026-08-14T23:52:49Z,2.62737,BRL/L,ANP,0,country,BR,Brasil,"{""availability_status"":""official_estimate_in_workbook"",""excludes_icms"":true,""period_end"":""2019-12-15"",""period_start"":""2019-12-09"",""product"":""Óleo Diesel S-10 (R$/litro)"",""publication_lag_days"":12,""weighted_average"":true}"
anp.producer_importer.diesel_s10.br.weighted_mean,2019-12-22,2020-01-04T02:59:59Z,2026-08-14T23:52:49Z,2.63951,BRL/L,ANP,0,country,BR,Brasil,"{""availability_status"":""official_estimate_in_workbook"",""excludes_icms"":true,""period_end"":""2019-12-22"",""period_start"":""2019-12-16"",""product"":""Óleo Diesel S-10 (R$/litro)"",""publication_lag_days"":12,""weighted_average"":true}"
anp.producer_importer.diesel_s10.br.weighted_mean,2019-12-29,2020-01-11T02:59:59Z,2026-08-14T23:52:49Z,2.69125,BRL/L,ANP,0,country,BR,Brasil,"{""availability_status"":""official_estimate_in_workbook"",""excludes_icms"":true,""period_end"":""2019-12-29"",""period_start"":""2019-12-23"",""product"":""Óleo Diesel S-10 (R$/litro)"",""publication_lag_days"":12,""weighted_average"":true}"
anp.producer_importer.diesel_s10.br.weighted_mean,2020-01-05,2020-01-18T02:59:59Z,2026-08-14T23:52:49Z,2.70622,BRL/L,ANP,0,country,BR,Brasil,"{""availability_status"":""official_estimate_in_workbook"",""excludes_icms"":true,""period_end"":""2020-01-05"",""period_start"":""2019-12-30"",""product"":""Óleo Diesel S-10 (R$/litro)"",""publication_lag_days"":12,""weighted_average"":true}"
anp.producer_importer.diesel_s10.br.weighted_mean,2020-01-12,2020-01-25T02:59:59Z,2026-08-14T23:52:49Z,2.68633,BRL/L,ANP,0,country,BR,Brasil,"{""availability_status"":""official_estimate_in_workbook"",""excludes_icms"":true,""period_end"":""2020-01-12"",""period_start"":""2020-01-06"",""product"":""Óleo Diesel S-10 (R$/litro)"",""publication_lag_days"":12,""weighted_average"":true}"
anp.producer_importer.diesel_s10.br.weighted_mean,2020-01-19,2020-02-01T02:59:59Z,2026-08-14T23:52:49Z,2.63389,BRL/L,ANP,0,country,BR,Brasil,"{""availability_status"":""official_estimate_in_workbook"",""excludes_icms"":true,""period_end"":""2020-01-19"",""period_start"":""2020-01-13"",""product"":""Óleo Diesel S-10 (R$/litro)"",""publication_lag_days"":12,""weighted_average"":true}"
anp.producer_importer.diesel_s10.br.weighted_mean,2020-01-26,2020-02-08T02:59:59Z,2026-08-14T23:52:49Z,2.58688,BRL/L,ANP,0,country,BR,Brasil,"{""availability_status"":""official_estimate_in_workbook"",""excludes_icms"":true,""period_end"":""2020-01-26"",""period_start"":""2020-01-20"",""product"":""Óleo Diesel S-10 (R$/litro)"",""publication_lag_days"":12,""weighted_average"":true}"
anp.producer_importer.diesel_s10.br.weighted_mean,2020-02-02,2020-02-15T02:59:59Z,2026-08-14T23:52:49Z,2.48779,BRL/L,ANP,0,country,BR,Brasil,"{""availability_status"":""official_estimate_in_workbook"",""excludes_icms"":true,""period_end"":""2020-02-02"",""period_start"":""2020-01-27"",""product"":""Óleo Diesel S-10 (R$/litro)"",""publication_lag_days"":12,""weighted_average"":true}"
anp.producer_importer.diesel_s10.br.weighted_mean,2020-02-09,2020-02-22T02:59:59Z,2026-08-14T23:52:49Z,2.41286,BRL/L,ANP,0,country,BR,Brasil,"{""availability_status"":""official_estimate_in_workbook"",""excludes_icms"":true,""period_end"":""2020-02-09"",""period_start"":""2020-02-03"",""product"":""Óleo Diesel S-10 (R$/litro)"",""publication_lag_days"":12,""weighted_average"":true}"
anp.producer_importer.diesel_s10.br.weighted_mean,2020-02-16,2020-02-29T02:59:59Z,2026-08-14T23:52:49Z,2.38004,BRL/L,ANP,0,country,BR,Brasil,"{""availability_status"":""official_estimate_in_workbook"",""excludes_icms"":true,""period_end"":""2020-02-16"",""period_start"":""2020-02-10"",""product"":""Óleo Diesel S-10 (R$/litro)"",""publication_lag_days"":12,""weighted_average"":true}"
anp.producer_importer.diesel_s10.br.weighted_mean,2020-02-23,2020-03-07T02:59:59Z,2026-08-14T23:52:49Z,2.37216,BRL/L,ANP,0,country,BR,Brasil,"{""availability_status"":""official_estimate_in_workbook"",""excludes_icms"":true,""period_end"":""2020-02-23"",""period_start"":""2020-02-17"",""product"":""Óleo Diesel S-10 (R$/litro)"",""publication_lag_days"":12,""weighted_average"":true}"
anp.producer_importer.diesel_s10.br.weighted_mean,2020-03-01,2020-03-14T02:59:59Z,2026-08-14T23:52:49Z,2.34324,BRL/L,ANP,0,country,BR,Brasil,"{""availability_status"":""official_estimate_in_workbook"",""excludes_icms"":true,""period_end"":""2020-03-01"",""period_start"":""2020-02-24"",""product"":""Óleo Diesel S-10 (R$/litro)"",""publication_lag_days"":12,""weighted_average"":true}"
anp.producer_importer.diesel_s10.br.weighted_mean,2020-03-08,2020-03-21T02:59:59Z,2026-08-14T23:52:49Z,2.27336,BRL/L,ANP,0,country,BR,Brasil,"{""availability_status"":""official_estimate_in_workbook"",""excludes_icms"":true,""period_end"":""2020-03-08"",""period_start"":""2020-03-02"",""product"":""Óleo Diesel S-10 (R$/litro)"",""publication_lag_days"":12,""weighted_average"":true}"
anp.producer_importer.diesel_s10.br.weighted_mean,2020-03-15,2020-03-28T02:59:59Z,2026-08-14T23:52:49Z,2.21152,BRL/L,ANP,0,country,BR,Brasil,"{""availability_status"":""official_estimate_in_workbook"",""excludes_icms"":true,""period_end"":""2020-03-15"",""period_start"":""2020-03-09"",""product"":""Óleo Diesel S-10 (R$/litro)"",""publication_lag_days"":12,""weighted_average"":true}"
anp.producer_importer.diesel_s10.br.weighted_mean,2020-03-22,2020-04-04T02:59:59Z,2026-08-14T23:52:49Z,2.07779,BRL/L,ANP,0,country,BR,Brasil,"{""availability_status"":""official_estimate_in_workbook"",""excludes_icms"":true,""period_end"":""2020-03-22"",""period_start"":""2020-03-16"",""product"":""Óleo Diesel S-10 (R$/litro)"",""publication_lag_days"":12,""weighted_average"":true}"
anp.producer_importer.diesel_s10.br.weighted_mean,2020-03-29,2020-04-11T02:59:59Z,2026-08-14T23:52:49Z,1.99869,BRL/L,ANP,0,country,BR,Brasil,"{""availability_status"":""official_estimate_in_workbook"",""excludes_icms"":true,""period_end"":""2020-03-29"",""period_start"":""2020-03-23"",""product"":""Óleo Diesel S-10 (R$/litro)"",""publication_lag_days"":12,""weighted_average"":true}"
anp.producer_importer.diesel_s10.br.weighted_mean,2020-04-05,2020-04-18T02:59:59Z,2026-08-14T23:52:49Z,1.9526,BRL/L,ANP,0,country,BR,Brasil,"{""availability_status"":""official_estimate_in_workbook"",""excludes_icms"":true,""period_end"":""2020-04-05"",""period_start"":""2020-03-30"",""product"":""Óleo Diesel S-10 (R$/litro)"",""publication_lag_days"":12,""weighted_average"":true}"
anp.producer_importer.diesel_s10.br.weighted_mean,2020-04-12,2020-04-25T02:59:59Z,2026-08-14T23:52:49Z,1.94712,BRL/L,ANP,0,country,BR,Brasil,"{""availability_status"":""official_estimate_in_workbook"",""excludes_icms"":true,""period_end"":""2020-04-12"",""period_start"":""2020-04-06"",""product"":""Óleo Diesel S-10 (R$/litro)"",""publication_lag_days"":12,""weighted_average"":true}"
anp.producer_importer.diesel_s10.br.weighted_mean,2020-04-19,2020-05-02T02:59:59Z,2026-08-14T23:52:49Z,1.89763,BRL/L,ANP,0,country,BR,Brasil,"{""availability_status"":""official_estimate_in_workbook"",""excludes_icms"":true,""period_end"":""2020-04-19"",""period_start"":""2020-04-13"",""product"":""Óleo Diesel S-10 (R$/litro)"",""publication_lag_days"":12,""weighted_average"":true}"
anp.producer_importer.diesel_s10.br.weighted_mean,2020-04-26,2020-05-09T02:59:59Z,2026-08-14T23:52:49Z,1.8028,BRL/L,ANP,0,country,BR,Brasil,"{""availability_status"":""official_estimate_in_workbook"",""excludes_icms"":true,""period_end"":""2020-04-26"",""period_start"":""2020-04-20"",""product"":""Óleo Diesel S-10 (R$/litro)"",""publication_lag_days"":12,""weighted_average"":true}"
anp.producer_importer.diesel_s10.br.weighted_mean,2020-05-03,2020-05-16T02:59:59Z,2026-08-14T23:52:49Z,1.68781,BRL/L,ANP,0,country,BR,Brasil,"{""availability_status"":""official_estimate_in_workbook"",""excludes_icms"":true,""period_end"":""2020-05-03"",""period_start"":""2020-04-27"",""product"":""Óleo Diesel S-10 (R$/litro)"",""publication_lag_days"":12,""weighted_average"":true}"
anp.producer_importer.diesel_s10.br.weighted_mean,2020-05-10,2020-05-23T02:59:59Z,2026-08-14T23:52:49Z,1.65559,BRL/L,ANP,0,country,BR,Brasil,"{""availability_status"":""official_estimate_in_workbook"",""excludes_icms"":true,""period_end"":""2020-05-10"",""period_start"":""2020-05-04"",""product"":""Óleo Diesel S-10 (R$/litro)"",""publication_lag_days"":12,""weighted_average"":true}"
anp.producer_importer.diesel_s10.br.weighted_mean,2020-05-17,2020-05-30T02:59:59Z,2026-08-14T23:52:49Z,1.66513,BRL/L,ANP,0,country,BR,Brasil,"{""availability_status"":""official_estimate_in_workbook"",""excludes_icms"":true,""period_end"":""2020-05-17"",""period_start"":""2020-05-11"",""product"":""Óleo Diesel S-10 (R$/litro)"",""publication_lag_days"":12,""weighted_average"":true}"
anp.producer_importer.diesel_s10.br.weighted_mean,2020-05-24,2020-06-06T02:59:59Z,2026-08-14T23:52:49Z,1.74516,BRL/L,ANP,0,country,BR,Brasil,"{""availability_status"":""official_estimate_in_workbook"",""excludes_icms"":true,""period_end"":""2020-05-24"",""period_start"":""2020-05-18"",""product"":""Óleo Diesel S-10 (R$/litro)"",""publication_lag_days"":12,""weighted_average"":true}"
anp.producer_importer.diesel_s10.br.weighted_mean,2020-05-31,2020-06-13T02:59:59Z,2026-08-14T23:52:49Z,1.80728,BRL/L,ANP,0,country,BR,Brasil,"{""availability_status"":""official_estimate_in_workbook"",""excludes_icms"":true,""period_end"":""2020-05-31"",""period_start"":""2020-05-25"",""product"":""Óleo Diesel S-10 (R$/litro)"",""publication_lag_days"":12,""weighted_average"":true}"
anp.producer_importer.diesel_s10.br.weighted_mean,2020-06-07,2020-06-20T02:59:59Z,2026-08-14T23:52:49Z,1.85976,BRL/L,ANP,0,country,BR,Brasil,"{""availability_status"":""official_estimate_in_workbook"",""excludes_icms"":true,""period_end"":""2020-06-07"",""period_start"":""2020-06-01"",""product"":""Óleo Diesel S-10 (R$/litro)"",""publication_lag_days"":12,""weighted_average"":true}"
anp.producer_importer.diesel_s10.br.weighted_mean,2020-06-14,2020-06-27T02:59:59Z,2026-08-14T23:52:49Z,1.86057,BRL/L,ANP,0,country,BR,Brasil,"{""availability_status"":""official_estimate_in_workbook"",""excludes_icms"":true,""period_end"":""2020-06-14"",""period_start"":""2020-06-08"",""product"":""Óleo Diesel S-10 (R$/litro)"",""publication_lag_days"":12,""weighted_average"":true}"
anp.producer_importer.diesel_s10.br.weighted_mean,2020-06-21,2020-07-04T02:59:59Z,2026-08-14T23:52:49Z,1.91171,BRL/L,ANP,0,country,BR,Brasil,"{""availability_status"":""official_estimate_in_workbook"",""excludes_icms"":true,""period_end"":""2020-06-21"",""period_start"":""2020-06-15"",""product"":""Óleo Diesel S-10 (R$/litro)"",""publication_lag_days"":12,""weighted_average"":true}"
anp.producer_importer.diesel_s10.br.weighted_mean,2020-06-28,2020-07-11T02:59:59Z,2026-08-14T23:52:49Z,1.99153,BRL/L,ANP,0,country,BR,Brasil,"{""availability_status"":""official_estimate_in_workbook"",""excludes_icms"":true,""period_end"":""2020-06-28"",""period_start"":""2020-06-22"",""product"":""Óleo Diesel S-10 (R$/litro)"",""publication_lag_days"":12,""weighted_average"":true}"
anp.producer_importer.diesel_s10.br.weighted_mean,2020-07-05,2020-07-18T02:59:59Z,2026-08-14T23:52:49Z,2.02823,BRL/L,ANP,0,country,BR,Brasil,"{""availability_status"":""official_estimate_in_workbook"",""excludes_icms"":true,""period_end"":""2020-07-05"",""period_start"":""2020-06-29"",""product"":""Óleo Diesel S-10 (R$/litro)"",""publication_lag_days"":12,""weighted_average"":true}"
anp.producer_importer.diesel_s10.br.weighted_mean,2020-07-12,2020-07-25T02:59:59Z,2026-08-14T23:52:49Z,2.08486,BRL/L,ANP,0,country,BR,Brasil,"{""availability_status"":""official_estimate_in_workbook"",""excludes_icms"":true,""period_end"":""2020-07-12"",""period_start"":""2020-07-06"",""product"":""Óleo Diesel S-10 (R$/litro)"",""publication_lag_days"":12,""weighted_average"":true}"
anp.producer_importer.diesel_s10.br.weighted_mean,2020-07-19,2020-08-01T02:59:59Z,2026-08-14T23:52:49Z,2.1203,BRL/L,ANP,0,country,BR,Brasil,"{""availability_status"":""official_estimate_in_workbook"",""excludes_icms"":true,""period_end"":""2020-07-19"",""period_start"":""2020-07-13"",""product"":""Óleo Diesel S-10 (R$/litro)"",""publication_lag_days"":12,""weighted_average"":true}"
anp.producer_importer.diesel_s10.br.weighted_mean,2020-07-26,2020-08-08T02:59:59Z,2026-08-14T23:52:49Z,2.17692,BRL/L,ANP,0,country,BR,Brasil,"{""availability_status"":""official_estimate_in_workbook"",""excludes_icms"":true,""period_end"":""2020-07-26"",""period_start"":""2020-07-20"",""product"":""Óleo Diesel S-10 (R$/litro)"",""publication_lag_days"":12,""weighted_average"":true}"
anp.producer_importer.diesel_s10.br.weighted_mean,2020-08-02,2020-08-15T02:59:59Z,2026-08-14T23:52:49Z,2.17964,BRL/L,ANP,0,country,BR,Brasil,"{""availability_status"":""official_estimate_in_workbook"",""excludes_icms"":true,""period_end"":""2020-08-02"",""period_start"":""2020-07-27"",""product"":""Óleo Diesel S-10 (R$/litro)"",""publication_lag_days"":12,""weighted_average"":true}"
anp.producer_importer.diesel_s10.br.weighted_mean,2020-08-09,2020-08-22T02:59:59Z,2026-08-14T23:52:49Z,2.18726,BRL/L,ANP,0,country,BR,Brasil,"{""availability_status"":""official_estimate_in_workbook"",""excludes_icms"":true,""period_end"":""2020-08-09"",""period_start"":""2020-08-03"",""product"":""Óleo Diesel S-10 (R$/litro)"",""publication_lag_days"":12,""weighted_average"":true}"
anp.producer_importer.diesel_s10.br.weighted_mean,2020-08-16,2020-08-29T02:59:59Z,2026-08-14T23:52:49Z,2.20372,BRL/L,ANP,0,country,BR,Brasil,"{""availability_status"":""official_estimate_in_workbook"",""excludes_icms"":true,""period_end"":""2020-08-16"",""period_start"":""2020-08-10"",""product"":""Óleo Diesel S-10 (R$/litro)"",""publication_lag_days"":12,""weighted_average"":true}"
anp.producer_importer.diesel_s10.br.weighted_mean,2020-08-23,2020-09-05T02:59:59Z,2026-08-14T23:52:49Z,2.26276,BRL/L,ANP,0,country,BR,Brasil,"{""availability_status"":""official_estimate_in_workbook"",""excludes_icms"":true,""period_end"":""2020-08-23"",""period_start"":""2020-08-17"",""product"":""Óleo Diesel S-10 (R$/litro)"",""publication_lag_days"":12,""weighted_average"":true}"
anp.distribution.diesel_s10.br.mean,2020-08-29,2020-09-13T02:59:59Z,2026-08-14T23:52:49Z,3.13740166515,BRL/L,ANP,0,country,BR,Brasil,"{""availability_status"":""assumed_unverified"",""dispersion"":0.11394533505337774,""period_end"":""2020-08-29"",""period_start"":""2020-08-23"",""product"":""ÓLEO DIESEL B S10 - COMUM"",""publication_lag_assumption_days"":14,""revision_warning"":""Source labels observations as preliminary and revisable""}"
anp.producer_importer.diesel_s10.br.weighted_mean,2020-08-30,2020-09-12T02:59:59Z,2026-08-14T23:52:49Z,2.30237,BRL/L,ANP,0,country,BR,Brasil,"{""availability_status"":""official_estimate_in_workbook"",""excludes_icms"":true,""period_end"":""2020-08-30"",""period_start"":""2020-08-24"",""product"":""Óleo Diesel S-10 (R$/litro)"",""publication_lag_days"":12,""weighted_average"":true}"
anp.distribution.diesel_s10.br.mean,2020-09-05,2020-09-20T02:59:59Z,2026-08-14T23:52:49Z,3.19265159025,BRL/L,ANP,0,country,BR,Brasil,"{""availability_status"":""assumed_unverified"",""dispersion"":0.12721123925183678,""period_end"":""2020-09-05"",""period_start"":""2020-08-30"",""product"":""ÓLEO DIESEL B S10 - COMUM"",""publication_lag_assumption_days"":14,""revision_warning"":""Source labels observations as preliminary and revisable""}"
anp.producer_importer.diesel_s10.br.weighted_mean,2020-09-06,2020-09-19T02:59:59Z,2026-08-14T23:52:49Z,2.25054,BRL/L,ANP,0,country,BR,Brasil,"{""availability_status"":""official_estimate_in_workbook"",""excludes_icms"":true,""period_end"":""2020-09-06"",""period_start"":""2020-08-31"",""product"":""Óleo Diesel S-10 (R$/litro)"",""publication_lag_days"":12,""weighted_average"":true}"
anp.distribution.diesel_s10.br.mean,2020-09-12,2020-09-27T02:59:59Z,2026-08-14T23:52:49Z,3.07846520538,BRL/L,ANP,0,country,BR,Brasil,"{""availability_status"":""assumed_unverified"",""dispersion"":0.13892569964578919,""period_end"":""2020-09-12"",""period_start"":""2020-09-06"",""product"":""ÓLEO DIESEL B S10 - COMUM"",""publication_lag_assumption_days"":14,""revision_warning"":""Source labels observations as preliminary and revisable""}"
anp.producer_importer.diesel_s10.br.weighted_mean,2020-09-13,2020-09-26T02:59:59Z,2026-08-14T23:52:49Z,2.09629,BRL/L,ANP,0,country,BR,Brasil,"{""availability_status"":""official_estimate_in_workbook"",""excludes_icms"":true,""period_end"":""2020-09-13"",""period_start"":""2020-09-07"",""product"":""Óleo Diesel S-10 (R$/litro)"",""publication_lag_days"":12,""weighted_average"":true}"
anp.distribution.diesel_s10.br.mean,2020-09-19,2020-10-04T02:59:59Z,2026-08-14T23:52:49Z,2.9814472224,BRL/L,ANP,0,country,BR,Brasil,"{""availability_status"":""assumed_unverified"",""dispersion"":0.12737471124524127,""period_end"":""2020-09-19"",""period_start"":""2020-09-13"",""product"":""ÓLEO DIESEL B S10 - COMUM"",""publication_lag_assumption_days"":14,""revision_warning"":""Source labels observations as preliminary and revisable""}"
anp.producer_importer.diesel_s10.br.weighted_mean,2020-09-20,2020-10-03T02:59:59Z,2026-08-14T23:52:49Z,1.98884,BRL/L,ANP,0,country,BR,Brasil,"{""availability_status"":""official_estimate_in_workbook"",""excludes_icms"":true,""period_end"":""2020-09-20"",""period_start"":""2020-09-14"",""product"":""Óleo Diesel S-10 (R$/litro)"",""publication_lag_days"":12,""weighted_average"":true}"
anp.distribution.diesel_s10.br.mean,2020-09-26,2020-10-11T02:59:59Z,2026-08-14T23:52:49Z,2.97280778789,BRL/L,ANP,0,country,BR,Brasil,"{""availability_status"":""assumed_unverified"",""dispersion"":0.12450230835611083,""period_end"":""2020-09-26"",""period_start"":""2020-09-20"",""product"":""ÓLEO DIESEL B S10 - COMUM"",""publication_lag_assumption_days"":14,""revision_warning"":""Source labels observations as preliminary and revisable""}"
anp.producer_importer.diesel_s10.br.weighted_mean,2020-09-27,2020-10-10T02:59:59Z,2026-08-14T23:52:49Z,1.99255,BRL/L,ANP,0,country,BR,Brasil,"{""availability_status"":""official_estimate_in_workbook"",""excludes_icms"":true,""period_end"":""2020-09-27"",""period_start"":""2020-09-21"",""product"":""Óleo Diesel S-10 (R$/litro)"",""publication_lag_days"":12,""weighted_average"":true}"
anp.distribution.diesel_s10.br.mean,2020-10-03,2020-10-18T02:59:59Z,2026-08-14T23:52:49Z,3.00120635062,BRL/L,ANP,0,country,BR,Brasil,"{""availability_status"":""assumed_unverified"",""dispersion"":0.12858492804041022,""period_end"":""2020-10-03"",""period_start"":""2020-09-27"",""product"":""ÓLEO DIESEL B S10 - COMUM"",""publication_lag_assumption_days"":14,""revision_warning"":""Source labels observations as preliminary and revisable""}"
anp.producer_importer.diesel_s10.br.weighted_mean,2020-10-04,2020-10-17T02:59:59Z,2026-08-14T23:52:49Z,2.01764,BRL/L,ANP,0,country,BR,Brasil,"{""availability_status"":""official_estimate_in_workbook"",""excludes_icms"":true,""period_end"":""2020-10-04"",""period_start"":""2020-09-28"",""product"":""Óleo Diesel S-10 (R$/litro)"",""publication_lag_days"":12,""weighted_average"":true}"
anp.distribution.diesel_s10.br.mean,2020-10-10,2020-10-25T02:59:59Z,2026-08-14T23:52:49Z,3.02546590987,BRL/L,ANP,0,country,BR,Brasil,"{""availability_status"":""assumed_unverified"",""dispersion"":0.12869514600759985,""period_end"":""2020-10-10"",""period_start"":""2020-10-04"",""product"":""ÓLEO DIESEL B S10 - COMUM"",""publication_lag_assumption_days"":14,""revision_warning"":""Source labels observations as preliminary and revisable""}"
anp.producer_importer.diesel_s10.br.weighted_mean,2020-10-11,2020-10-24T02:59:59Z,2026-08-14T23:52:49Z,2.05033,BRL/L,ANP,0,country,BR,Brasil,"{""availability_status"":""official_estimate_in_workbook"",""excludes_icms"":true,""period_end"":""2020-10-11"",""period_start"":""2020-10-05"",""product"":""Óleo Diesel S-10 (R$/litro)"",""publication_lag_days"":12,""weighted_average"":true}"
anp.distribution.diesel_s10.br.mean,2020-10-17,2020-11-01T02:59:59Z,2026-08-14T23:52:49Z,3.08948626365,BRL/L,ANP,0,country,BR,Brasil,"{""availability_status"":""assumed_unverified"",""dispersion"":0.12454208227232325,""period_end"":""2020-10-17"",""period_start"":""2020-10-11"",""product"":""ÓLEO DIESEL B S10 - COMUM"",""publication_lag_assumption_days"":14,""revision_warning"":""Source labels observations as preliminary and revisable""}"
anp.producer_importer.diesel_s10.br.weighted_mean,2020-10-18,2020-10-31T02:59:59Z,2026-08-14T23:52:49Z,2.12452,BRL/L,ANP,0,country,BR,Brasil,"{""availability_status"":""official_estimate_in_workbook"",""excludes_icms"":true,""period_end"":""2020-10-18"",""period_start"":""2020-10-12"",""product"":""Óleo Diesel S-10 (R$/litro)"",""publication_lag_days"":12,""weighted_average"":true}"
anp.distribution.diesel_s10.br.mean,2020-10-24,2020-11-08T02:59:59Z,2026-08-14T23:52:49Z,3.08458870548,BRL/L,ANP,0,country,BR,Brasil,"{""availability_status"":""assumed_unverified"",""dispersion"":0.12405072229292705,""period_end"":""2020-10-24"",""period_start"":""2020-10-18"",""product"":""ÓLEO DIESEL B S10 - COMUM"",""publication_lag_assumption_days"":14,""revision_warning"":""Source labels observations as preliminary and revisable""}"
anp.producer_importer.diesel_s10.br.weighted_mean,2020-10-25,2020-11-07T02:59:59Z,2026-08-14T23:52:49Z,2.1044,BRL/L,ANP,0,country,BR,Brasil,"{""availability_status"":""official_estimate_in_workbook"",""excludes_icms"":true,""period_end"":""2020-10-25"",""period_start"":""2020-10-19"",""product"":""Óleo Diesel S-10 (R$/litro)"",""publication_lag_days"":12,""weighted_average"":true}"
anp.distribution.diesel_s10.br.mean,2020-10-31,2020-11-15T02:59:59Z,2026-08-14T23:52:49Z,3.04342969212,BRL/L,ANP,0,country,BR,Brasil,"{""availability_status"":""assumed_unverified"",""dispersion"":0.12800156198067536,""period_end"":""2020-10-31"",""period_start"":""2020-10-25"",""product"":""ÓLEO DIESEL B S10 - COMUM"",""publication_lag_assumption_days"":14,""revision_warning"":""Source labels observations as preliminary and revisable""}"
anp.producer_importer.diesel_s10.br.weighted_mean,2020-11-01,2020-11-14T02:59:59Z,2026-08-14T23:52:49Z,2.0475,BRL/L,ANP,0,country,BR,Brasil,"{""availability_status"":""official_estimate_in_workbook"",""excludes_icms"":true,""period_end"":""2020-11-01"",""period_start"":""2020-10-26"",""product"":""Óleo Diesel S-10 (R$/litro)"",""publication_lag_days"":12,""weighted_average"":true}"
anp.distribution.diesel_s10.br.mean,2020-11-07,2020-11-22T02:59:59Z,2026-08-14T23:52:49Z,3.11861863065,BRL/L,ANP,0,country,BR,Brasil,"{""availability_status"":""assumed_unverified"",""dispersion"":0.1314424795721169,""period_end"":""2020-11-07"",""period_start"":""2020-11-01"",""product"":""ÓLEO DIESEL B S10 - COMUM"",""publication_lag_assumption_days"":14,""revision_warning"":""Source labels observations as preliminary and revisable""}"
anp.producer_importer.diesel_s10.br.weighted_mean,2020-11-08,2020-11-21T02:59:59Z,2026-08-14T23:52:49Z,2.06047,BRL/L,ANP,0,country,BR,Brasil,"{""availability_status"":""official_estimate_in_workbook"",""excludes_icms"":true,""period_end"":""2020-11-08"",""period_start"":""2020-11-02"",""product"":""Óleo Diesel S-10 (R$/litro)"",""publication_lag_days"":12,""weighted_average"":true}"
anp.distribution.diesel_s10.br.mean,2020-11-14,2020-11-29T02:59:59Z,2026-08-14T23:52:49Z,3.14791698628,BRL/L,ANP,0,country,BR,Brasil,"{""availability_status"":""assumed_unverified"",""dispersion"":0.1370840214653565,""period_end"":""2020-11-14"",""period_start"":""2020-11-08"",""product"":""ÓLEO DIESEL B S10 - COMUM"",""publication_lag_assumption_days"":14,""revision_warning"":""Source labels observations as preliminary and revisable""}"
anp.producer_importer.diesel_s10.br.weighted_mean,2020-11-15,2020-11-28T02:59:59Z,2026-08-14T23:52:49Z,2.09914,BRL/L,ANP,0,country,BR,Brasil,"{""availability_status"":""official_estimate_in_workbook"",""excludes_icms"":true,""period_end"":""2020-11-15"",""period_start"":""2020-11-09"",""product"":""Óleo Diesel S-10 (R$/litro)"",""publication_lag_days"":12,""weighted_average"":true}"
anp.distribution.diesel_s10.br.mean,2020-11-21,2020-12-06T02:59:59Z,2026-08-14T23:52:49Z,3.18623242628,BRL/L,ANP,0,country,BR,Brasil,"{""availability_status"":""assumed_unverified"",""dispersion"":0.12660639883611072,""period_end"":""2020-11-21"",""period_start"":""2020-11-15"",""product"":""ÓLEO DIESEL B S10 - COMUM"",""publication_lag_assumption_days"":14,""revision_warning"":""Source labels observations as preliminary and revisable""}"
anp.producer_importer.diesel_s10.br.weighted_mean,2020-11-22,2020-12-05T02:59:59Z,2026-08-14T23:52:49Z,2.10681,BRL/L,ANP,0,country,BR,Brasil,"{""availability_status"":""official_estimate_in_workbook"",""excludes_icms"":true,""period_end"":""2020-11-22"",""period_start"":""2020-11-16"",""product"":""Óleo Diesel S-10 (R$/litro)"",""publication_lag_days"":12,""weighted_average"":true}"
anp.distribution.diesel_s10.br.mean,2020-11-28,2020-12-13T02:59:59Z,2026-08-14T23:52:49Z,3.21842958296,BRL/L,ANP,0,country,BR,Brasil,"{""availability_status"":""assumed_unverified"",""dispersion"":0.13412947970958494,""period_end"":""2020-11-28"",""period_start"":""2020-11-22"",""product"":""ÓLEO DIESEL B S10 - COMUM"",""publication_lag_assumption_days"":14,""revision_warning"":""Source labels observations as preliminary and revisable""}"
anp.producer_importer.diesel_s10.br.weighted_mean,2020-11-29,2020-12-12T02:59:59Z,2026-08-14T23:52:49Z,2.17144,BRL/L,ANP,0,country,BR,Brasil,"{""availability_status"":""official_estimate_in_workbook"",""excludes_icms"":true,""period_end"":""2020-11-29"",""period_start"":""2020-11-23"",""product"":""Óleo Diesel S-10 (R$/litro)"",""publication_lag_days"":12,""weighted_average"":true}"
anp.distribution.diesel_s10.br.mean,2020-12-05,2020-12-20T02:59:59Z,2026-08-14T23:52:49Z,3.2591407983,BRL/L,ANP,0,country,BR,Brasil,"{""availability_status"":""assumed_unverified"",""dispersion"":0.11842886189238104,""period_end"":""2020-12-05"",""period_start"":""2020-11-29"",""product"":""ÓLEO DIESEL B S10 - COMUM"",""publication_lag_assumption_days"":14,""revision_warning"":""Source labels observations as preliminary and revisable""}"
anp.producer_importer.diesel_s10.br.weighted_mean,2020-12-06,2020-12-19T02:59:59Z,2026-08-14T23:52:49Z,2.22183,BRL/L,ANP,0,country,BR,Brasil,"{""availability_status"":""official_estimate_in_workbook"",""excludes_icms"":true,""period_end"":""2020-12-06"",""period_start"":""2020-11-30"",""product"":""Óleo Diesel S-10 (R$/litro)"",""publication_lag_days"":12,""weighted_average"":true}"
anp.distribution.diesel_s10.br.mean,2020-12-12,2020-12-27T02:59:59Z,2026-08-14T23:52:49Z,3.25453135826,BRL/L,ANP,0,country,BR,Brasil,"{""availability_status"":""assumed_unverified"",""dispersion"":0.1175564174075309,""period_end"":""2020-12-12"",""period_start"":""2020-12-06"",""product"":""ÓLEO DIESEL B S10 - COMUM"",""publication_lag_assumption_days"":14,""revision_warning"":""Source labels observations as preliminary and revisable""}"
anp.producer_importer.diesel_s10.br.weighted_mean,2020-12-13,2020-12-26T02:59:59Z,2026-08-14T23:52:49Z,2.22496,BRL/L,ANP,0,country,BR,Brasil,"{""availability_status"":""official_estimate_in_workbook"",""excludes_icms"":true,""period_end"":""2020-12-13"",""period_start"":""2020-12-07"",""product"":""Óleo Diesel S-10 (R$/litro)"",""publication_lag_days"":12,""weighted_average"":true}"
anp.distribution.diesel_s10.br.mean,2020-12-19,2021-01-03T02:59:59Z,2026-08-14T23:52:49Z,3.29383334515,BRL/L,ANP,0,country,BR,Brasil,"{""availability_status"":""assumed_unverified"",""dispersion"":0.12305831615467228,""period_end"":""2020-12-19"",""period_start"":""2020-12-13"",""product"":""ÓLEO DIESEL B S10 - COMUM"",""publication_lag_assumption_days"":14,""revision_warning"":""Source labels observations as preliminary and revisable""}"
anp.producer_importer.diesel_s10.br.weighted_mean,2020-12-20,2021-01-02T02:59:59Z,2026-08-14T23:52:49Z,2.25902,BRL/L,ANP,0,country,BR,Brasil,"{""availability_status"":""official_estimate_in_workbook"",""excludes_icms"":true,""period_end"":""2020-12-20"",""period_start"":""2020-12-14"",""product"":""Óleo Diesel S-10 (R$/litro)"",""publication_lag_days"":12,""weighted_average"":true}"
anp.distribution.diesel_s10.br.mean,2020-12-26,2021-01-10T02:59:59Z,2026-08-14T23:52:49Z,3.32636820764,BRL/L,ANP,0,country,BR,Brasil,"{""availability_status"":""assumed_unverified"",""dispersion"":0.11933921550996361,""period_end"":""2020-12-26"",""period_start"":""2020-12-20"",""product"":""ÓLEO DIESEL B S10 - COMUM"",""publication_lag_assumption_days"":14,""revision_warning"":""Source labels observations as preliminary and revisable""}"
anp.producer_importer.diesel_s10.br.weighted_mean,2020-12-27,2021-01-09T02:59:59Z,2026-08-14T23:52:49Z,2.28908,BRL/L,ANP,0,country,BR,Brasil,"{""availability_status"":""official_estimate_in_workbook"",""excludes_icms"":true,""period_end"":""2020-12-27"",""period_start"":""2020-12-21"",""product"":""Óleo Diesel S-10 (R$/litro)"",""publication_lag_days"":12,""weighted_average"":true}"
anp.distribution.diesel_s10.br.mean,2021-01-02,2021-01-17T02:59:59Z,2026-08-14T23:52:49Z,3.38303418774,BRL/L,ANP,0,country,BR,Brasil,"{""availability_status"":""assumed_unverified"",""dispersion"":0.13939105203889499,""period_end"":""2021-01-02"",""period_start"":""2020-12-27"",""product"":""ÓLEO DIESEL B S10 - COMUM"",""publication_lag_assumption_days"":14,""revision_warning"":""Source labels observations as preliminary and revisable""}"
anp.producer_importer.diesel_s10.br.weighted_mean,2021-01-03,2021-01-16T02:59:59Z,2026-08-14T23:52:49Z,2.36545,BRL/L,ANP,0,country,BR,Brasil,"{""availability_status"":""official_estimate_in_workbook"",""excludes_icms"":true,""period_end"":""2021-01-03"",""period_start"":""2020-12-28"",""product"":""Óleo Diesel S-10 (R$/litro)"",""publication_lag_days"":12,""weighted_average"":true}"
anp.distribution.diesel_s10.br.mean,2021-01-09,2021-01-24T02:59:59Z,2026-08-14T23:52:49Z,3.34029911026,BRL/L,ANP,0,country,BR,Brasil,"{""availability_status"":""assumed_unverified"",""dispersion"":0.13567738775175486,""period_end"":""2021-01-09"",""period_start"":""2021-01-03"",""product"":""ÓLEO DIESEL B S10 - COMUM"",""publication_lag_assumption_days"":14,""revision_warning"":""Source labels observations as preliminary and revisable""}"
anp.producer_importer.diesel_s10.br.weighted_mean,2021-01-10,2021-01-23T02:59:59Z,2026-08-14T23:52:49Z,2.36943,BRL/L,ANP,0,country,BR,Brasil,"{""availability_status"":""official_estimate_in_workbook"",""excludes_icms"":true,""period_end"":""2021-01-10"",""period_start"":""2021-01-04"",""product"":""Óleo Diesel S-10 (R$/litro)"",""publication_lag_days"":12,""weighted_average"":true}"
anp.distribution.diesel_s10.br.mean,2021-01-16,2021-01-31T02:59:59Z,2026-08-14T23:52:49Z,3.3317156816,BRL/L,ANP,0,country,BR,Brasil,"{""availability_status"":""assumed_unverified"",""dispersion"":0.13029884386403234,""period_end"":""2021-01-16"",""period_start"":""2021-01-10"",""product"":""ÓLEO DIESEL B S10 - COMUM"",""publication_lag_assumption_days"":14,""revision_warning"":""Source labels observations as preliminary and revisable""}"
anp.producer_importer.diesel_s10.br.weighted_mean,2021-01-17,2021-01-30T02:59:59Z,2026-08-14T23:52:49Z,2.37494,BRL/L,ANP,0,country,BR,Brasil,"{""availability_status"":""official_estimate_in_workbook"",""excludes_icms"":true,""period_end"":""2021-01-17"",""period_start"":""2021-01-11"",""product"":""Óleo Diesel S-10 (R$/litro)"",""publication_lag_days"":12,""weighted_average"":true}"
anp.distribution.diesel_s10.br.mean,2021-01-23,2021-02-07T02:59:59Z,2026-08-14T23:52:49Z,3.33807377996,BRL/L,ANP,0,country,BR,Brasil,"{""availability_status"":""assumed_unverified"",""dispersion"":0.12758346089117695,""period_end"":""2021-01-23"",""period_start"":""2021-01-17"",""product"":""ÓLEO DIESEL B S10 - COMUM"",""publication_lag_assumption_days"":14,""revision_warning"":""Source labels observations as preliminary and revisable""}"
anp.producer_importer.diesel_s10.br.weighted_mean,2021-01-24,2021-02-06T02:59:59Z,2026-08-14T23:52:49Z,2.36851,BRL/L,ANP,0,country,BR,Brasil,"{""availability_status"":""official_estimate_in_workbook"",""excludes_icms"":true,""period_end"":""2021-01-24"",""period_start"":""2021-01-18"",""product"":""Óleo Diesel S-10 (R$/litro)"",""publication_lag_days"":12,""weighted_average"":true}"
anp.distribution.diesel_s10.br.mean,2021-01-30,2021-02-14T02:59:59Z,2026-08-14T23:52:49Z,3.38626126608,BRL/L,ANP,0,country,BR,Brasil,"{""availability_status"":""assumed_unverified"",""dispersion"":0.1339577099134064,""period_end"":""2021-01-30"",""period_start"":""2021-01-24"",""product"":""ÓLEO DIESEL B S10 - COMUM"",""publication_lag_assumption_days"":14,""revision_warning"":""Source labels observations as preliminary and revisable""}"
anp.producer_importer.diesel_s10.br.weighted_mean,2021-01-31,2021-02-13T02:59:59Z,2026-08-14T23:52:49Z,2.42286,BRL/L,ANP,0,country,BR,Brasil,"{""availability_status"":""official_estimate_in_workbook"",""excludes_icms"":true,""period_end"":""2021-01-31"",""period_start"":""2021-01-25"",""product"":""Óleo Diesel S-10 (R$/litro)"",""publication_lag_days"":12,""weighted_average"":true}"
anp.distribution.diesel_s10.br.mean,2021-02-06,2021-02-21T02:59:59Z,2026-08-14T23:52:49Z,3.42445408973,BRL/L,ANP,0,country,BR,Brasil,"{""availability_status"":""assumed_unverified"",""dispersion"":0.12926186689159733,""period_end"":""2021-02-06"",""period_start"":""2021-01-31"",""product"":""ÓLEO DIESEL B S10 - COMUM"",""publication_lag_assumption_days"":14,""revision_warning"":""Source labels observations as preliminary and revisable""}"
anp.producer_importer.diesel_s10.br.weighted_mean,2021-02-07,2021-02-20T02:59:59Z,2026-08-14T23:52:49Z,2.47203,BRL/L,ANP,0,country,BR,Brasil,"{""availability_status"":""official_estimate_in_workbook"",""excludes_icms"":true,""period_end"":""2021-02-07"",""period_start"":""2021-02-01"",""product"":""Óleo Diesel S-10 (R$/litro)"",""publication_lag_days"":12,""weighted_average"":true}"
anp.distribution.diesel_s10.br.mean,2021-02-13,2021-02-28T02:59:59Z,2026-08-14T23:52:49Z,3.50842941665,BRL/L,ANP,0,country,BR,Brasil,"{""availability_status"":""assumed_unverified"",""dispersion"":0.1384689770569463,""period_end"":""2021-02-13"",""period_start"":""2021-02-07"",""product"":""ÓLEO DIESEL B S10 - COMUM"",""publication_lag_assumption_days"":14,""revision_warning"":""Source labels observations as preliminary and revisable""}"
anp.producer_importer.diesel_s10.br.weighted_mean,2021-02-14,2021-02-27T02:59:59Z,2026-08-14T23:52:49Z,2.57189,BRL/L,ANP,0,country,BR,Brasil,"{""availability_status"":""official_estimate_in_workbook"",""excludes_icms"":true,""period_end"":""2021-02-14"",""period_start"":""2021-02-08"",""product"":""Óleo Diesel S-10 (R$/litro)"",""publication_lag_days"":12,""weighted_average"":true}"
anp.distribution.diesel_s10.br.mean,2021-02-20,2021-03-07T02:59:59Z,2026-08-14T23:52:49Z,3.62003325613,BRL/L,ANP,0,country,BR,Brasil,"{""availability_status"":""assumed_unverified"",""dispersion"":0.18225764430284083,""period_end"":""2021-02-20"",""period_start"":""2021-02-14"",""product"":""ÓLEO DIESEL B S10 - COMUM"",""publication_lag_assumption_days"":14,""revision_warning"":""Source labels observations as preliminary and revisable""}"
anp.producer_importer.diesel_s10.br.weighted_mean,2021-02-21,2021-03-06T02:59:59Z,2026-08-14T23:52:49Z,2.69729,BRL/L,ANP,0,country,BR,Brasil,"{""availability_status"":""official_estimate_in_workbook"",""excludes_icms"":true,""period_end"":""2021-02-21"",""period_start"":""2021-02-15"",""product"":""Óleo Diesel S-10 (R$/litro)"",""publication_lag_days"":12,""weighted_average"":true}"
anp.distribution.diesel_s10.br.mean,2021-02-27,2021-03-14T02:59:59Z,2026-08-14T23:52:49Z,3.83268518391,BRL/L,ANP,0,country,BR,Brasil,"{""availability_status"":""assumed_unverified"",""dispersion"":0.13144864436142212,""period_end"":""2021-02-27"",""period_start"":""2021-02-21"",""product"":""ÓLEO DIESEL B S10 - COMUM"",""publication_lag_assumption_days"":14,""revision_warning"":""Source labels observations as preliminary and revisable""}"
anp.producer_importer.diesel_s10.br.weighted_mean,2021-02-28,2021-03-13T02:59:59Z,2026-08-14T23:52:49Z,2.93709,BRL/L,ANP,0,country,BR,Brasil,"{""availability_status"":""official_estimate_in_workbook"",""excludes_icms"":true,""period_end"":""2021-02-28"",""period_start"":""2021-02-22"",""product"":""Óleo Diesel S-10 (R$/litro)"",""publication_lag_days"":12,""weighted_average"":true}"
anp.distribution.diesel_s10.br.mean,2021-03-06,2021-03-21T02:59:59Z,2026-08-14T23:52:49Z,3.80117597887,BRL/L,ANP,0,country,BR,Brasil,"{""availability_status"":""assumed_unverified"",""dispersion"":0.15528021173529938,""period_end"":""2021-03-06"",""period_start"":""2021-02-28"",""product"":""ÓLEO DIESEL B S10 - COMUM"",""publication_lag_assumption_days"":14,""revision_warning"":""Source labels observations as preliminary and revisable""}"
anp.producer_importer.diesel_s10.br.weighted_mean,2021-03-07,2021-03-20T02:59:59Z,2026-08-14T23:52:49Z,2.73702,BRL/L,ANP,0,country,BR,Brasil,"{""availability_status"":""official_estimate_in_workbook"",""excludes_icms"":true,""period_end"":""2021-03-07"",""period_start"":""2021-03-01"",""product"":""Óleo Diesel S-10 (R$/litro)"",""publication_lag_days"":12,""weighted_average"":true}"
anp.distribution.diesel_s10.br.mean,2021-03-13,2021-03-28T02:59:59Z,2026-08-14T23:52:49Z,3.8412683038,BRL/L,ANP,0,country,BR,Brasil,"{""availability_status"":""assumed_unverified"",""dispersion"":0.14355755453620717,""period_end"":""2021-03-13"",""period_start"":""2021-03-07"",""product"":""ÓLEO DIESEL B S10 - COMUM"",""publication_lag_assumption_days"":14,""revision_warning"":""Source labels observations as preliminary and revisable""}"
anp.producer_importer.diesel_s10.br.weighted_mean,2021-03-14,2021-03-27T02:59:59Z,2026-08-14T23:52:49Z,2.8079,BRL/L,ANP,0,country,BR,Brasil,"{""availability_status"":""official_estimate_in_workbook"",""excludes_icms"":true,""period_end"":""2021-03-14"",""period_start"":""2021-03-08"",""product"":""Óleo Diesel S-10 (R$/litro)"",""publication_lag_days"":12,""weighted_average"":true}"
anp.distribution.diesel_s10.br.mean,2021-03-20,2021-04-04T02:59:59Z,2026-08-14T23:52:49Z,3.87416981783,BRL/L,ANP,0,country,BR,Brasil,"{""availability_status"":""assumed_unverified"",""dispersion"":0.12867953733320253,""period_end"":""2021-03-20"",""period_start"":""2021-03-14"",""product"":""ÓLEO DIESEL B S10 - COMUM"",""publication_lag_assumption_days"":14,""revision_warning"":""Source labels observations as preliminary and revisable""}"
anp.producer_importer.diesel_s10.br.weighted_mean,2021-03-21,2021-04-03T02:59:59Z,2026-08-14T23:52:49Z,2.86393,BRL/L,ANP,0,country,BR,Brasil,"{""availability_status"":""official_estimate_in_workbook"",""excludes_icms"":true,""period_end"":""2021-03-21"",""period_start"":""2021-03-15"",""product"":""Óleo Diesel S-10 (R$/litro)"",""publication_lag_days"":12,""weighted_average"":true}"
anp.distribution.diesel_s10.br.mean,2021-03-27,2021-04-11T02:59:59Z,2026-08-14T23:52:49Z,3.81802607557,BRL/L,ANP,0,country,BR,Brasil,"{""availability_status"":""assumed_unverified"",""dispersion"":0.1288282712650781,""period_end"":""2021-03-27"",""period_start"":""2021-03-21"",""product"":""ÓLEO DIESEL B S10 - COMUM"",""publication_lag_assumption_days"":14,""revision_warning"":""Source labels observations as preliminary and revisable""}"
anp.producer_importer.diesel_s10.br.weighted_mean,2021-03-28,2021-04-10T02:59:59Z,2026-08-14T23:52:49Z,2.78914,BRL/L,ANP,0,country,BR,Brasil,"{""availability_status"":""official_estimate_in_workbook"",""excludes_icms"":true,""period_end"":""2021-03-28"",""period_start"":""2021-03-22"",""product"":""Óleo Diesel S-10 (R$/litro)"",""publication_lag_days"":12,""weighted_average"":true}"
anp.distribution.diesel_s10.br.mean,2021-04-03,2021-04-18T02:59:59Z,2026-08-14T23:52:49Z,3.77882496073,BRL/L,ANP,0,country,BR,Brasil,"{""availability_status"":""assumed_unverified"",""dispersion"":0.12661835350567813,""period_end"":""2021-04-03"",""period_start"":""2021-03-28"",""product"":""ÓLEO DIESEL B S10 - COMUM"",""publication_lag_assumption_days"":14,""revision_warning"":""Source labels observations as preliminary and revisable""}"
anp.producer_importer.diesel_s10.br.weighted_mean,2021-04-04,2021-04-17T02:59:59Z,2026-08-14T23:52:49Z,2.73951,BRL/L,ANP,0,country,BR,Brasil,"{""availability_status"":""official_estimate_in_workbook"",""excludes_icms"":true,""period_end"":""2021-04-04"",""period_start"":""2021-03-29"",""product"":""Óleo Diesel S-10 (R$/litro)"",""publication_lag_days"":12,""weighted_average"":true}"
anp.distribution.diesel_s10.br.mean,2021-04-10,2021-04-25T02:59:59Z,2026-08-14T23:52:49Z,3.77811066245,BRL/L,ANP,0,country,BR,Brasil,"{""availability_status"":""assumed_unverified"",""dispersion"":0.13130549905177563,""period_end"":""2021-04-10"",""period_start"":""2021-04-04"",""product"":""ÓLEO DIESEL B S10 - COMUM"",""publication_lag_assumption_days"":14,""revision_warning"":""Source labels observations as preliminary and revisable""}"
anp.producer_importer.diesel_s10.br.weighted_mean,2021-04-11,2021-04-24T02:59:59Z,2026-08-14T23:52:49Z,2.73063,BRL/L,ANP,0,country,BR,Brasil,"{""availability_status"":""official_estimate_in_workbook"",""excludes_icms"":true,""period_end"":""2021-04-11"",""period_start"":""2021-04-05"",""product"":""Óleo Diesel S-10 (R$/litro)"",""publication_lag_days"":12,""weighted_average"":true}"
anp.distribution.diesel_s10.br.mean,2021-04-17,2021-05-02T02:59:59Z,2026-08-14T23:52:49Z,3.74522650331,BRL/L,ANP,0,country,BR,Brasil,"{""availability_status"":""assumed_unverified"",""dispersion"":0.13442481976375203,""period_end"":""2021-04-17"",""period_start"":""2021-04-11"",""product"":""ÓLEO DIESEL B S10 - COMUM"",""publication_lag_assumption_days"":14,""revision_warning"":""Source labels observations as preliminary and revisable""}"
anp.producer_importer.diesel_s10.br.weighted_mean,2021-04-18,2021-05-01T02:59:59Z,2026-08-14T23:52:49Z,2.72648,BRL/L,ANP,0,country,BR,Brasil,"{""availability_status"":""official_estimate_in_workbook"",""excludes_icms"":true,""period_end"":""2021-04-18"",""period_start"":""2021-04-12"",""product"":""Óleo Diesel S-10 (R$/litro)"",""publication_lag_days"":12,""weighted_average"":true}"
anp.distribution.diesel_s10.br.mean,2021-04-24,2021-05-09T02:59:59Z,2026-08-14T23:52:49Z,3.8040362373,BRL/L,ANP,0,country,BR,Brasil,"{""availability_status"":""assumed_unverified"",""dispersion"":0.12726144325150135,""period_end"":""2021-04-24"",""period_start"":""2021-04-18"",""product"":""ÓLEO DIESEL B S10 - COMUM"",""publication_lag_assumption_days"":14,""revision_warning"":""Source labels observations as preliminary and revisable""}"
anp.producer_importer.diesel_s10.br.weighted_mean,2021-04-25,2021-05-08T02:59:59Z,2026-08-14T23:52:49Z,2.75376,BRL/L,ANP,0,country,BR,Brasil,"{""availability_status"":""official_estimate_in_workbook"",""excludes_icms"":true,""period_end"":""2021-04-25"",""period_start"":""2021-04-19"",""product"":""Óleo Diesel S-10 (R$/litro)"",""publication_lag_days"":12,""weighted_average"":true}"
anp.distribution.diesel_s10.br.mean,2021-05-01,2021-05-16T02:59:59Z,2026-08-14T23:52:49Z,3.80996449214,BRL/L,ANP,0,country,BR,Brasil,"{""availability_status"":""assumed_unverified"",""dispersion"":0.13886351167708116,""period_end"":""2021-05-01"",""period_start"":""2021-04-25"",""product"":""ÓLEO DIESEL B S10 - COMUM"",""publication_lag_assumption_days"":14,""revision_warning"":""Source labels observations as preliminary and revisable""}"
anp.producer_importer.diesel_s10.br.weighted_mean,2021-05-02,2021-05-15T02:59:59Z,2026-08-14T23:52:49Z,2.86536,BRL/L,ANP,0,country,BR,Brasil,"{""availability_status"":""official_estimate_in_workbook"",""excludes_icms"":true,""period_end"":""2021-05-02"",""period_start"":""2021-04-26"",""product"":""Óleo Diesel S-10 (R$/litro)"",""publication_lag_days"":12,""weighted_average"":true}"
anp.distribution.diesel_s10.br.mean,2021-05-08,2021-05-23T02:59:59Z,2026-08-14T23:52:49Z,4.09780409291,BRL/L,ANP,0,country,BR,Brasil,"{""availability_status"":""assumed_unverified"",""dispersion"":0.1289410609368171,""period_end"":""2021-05-08"",""period_start"":""2021-05-02"",""product"":""ÓLEO DIESEL B S10 - COMUM"",""publication_lag_assumption_days"":14,""revision_warning"":""Source labels observations as preliminary and revisable""}"
anp.producer_importer.diesel_s10.br.weighted_mean,2021-05-09,2021-05-22T02:59:59Z,2026-08-14T23:52:49Z,3.0605,BRL/L,ANP,0,country,BR,Brasil,"{""availability_status"":""official_estimate_in_workbook"",""excludes_icms"":true,""period_end"":""2021-05-09"",""period_start"":""2021-05-03"",""product"":""Óleo Diesel S-10 (R$/litro)"",""publication_lag_days"":12,""weighted_average"":true}"
anp.distribution.diesel_s10.br.mean,2021-05-15,2021-05-30T02:59:59Z,2026-08-14T23:52:49Z,4.09159183631,BRL/L,ANP,0,country,BR,Brasil,"{""availability_status"":""assumed_unverified"",""dispersion"":0.12547219111745825,""period_end"":""2021-05-15"",""period_start"":""2021-05-09"",""product"":""ÓLEO DIESEL B S10 - COMUM"",""publication_lag_assumption_days"":14,""revision_warning"":""Source labels observations as preliminary and revisable""}"
anp.producer_importer.diesel_s10.br.weighted_mean,2021-05-16,2021-05-29T02:59:59Z,2026-08-14T23:52:49Z,3.05655,BRL/L,ANP,0,country,BR,Brasil,"{""availability_status"":""official_estimate_in_workbook"",""excludes_icms"":true,""period_end"":""2021-05-16"",""period_start"":""2021-05-10"",""product"":""Óleo Diesel S-10 (R$/litro)"",""publication_lag_days"":12,""weighted_average"":true}"
anp.distribution.diesel_s10.br.mean,2021-05-22,2021-06-06T02:59:59Z,2026-08-14T23:52:49Z,4.08738944688,BRL/L,ANP,0,country,BR,Brasil,"{""availability_status"":""assumed_unverified"",""dispersion"":0.12615944356369213,""period_end"":""2021-05-22"",""period_start"":""2021-05-16"",""product"":""ÓLEO DIESEL B S10 - COMUM"",""publication_lag_assumption_days"":14,""revision_warning"":""Source labels observations as preliminary and revisable""}"
anp.producer_importer.diesel_s10.br.weighted_mean,2021-05-23,2021-06-05T02:59:59Z,2026-08-14T23:52:49Z,3.07808,BRL/L,ANP,0,country,BR,Brasil,"{""availability_status"":""official_estimate_in_workbook"",""excludes_icms"":true,""period_end"":""2021-05-23"",""period_start"":""2021-05-17"",""product"":""Óleo Diesel S-10 (R$/litro)"",""publication_lag_days"":12,""weighted_average"":true}"
anp.distribution.diesel_s10.br.mean,2021-05-29,2021-06-13T02:59:59Z,2026-08-14T23:52:49Z,4.08152784138,BRL/L,ANP,0,country,BR,Brasil,"{""availability_status"":""assumed_unverified"",""dispersion"":0.12597527709395337,""period_end"":""2021-05-29"",""period_start"":""2021-05-23"",""product"":""ÓLEO DIESEL B S10 - COMUM"",""publication_lag_assumption_days"":14,""revision_warning"":""Source labels observations as preliminary and revisable""}"
anp.producer_importer.diesel_s10.br.weighted_mean,2021-05-30,2021-06-12T02:59:59Z,2026-08-14T23:52:49Z,3.06047,BRL/L,ANP,0,country,BR,Brasil,"{""availability_status"":""official_estimate_in_workbook"",""excludes_icms"":true,""period_end"":""2021-05-30"",""period_start"":""2021-05-24"",""product"":""Óleo Diesel S-10 (R$/litro)"",""publication_lag_days"":12,""weighted_average"":true}"
anp.distribution.diesel_s10.br.mean,2021-06-05,2021-06-20T02:59:59Z,2026-08-14T23:52:49Z,4.11453636403,BRL/L,ANP,0,country,BR,Brasil,"{""availability_status"":""assumed_unverified"",""dispersion"":0.13413976433253388,""period_end"":""2021-06-05"",""period_start"":""2021-05-30"",""product"":""ÓLEO DIESEL B S10 - COMUM"",""publication_lag_assumption_days"":14,""revision_warning"":""Source labels observations as preliminary and revisable""}"
anp.producer_importer.diesel_s10.br.weighted_mean,2021-06-06,2021-06-19T02:59:59Z,2026-08-14T23:52:49Z,3.05863,BRL/L,ANP,0,country,BR,Brasil,"{""availability_status"":""official_estimate_in_workbook"",""excludes_icms"":true,""period_end"":""2021-06-06"",""period_start"":""2021-05-31"",""product"":""Óleo Diesel S-10 (R$/litro)"",""publication_lag_days"":12,""weighted_average"":true}"
anp.distribution.diesel_s10.br.mean,2021-06-12,2021-06-27T02:59:59Z,2026-08-14T23:52:49Z,4.12458454611,BRL/L,ANP,0,country,BR,Brasil,"{""availability_status"":""assumed_unverified"",""dispersion"":0.13344028790859522,""period_end"":""2021-06-12"",""period_start"":""2021-06-06"",""product"":""ÓLEO DIESEL B S10 - COMUM"",""publication_lag_assumption_days"":14,""revision_warning"":""Source labels observations as preliminary and revisable""}"
anp.producer_importer.diesel_s10.br.weighted_mean,2021-06-13,2021-06-26T02:59:59Z,2026-08-14T23:52:49Z,3.05544,BRL/L,ANP,0,country,BR,Brasil,"{""availability_status"":""official_estimate_in_workbook"",""excludes_icms"":true,""period_end"":""2021-06-13"",""period_start"":""2021-06-07"",""product"":""Óleo Diesel S-10 (R$/litro)"",""publication_lag_days"":12,""weighted_average"":true}"
anp.distribution.diesel_s10.br.mean,2021-06-19,2021-07-04T02:59:59Z,2026-08-14T23:52:49Z,4.11872139862,BRL/L,ANP,0,country,BR,Brasil,"{""availability_status"":""assumed_unverified"",""dispersion"":0.13548352232621724,""period_end"":""2021-06-19"",""period_start"":""2021-06-13"",""product"":""ÓLEO DIESEL B S10 - COMUM"",""publication_lag_assumption_days"":14,""revision_warning"":""Source labels observations as preliminary and revisable""}"
anp.producer_importer.diesel_s10.br.weighted_mean,2021-06-20,2021-07-03T02:59:59Z,2026-08-14T23:52:49Z,3.06566,BRL/L,ANP,0,country,BR,Brasil,"{""availability_status"":""official_estimate_in_workbook"",""excludes_icms"":true,""period_end"":""2021-06-20"",""period_start"":""2021-06-14"",""product"":""Óleo Diesel S-10 (R$/litro)"",""publication_lag_days"":12,""weighted_average"":true}"
anp.distribution.diesel_s10.br.mean,2021-06-26,2021-07-11T02:59:59Z,2026-08-14T23:52:49Z,4.11421164975,BRL/L,ANP,0,country,BR,Brasil,"{""availability_status"":""assumed_unverified"",""dispersion"":0.1379283716568812,""period_end"":""2021-06-26"",""period_start"":""2021-06-20"",""product"":""ÓLEO DIESEL B S10 - COMUM"",""publication_lag_assumption_days"":14,""revision_warning"":""Source labels observations as preliminary and revisable""}"
anp.producer_importer.diesel_s10.br.weighted_mean,2021-06-27,2021-07-10T02:59:59Z,2026-08-14T23:52:49Z,3.06494,BRL/L,ANP,0,country,BR,Brasil,"{""availability_status"":""official_estimate_in_workbook"",""excludes_icms"":true,""period_end"":""2021-06-27"",""period_start"":""2021-06-21"",""product"":""Óleo Diesel S-10 (R$/litro)"",""publication_lag_days"":12,""weighted_average"":true}"
anp.distribution.diesel_s10.br.mean,2021-07-03,2021-07-18T02:59:59Z,2026-08-14T23:52:49Z,4.11986216784,BRL/L,ANP,0,country,BR,Brasil,"{""availability_status"":""assumed_unverified"",""dispersion"":0.13930023964299795,""period_end"":""2021-07-03"",""period_start"":""2021-06-27"",""product"":""ÓLEO DIESEL B S10 - COMUM"",""publication_lag_assumption_days"":14,""revision_warning"":""Source labels observations as preliminary and revisable""}"
anp.producer_importer.diesel_s10.br.weighted_mean,2021-07-04,2021-07-17T02:59:59Z,2026-08-14T23:52:49Z,3.06329,BRL/L,ANP,0,country,BR,Brasil,"{""availability_status"":""official_estimate_in_workbook"",""excludes_icms"":true,""period_end"":""2021-07-04"",""period_start"":""2021-06-28"",""product"":""Óleo Diesel S-10 (R$/litro)"",""publication_lag_days"":12,""weighted_average"":true}"
anp.distribution.diesel_s10.br.mean,2021-07-10,2021-07-25T02:59:59Z,2026-08-14T23:52:49Z,4.19673736045,BRL/L,ANP,0,country,BR,Brasil,"{""availability_status"":""assumed_unverified"",""dispersion"":0.1437554915789015,""period_end"":""2021-07-10"",""period_start"":""2021-07-04"",""product"":""ÓLEO DIESEL B S10 - COMUM"",""publication_lag_assumption_days"":14,""revision_warning"":""Source labels observations as preliminary and revisable""}"
anp.producer_importer.diesel_s10.br.weighted_mean,2021-07-11,2021-07-24T02:59:59Z,2026-08-14T23:52:49Z,3.13868,BRL/L,ANP,0,country,BR,Brasil,"{""availability_status"":""official_estimate_in_workbook"",""excludes_icms"":true,""period_end"":""2021-07-11"",""period_start"":""2021-07-05"",""product"":""Óleo Diesel S-10 (R$/litro)"",""publication_lag_days"":12,""weighted_average"":true}"
anp.distribution.diesel_s10.br.mean,2021-07-17,2021-08-01T02:59:59Z,2026-08-14T23:52:49Z,4.21344504484,BRL/L,ANP,0,country,BR,Brasil,"{""availability_status"":""assumed_unverified"",""dispersion"":0.1388469717414431,""period_end"":""2021-07-17"",""period_start"":""2021-07-11"",""product"":""ÓLEO DIESEL B S10 - COMUM"",""publication_lag_assumption_days"":14,""revision_warning"":""Source labels observations as preliminary and revisable""}"
anp.producer_importer.diesel_s10.br.weighted_mean,2021-07-18,2021-07-31T02:59:59Z,2026-08-14T23:52:49Z,3.16175,BRL/L,ANP,0,country,BR,Brasil,"{""availability_status"":""official_estimate_in_workbook"",""excludes_icms"":true,""period_end"":""2021-07-18"",""period_start"":""2021-07-12"",""product"":""Óleo Diesel S-10 (R$/litro)"",""publication_lag_days"":12,""weighted_average"":true}"
anp.distribution.diesel_s10.br.mean,2021-07-24,2021-08-08T02:59:59Z,2026-08-14T23:52:49Z,4.20989108973,BRL/L,ANP,0,country,BR,Brasil,"{""availability_status"":""assumed_unverified"",""dispersion"":0.13939924415390514,""period_end"":""2021-07-24"",""period_start"":""2021-07-18"",""product"":""ÓLEO DIESEL B S10 - COMUM"",""publication_lag_assumption_days"":14,""revision_warning"":""Source labels observations as preliminary and revisable""}"
anp.producer_importer.diesel_s10.br.weighted_mean,2021-07-25,2021-08-07T02:59:59Z,2026-08-14T23:52:49Z,3.19672,BRL/L,ANP,0,country,BR,Brasil,"{""availability_status"":""official_estimate_in_workbook"",""excludes_icms"":true,""period_end"":""2021-07-25"",""period_start"":""2021-07-19"",""product"":""Óleo Diesel S-10 (R$/litro)"",""publication_lag_days"":12,""weighted_average"":true}"
anp.distribution.diesel_s10.br.mean,2021-07-31,2021-08-15T02:59:59Z,2026-08-14T23:52:49Z,4.20666801528,BRL/L,ANP,0,country,BR,Brasil,"{""availability_status"":""assumed_unverified"",""dispersion"":0.1404946763689414,""period_end"":""2021-07-31"",""period_start"":""2021-07-25"",""product"":""ÓLEO DIESEL B S10 - COMUM"",""publication_lag_assumption_days"":14,""revision_warning"":""Source labels observations as preliminary and revisable""}"
anp.producer_importer.diesel_s10.br.weighted_mean,2021-08-01,2021-08-14T02:59:59Z,2026-08-14T23:52:49Z,3.16133,BRL/L,ANP,0,country,BR,Brasil,"{""availability_status"":""official_estimate_in_workbook"",""excludes_icms"":true,""period_end"":""2021-08-01"",""period_start"":""2021-07-26"",""product"":""Óleo Diesel S-10 (R$/litro)"",""publication_lag_days"":12,""weighted_average"":true}"
anp.distribution.diesel_s10.br.mean,2021-08-07,2021-08-22T02:59:59Z,2026-08-14T23:52:49Z,4.22048944294,BRL/L,ANP,0,country,BR,Brasil,"{""availability_status"":""assumed_unverified"",""dispersion"":0.13568324115912683,""period_end"":""2021-08-07"",""period_start"":""2021-08-01"",""product"":""ÓLEO DIESEL B S10 - COMUM"",""publication_lag_assumption_days"":14,""revision_warning"":""Source labels observations as preliminary and revisable""}"
anp.producer_importer.diesel_s10.br.weighted_mean,2021-08-08,2021-08-21T02:59:59Z,2026-08-14T23:52:49Z,3.17368,BRL/L,ANP,0,country,BR,Brasil,"{""availability_status"":""official_estimate_in_workbook"",""excludes_icms"":true,""period_end"":""2021-08-08"",""period_start"":""2021-08-02"",""product"":""Óleo Diesel S-10 (R$/litro)"",""publication_lag_days"":12,""weighted_average"":true}"
anp.distribution.diesel_s10.br.mean,2021-08-14,2021-08-29T02:59:59Z,2026-08-14T23:52:49Z,4.22195834994,BRL/L,ANP,0,country,BR,Brasil,"{""availability_status"":""assumed_unverified"",""dispersion"":0.13769007602739727,""period_end"":""2021-08-14"",""period_start"":""2021-08-08"",""product"":""ÓLEO DIESEL B S10 - COMUM"",""publication_lag_assumption_days"":14,""revision_warning"":""Source labels observations as preliminary and revisable""}"
anp.producer_importer.diesel_s10.br.weighted_mean,2021-08-15,2021-08-28T02:59:59Z,2026-08-14T23:52:49Z,3.15661,BRL/L,ANP,0,country,BR,Brasil,"{""availability_status"":""official_estimate_in_workbook"",""excludes_icms"":true,""period_end"":""2021-08-15"",""period_start"":""2021-08-09"",""product"":""Óleo Diesel S-10 (R$/litro)"",""publication_lag_days"":12,""weighted_average"":true}"
anp.distribution.diesel_s10.br.mean,2021-08-21,2021-09-05T02:59:59Z,2026-08-14T23:52:49Z,4.22243340713,BRL/L,ANP,0,country,BR,Brasil,"{""availability_status"":""assumed_unverified"",""dispersion"":0.1368773625242632,""period_end"":""2021-08-21"",""period_start"":""2021-08-15"",""product"":""ÓLEO DIESEL B S10 - COMUM"",""publication_lag_assumption_days"":14,""revision_warning"":""Source labels observations as preliminary and revisable""}"
anp.producer_importer.diesel_s10.br.weighted_mean,2021-08-22,2021-09-04T02:59:59Z,2026-08-14T23:52:49Z,3.16082,BRL/L,ANP,0,country,BR,Brasil,"{""availability_status"":""official_estimate_in_workbook"",""excludes_icms"":true,""period_end"":""2021-08-22"",""period_start"":""2021-08-16"",""product"":""Óleo Diesel S-10 (R$/litro)"",""publication_lag_days"":12,""weighted_average"":true}"
anp.distribution.diesel_s10.br.mean,2021-08-28,2021-09-12T02:59:59Z,2026-08-14T23:52:49Z,4.22301657261,BRL/L,ANP,0,country,BR,Brasil,"{""availability_status"":""assumed_unverified"",""dispersion"":0.13701167712283202,""period_end"":""2021-08-28"",""period_start"":""2021-08-22"",""product"":""ÓLEO DIESEL B S10 - COMUM"",""publication_lag_assumption_days"":14,""revision_warning"":""Source labels observations as preliminary and revisable""}"
anp.producer_importer.diesel_s10.br.weighted_mean,2021-08-29,2021-09-11T02:59:59Z,2026-08-14T23:52:49Z,3.1671,BRL/L,ANP,0,country,BR,Brasil,"{""availability_status"":""official_estimate_in_workbook"",""excludes_icms"":true,""period_end"":""2021-08-29"",""period_start"":""2021-08-23"",""product"":""Óleo Diesel S-10 (R$/litro)"",""publication_lag_days"":12,""weighted_average"":true}"
anp.distribution.diesel_s10.br.mean,2021-09-04,2021-09-19T02:59:59Z,2026-08-14T23:52:49Z,4.28426230775,BRL/L,ANP,0,country,BR,Brasil,"{""availability_status"":""assumed_unverified"",""dispersion"":0.1454777761317572,""period_end"":""2021-09-04"",""period_start"":""2021-08-29"",""product"":""ÓLEO DIESEL B S10 - COMUM"",""publication_lag_assumption_days"":14,""revision_warning"":""Source labels observations as preliminary and revisable""}"
anp.producer_importer.diesel_s10.br.weighted_mean,2021-09-05,2021-09-18T02:59:59Z,2026-08-14T23:52:49Z,3.21026,BRL/L,ANP,0,country,BR,Brasil,"{""availability_status"":""official_estimate_in_workbook"",""excludes_icms"":true,""period_end"":""2021-09-05"",""period_start"":""2021-08-30"",""product"":""Óleo Diesel S-10 (R$/litro)"",""publication_lag_days"":12,""weighted_average"":true}"
anp.distribution.diesel_s10.br.mean,2021-09-11,2021-09-26T02:59:59Z,2026-08-14T23:52:49Z,4.33565540264,BRL/L,ANP,0,country,BR,Brasil,"{""availability_status"":""assumed_unverified"",""dispersion"":0.13946771149517306,""period_end"":""2021-09-11"",""period_start"":""2021-09-05"",""product"":""ÓLEO DIESEL B S10 - COMUM"",""publication_lag_assumption_days"":14,""revision_warning"":""Source labels observations as preliminary and revisable""}"
anp.producer_importer.diesel_s10.br.weighted_mean,2021-09-12,2021-09-25T02:59:59Z,2026-08-14T23:52:49Z,3.17239,BRL/L,ANP,0,country,BR,Brasil,"{""availability_status"":""official_estimate_in_workbook"",""excludes_icms"":true,""period_end"":""2021-09-12"",""period_start"":""2021-09-06"",""product"":""Óleo Diesel S-10 (R$/litro)"",""publication_lag_days"":12,""weighted_average"":true}"
anp.distribution.diesel_s10.br.mean,2021-09-18,2021-10-03T02:59:59Z,2026-08-14T23:52:49Z,4.32294317335,BRL/L,ANP,0,country,BR,Brasil,"{""availability_status"":""assumed_unverified"",""dispersion"":0.14071984297440723,""period_end"":""2021-09-18"",""period_start"":""2021-09-12"",""product"":""ÓLEO DIESEL B S10 - COMUM"",""publication_lag_assumption_days"":14,""revision_warning"":""Source labels observations as preliminary and revisable""}"
anp.producer_importer.diesel_s10.br.weighted_mean,2021-09-19,2021-10-02T02:59:59Z,2026-08-14T23:52:49Z,3.1661,BRL/L,ANP,0,country,BR,Brasil,"{""availability_status"":""official_estimate_in_workbook"",""excludes_icms"":true,""period_end"":""2021-09-19"",""period_start"":""2021-09-13"",""product"":""Óleo Diesel S-10 (R$/litro)"",""publication_lag_days"":12,""weighted_average"":true}"
anp.distribution.diesel_s10.br.mean,2021-09-25,2021-10-10T02:59:59Z,2026-08-14T23:52:49Z,4.32844445523,BRL/L,ANP,0,country,BR,Brasil,"{""availability_status"":""assumed_unverified"",""dispersion"":0.14126827311858922,""period_end"":""2021-09-25"",""period_start"":""2021-09-19"",""product"":""ÓLEO DIESEL B S10 - COMUM"",""publication_lag_assumption_days"":14,""revision_warning"":""Source labels observations as preliminary and revisable""}"
anp.producer_importer.diesel_s10.br.weighted_mean,2021-09-26,2021-10-09T02:59:59Z,2026-08-14T23:52:49Z,3.17146,BRL/L,ANP,0,country,BR,Brasil,"{""availability_status"":""official_estimate_in_workbook"",""excludes_icms"":true,""period_end"":""2021-09-26"",""period_start"":""2021-09-20"",""product"":""Óleo Diesel S-10 (R$/litro)"",""publication_lag_days"":12,""weighted_average"":true}"
anp.distribution.diesel_s10.br.mean,2021-10-02,2021-10-17T02:59:59Z,2026-08-14T23:52:49Z,4.4713061481,BRL/L,ANP,0,country,BR,Brasil,"{""availability_status"":""assumed_unverified"",""dispersion"":0.18212356658562143,""period_end"":""2021-10-02"",""period_start"":""2021-09-26"",""product"":""ÓLEO DIESEL B S10 - COMUM"",""publication_lag_assumption_days"":14,""revision_warning"":""Source labels observations as preliminary and revisable""}"
anp.producer_importer.diesel_s10.br.weighted_mean,2021-10-03,2021-10-16T02:59:59Z,2026-08-14T23:52:49Z,3.34897,BRL/L,ANP,0,country,BR,Brasil,"{""availability_status"":""official_estimate_in_workbook"",""excludes_icms"":true,""period_end"":""2021-10-03"",""period_start"":""2021-09-27"",""product"":""Óleo Diesel S-10 (R$/litro)"",""publication_lag_days"":12,""weighted_average"":true}"
anp.distribution.diesel_s10.br.mean,2021-10-09,2021-10-24T02:59:59Z,2026-08-14T23:52:49Z,4.578861739,BRL/L,ANP,0,country,BR,Brasil,"{""availability_status"":""assumed_unverified"",""dispersion"":0.14969594810071496,""period_end"":""2021-10-09"",""period_start"":""2021-10-03"",""product"":""ÓLEO DIESEL B S10 - COMUM"",""publication_lag_assumption_days"":14,""revision_warning"":""Source labels observations as preliminary and revisable""}"
anp.producer_importer.diesel_s10.br.weighted_mean,2021-10-10,2021-10-23T02:59:59Z,2026-08-14T23:52:49Z,3.4562,BRL/L,ANP,0,country,BR,Brasil,"{""availability_status"":""official_estimate_in_workbook"",""excludes_icms"":true,""period_end"":""2021-10-10"",""period_start"":""2021-10-04"",""product"":""Óleo Diesel S-10 (R$/litro)"",""publication_lag_days"":12,""weighted_average"":true}"
anp.distribution.diesel_s10.br.mean,2021-10-16,2021-10-31T02:59:59Z,2026-08-14T23:52:49Z,4.58586634847,BRL/L,ANP,0,country,BR,Brasil,"{""availability_status"":""assumed_unverified"",""dispersion"":0.1500489429217173,""period_end"":""2021-10-16"",""period_start"":""2021-10-10"",""product"":""ÓLEO DIESEL B S10 - COMUM"",""publication_lag_assumption_days"":14,""revision_warning"":""Source labels observations as preliminary and revisable""}"
anp.producer_importer.diesel_s10.br.weighted_mean,2021-10-17,2021-10-30T02:59:59Z,2026-08-14T23:52:49Z,3.42644,BRL/L,ANP,0,country,BR,Brasil,"{""availability_status"":""official_estimate_in_workbook"",""excludes_icms"":true,""period_end"":""2021-10-17"",""period_start"":""2021-10-11"",""product"":""Óleo Diesel S-10 (R$/litro)"",""publication_lag_days"":12,""weighted_average"":true}"
anp.distribution.diesel_s10.br.mean,2021-10-23,2021-11-07T02:59:59Z,2026-08-14T23:52:49Z,4.61361521026,BRL/L,ANP,0,country,BR,Brasil,"{""availability_status"":""assumed_unverified"",""dispersion"":0.15563796437478472,""period_end"":""2021-10-23"",""period_start"":""2021-10-17"",""product"":""ÓLEO DIESEL B S10 - COMUM"",""publication_lag_assumption_days"":14,""revision_warning"":""Source labels observations as preliminary and revisable""}"
anp.producer_importer.diesel_s10.br.weighted_mean,2021-10-24,2021-11-06T02:59:59Z,2026-08-14T23:52:49Z,3.43782,BRL/L,ANP,0,country,BR,Brasil,"{""availability_status"":""official_estimate_in_workbook"",""excludes_icms"":true,""period_end"":""2021-10-24"",""period_start"":""2021-10-18"",""product"":""Óleo Diesel S-10 (R$/litro)"",""publication_lag_days"":12,""weighted_average"":true}"
anp.distribution.diesel_s10.br.mean,2021-10-30,2021-11-14T02:59:59Z,2026-08-14T23:52:49Z,4.87246816933,BRL/L,ANP,0,country,BR,Brasil,"{""availability_status"":""assumed_unverified"",""dispersion"":0.189223196414016,""period_end"":""2021-10-30"",""period_start"":""2021-10-24"",""product"":""ÓLEO DIESEL B S10 - COMUM"",""publication_lag_assumption_days"":14,""revision_warning"":""Source labels observations as preliminary and revisable""}"
anp.producer_importer.diesel_s10.br.weighted_mean,2021-10-31,2021-11-13T02:59:59Z,2026-08-14T23:52:49Z,3.67013,BRL/L,ANP,0,country,BR,Brasil,"{""availability_status"":""official_estimate_in_workbook"",""excludes_icms"":true,""period_end"":""2021-10-31"",""period_start"":""2021-10-25"",""product"":""Óleo Diesel S-10 (R$/litro)"",""publication_lag_days"":12,""weighted_average"":true}"
anp.distribution.diesel_s10.br.mean,2021-11-06,2021-11-21T02:59:59Z,2026-08-14T23:52:49Z,4.95283033082,BRL/L,ANP,0,country,BR,Brasil,"{""availability_status"":""assumed_unverified"",""dispersion"":0.16497631765251694,""period_end"":""2021-11-06"",""period_start"":""2021-10-31"",""product"":""ÓLEO DIESEL B S10 - COMUM"",""publication_lag_assumption_days"":14,""revision_warning"":""Source labels observations as preliminary and revisable""}"
anp.producer_importer.diesel_s10.br.weighted_mean,2021-11-07,2021-11-20T02:59:59Z,2026-08-14T23:52:49Z,3.74035,BRL/L,ANP,0,country,BR,Brasil,"{""availability_status"":""official_estimate_in_workbook"",""excludes_icms"":true,""period_end"":""2021-11-07"",""period_start"":""2021-11-01"",""product"":""Óleo Diesel S-10 (R$/litro)"",""publication_lag_days"":12,""weighted_average"":true}"
anp.distribution.diesel_s10.br.mean,2021-11-13,2021-11-28T02:59:59Z,2026-08-14T23:52:49Z,4.9501283015,BRL/L,ANP,0,country,BR,Brasil,"{""availability_status"":""assumed_unverified"",""dispersion"":0.16056911431493354,""period_end"":""2021-11-13"",""period_start"":""2021-11-07"",""product"":""ÓLEO DIESEL B S10 - COMUM"",""publication_lag_assumption_days"":14,""revision_warning"":""Source labels observations as preliminary and revisable""}"
anp.producer_importer.diesel_s10.br.weighted_mean,2021-11-14,2021-11-27T02:59:59Z,2026-08-14T23:52:49Z,3.70812,BRL/L,ANP,0,country,BR,Brasil,"{""availability_status"":""official_estimate_in_workbook"",""excludes_icms"":true,""period_end"":""2021-11-14"",""period_start"":""2021-11-08"",""product"":""Óleo Diesel S-10 (R$/litro)"",""publication_lag_days"":12,""weighted_average"":true}"
anp.distribution.diesel_s10.br.mean,2021-11-20,2021-12-05T02:59:59Z,2026-08-14T23:52:49Z,4.94188456531,BRL/L,ANP,0,country,BR,Brasil,"{""availability_status"":""assumed_unverified"",""dispersion"":0.1566106283087077,""period_end"":""2021-11-20"",""period_start"":""2021-11-14"",""product"":""ÓLEO DIESEL B S10 - COMUM"",""publication_lag_assumption_days"":14,""revision_warning"":""Source labels observations as preliminary and revisable""}"
anp.producer_importer.diesel_s10.br.weighted_mean,2021-11-21,2021-12-04T02:59:59Z,2026-08-14T23:52:49Z,3.69823,BRL/L,ANP,0,country,BR,Brasil,"{""availability_status"":""official_estimate_in_workbook"",""excludes_icms"":true,""period_end"":""2021-11-21"",""period_start"":""2021-11-15"",""product"":""Óleo Diesel S-10 (R$/litro)"",""publication_lag_days"":12,""weighted_average"":true}"
anp.distribution.diesel_s10.br.mean,2021-11-27,2021-12-12T02:59:59Z,2026-08-14T23:52:49Z,4.92912576284,BRL/L,ANP,0,country,BR,Brasil,"{""availability_status"":""assumed_unverified"",""dispersion"":0.15476018109069967,""period_end"":""2021-11-27"",""period_start"":""2021-11-21"",""product"":""ÓLEO DIESEL B S10 - COMUM"",""publication_lag_assumption_days"":14,""revision_warning"":""Source labels observations as preliminary and revisable""}"
anp.producer_importer.diesel_s10.br.weighted_mean,2021-11-28,2021-12-11T02:59:59Z,2026-08-14T23:52:49Z,3.71279,BRL/L,ANP,0,country,BR,Brasil,"{""availability_status"":""official_estimate_in_workbook"",""excludes_icms"":true,""period_end"":""2021-11-28"",""period_start"":""2021-11-22"",""product"":""Óleo Diesel S-10 (R$/litro)"",""publication_lag_days"":12,""weighted_average"":true}"
anp.distribution.diesel_s10.br.mean,2021-12-04,2021-12-19T02:59:59Z,2026-08-14T23:52:49Z,4.90697268666,BRL/L,ANP,0,country,BR,Brasil,"{""availability_status"":""assumed_unverified"",""dispersion"":0.1542099337790203,""period_end"":""2021-12-04"",""period_start"":""2021-11-28"",""product"":""ÓLEO DIESEL B S10 - COMUM"",""publication_lag_assumption_days"":14,""revision_warning"":""Source labels observations as preliminary and revisable""}"
anp.producer_importer.diesel_s10.br.weighted_mean,2021-12-05,2021-12-18T02:59:59Z,2026-08-14T23:52:49Z,3.71075,BRL/L,ANP,0,country,BR,Brasil,"{""availability_status"":""official_estimate_in_workbook"",""excludes_icms"":true,""period_end"":""2021-12-05"",""period_start"":""2021-11-29"",""product"":""Óleo Diesel S-10 (R$/litro)"",""publication_lag_days"":12,""weighted_average"":true}"
anp.distribution.diesel_s10.br.mean,2021-12-11,2021-12-26T02:59:59Z,2026-08-14T23:52:49Z,4.88599064758,BRL/L,ANP,0,country,BR,Brasil,"{""availability_status"":""assumed_unverified"",""dispersion"":0.1583530406545851,""period_end"":""2021-12-11"",""period_start"":""2021-12-05"",""product"":""ÓLEO DIESEL B S10 - COMUM"",""publication_lag_assumption_days"":14,""revision_warning"":""Source labels observations as preliminary and revisable""}"
anp.producer_importer.diesel_s10.br.weighted_mean,2021-12-12,2021-12-25T02:59:59Z,2026-08-14T23:52:49Z,3.72907,BRL/L,ANP,0,country,BR,Brasil,"{""availability_status"":""official_estimate_in_workbook"",""excludes_icms"":true,""period_end"":""2021-12-12"",""period_start"":""2021-12-06"",""product"":""Óleo Diesel S-10 (R$/litro)"",""publication_lag_days"":12,""weighted_average"":true}"
anp.distribution.diesel_s10.br.mean,2021-12-18,2022-01-02T02:59:59Z,2026-08-14T23:52:49Z,4.87630112495,BRL/L,ANP,0,country,BR,Brasil,"{""availability_status"":""assumed_unverified"",""dispersion"":0.1612461735244853,""period_end"":""2021-12-18"",""period_start"":""2021-12-12"",""product"":""ÓLEO DIESEL B S10 - COMUM"",""publication_lag_assumption_days"":14,""revision_warning"":""Source labels observations as preliminary and revisable""}"
anp.producer_importer.diesel_s10.br.weighted_mean,2021-12-19,2022-01-01T02:59:59Z,2026-08-14T23:52:49Z,3.704,BRL/L,ANP,0,country,BR,Brasil,"{""availability_status"":""official_estimate_in_workbook"",""excludes_icms"":true,""period_end"":""2021-12-19"",""period_start"":""2021-12-13"",""product"":""Óleo Diesel S-10 (R$/litro)"",""publication_lag_days"":12,""weighted_average"":true}"
anp.distribution.diesel_s10.br.mean,2021-12-25,2022-01-09T02:59:59Z,2026-08-14T23:52:49Z,4.8781200006,BRL/L,ANP,0,country,BR,Brasil,"{""availability_status"":""assumed_unverified"",""dispersion"":0.16564326456510794,""period_end"":""2021-12-25"",""period_start"":""2021-12-19"",""product"":""ÓLEO DIESEL B S10 - COMUM"",""publication_lag_assumption_days"":14,""revision_warning"":""Source labels observations as preliminary and revisable""}"
anp.producer_importer.diesel_s10.br.weighted_mean,2021-12-26,2022-01-08T02:59:59Z,2026-08-14T23:52:49Z,3.71679,BRL/L,ANP,0,country,BR,Brasil,"{""availability_status"":""official_estimate_in_workbook"",""excludes_icms"":true,""period_end"":""2021-12-26"",""period_start"":""2021-12-20"",""product"":""Óleo Diesel S-10 (R$/litro)"",""publication_lag_days"":12,""weighted_average"":true}"
anp.distribution.diesel_s10.br.mean,2022-01-01,2022-01-16T02:59:59Z,2026-08-14T23:52:49Z,4.87222729243,BRL/L,ANP,0,country,BR,Brasil,"{""availability_status"":""assumed_unverified"",""dispersion"":0.16448554894804782,""period_end"":""2022-01-01"",""period_start"":""2021-12-26"",""product"":""ÓLEO DIESEL B S10 - COMUM"",""publication_lag_assumption_days"":14,""revision_warning"":""Source labels observations as preliminary and revisable""}"
anp.producer_importer.diesel_s10.br.weighted_mean,2022-01-02,2022-01-15T02:59:59Z,2026-08-14T23:52:49Z,3.71667,BRL/L,ANP,0,country,BR,Brasil,"{""availability_status"":""official_estimate_in_workbook"",""excludes_icms"":true,""period_end"":""2022-01-02"",""period_start"":""2021-12-27"",""product"":""Óleo Diesel S-10 (R$/litro)"",""publication_lag_days"":12,""weighted_average"":true}"
anp.distribution.diesel_s10.br.mean,2022-01-08,2022-01-23T02:59:59Z,2026-08-14T23:52:49Z,4.9305729457,BRL/L,ANP,0,country,BR,Brasil,"{""availability_status"":""assumed_unverified"",""dispersion"":0.1713643887630301,""period_end"":""2022-01-08"",""period_start"":""2022-01-02"",""product"":""ÓLEO DIESEL B S10 - COMUM"",""publication_lag_assumption_days"":14,""revision_warning"":""Source labels observations as preliminary and revisable""}"
anp.producer_importer.diesel_s10.br.weighted_mean,2022-01-09,2022-01-22T02:59:59Z,2026-08-14T23:52:49Z,3.72607,BRL/L,ANP,0,country,BR,Brasil,"{""availability_status"":""official_estimate_in_workbook"",""excludes_icms"":true,""period_end"":""2022-01-09"",""period_start"":""2022-01-03"",""product"":""Óleo Diesel S-10 (R$/litro)"",""publication_lag_days"":12,""weighted_average"":true}"
anp.distribution.diesel_s10.br.mean,2022-01-15,2022-01-30T02:59:59Z,2026-08-14T23:52:49Z,5.04919535901,BRL/L,ANP,0,country,BR,Brasil,"{""availability_status"":""assumed_unverified"",""dispersion"":0.18383519843154206,""period_end"":""2022-01-15"",""period_start"":""2022-01-09"",""product"":""ÓLEO DIESEL B S10 - COMUM"",""publication_lag_assumption_days"":14,""revision_warning"":""Source labels observations as preliminary and revisable""}"
anp.producer_importer.diesel_s10.br.weighted_mean,2022-01-16,2022-01-29T02:59:59Z,2026-08-14T23:52:49Z,3.86852,BRL/L,ANP,0,country,BR,Brasil,"{""availability_status"":""official_estimate_in_workbook"",""excludes_icms"":true,""period_end"":""2022-01-16"",""period_start"":""2022-01-10"",""product"":""Óleo Diesel S-10 (R$/litro)"",""publication_lag_days"":12,""weighted_average"":true}"
anp.distribution.diesel_s10.br.mean,2022-01-22,2022-02-06T02:59:59Z,2026-08-14T23:52:49Z,5.14899465185,BRL/L,ANP,0,country,BR,Brasil,"{""availability_status"":""assumed_unverified"",""dispersion"":0.15787052735814,""period_end"":""2022-01-22"",""period_start"":""2022-01-16"",""product"":""ÓLEO DIESEL B S10 - COMUM"",""publication_lag_assumption_days"":14,""revision_warning"":""Source labels observations as preliminary and revisable""}"
anp.producer_importer.diesel_s10.br.weighted_mean,2022-01-23,2022-02-05T02:59:59Z,2026-08-14T23:52:49Z,3.97945,BRL/L,ANP,0,country,BR,Brasil,"{""availability_status"":""official_estimate_in_workbook"",""excludes_icms"":true,""period_end"":""2022-01-23"",""period_start"":""2022-01-17"",""product"":""Óleo Diesel S-10 (R$/litro)"",""publication_lag_days"":12,""weighted_average"":true}"
anp.distribution.diesel_s10.br.mean,2022-01-29,2022-02-13T02:59:59Z,2026-08-14T23:52:49Z,5.14920355007,BRL/L,ANP,0,country,BR,Brasil,"{""availability_status"":""assumed_unverified"",""dispersion"":0.1602981929397264,""period_end"":""2022-01-29"",""period_start"":""2022-01-23"",""product"":""ÓLEO DIESEL B S10 - COMUM"",""publication_lag_assumption_days"":14,""revision_warning"":""Source labels observations as preliminary and revisable""}"
anp.producer_importer.diesel_s10.br.weighted_mean,2022-01-30,2022-02-12T02:59:59Z,2026-08-14T23:52:49Z,3.98546,BRL/L,ANP,0,country,BR,Brasil,"{""availability_status"":""official_estimate_in_workbook"",""excludes_icms"":true,""period_end"":""2022-01-30"",""period_start"":""2022-01-24"",""product"":""Óleo Diesel S-10 (R$/litro)"",""publication_lag_days"":12,""weighted_average"":true}"
anp.distribution.diesel_s10.br.mean,2022-02-05,2022-02-20T02:59:59Z,2026-08-14T23:52:49Z,5.15231302016,BRL/L,ANP,0,country,BR,Brasil,"{""availability_status"":""assumed_unverified"",""dispersion"":0.15952484055306257,""period_end"":""2022-02-05"",""period_start"":""2022-01-30"",""product"":""ÓLEO DIESEL B S10 - COMUM"",""publication_lag_assumption_days"":14,""revision_warning"":""Source labels observations as preliminary and revisable""}"
anp.producer_importer.diesel_s10.br.weighted_mean,2022-02-06,2022-02-19T02:59:59Z,2026-08-14T23:52:49Z,3.98815,BRL/L,ANP,0,country,BR,Brasil,"{""availability_status"":""official_estimate_in_workbook"",""excludes_icms"":true,""period_end"":""2022-02-06"",""period_start"":""2022-01-31"",""product"":""Óleo Diesel S-10 (R$/litro)"",""publication_lag_days"":12,""weighted_average"":true}"
anp.distribution.diesel_s10.br.mean,2022-02-12,2022-02-27T02:59:59Z,2026-08-14T23:52:49Z,5.17192856767,BRL/L,ANP,0,country,BR,Brasil,"{""availability_status"":""assumed_unverified"",""dispersion"":0.1619884861399149,""period_end"":""2022-02-12"",""period_start"":""2022-02-06"",""product"":""ÓLEO DIESEL B S10 - COMUM"",""publication_lag_assumption_days"":14,""revision_warning"":""Source labels observations as preliminary and revisable""}"
anp.producer_importer.diesel_s10.br.weighted_mean,2022-02-13,2022-02-26T02:59:59Z,2026-08-14T23:52:49Z,3.98625,BRL/L,ANP,0,country,BR,Brasil,"{""availability_status"":""official_estimate_in_workbook"",""excludes_icms"":true,""period_end"":""2022-02-13"",""period_start"":""2022-02-07"",""product"":""Óleo Diesel S-10 (R$/litro)"",""publication_lag_days"":12,""weighted_average"":true}"
anp.distribution.diesel_s10.br.mean,2022-02-19,2022-03-06T02:59:59Z,2026-08-14T23:52:49Z,5.16538625844,BRL/L,ANP,0,country,BR,Brasil,"{""availability_status"":""assumed_unverified"",""dispersion"":0.1592358707046712,""period_end"":""2022-02-19"",""period_start"":""2022-02-13"",""product"":""ÓLEO DIESEL B S10 - COMUM"",""publication_lag_assumption_days"":14,""revision_warning"":""Source labels observations as preliminary and revisable""}"
anp.producer_importer.diesel_s10.br.weighted_mean,2022-02-20,2022-03-05T02:59:59Z,2026-08-14T23:52:49Z,3.98361,BRL/L,ANP,0,country,BR,Brasil,"{""availability_status"":""official_estimate_in_workbook"",""excludes_icms"":true,""period_end"":""2022-02-20"",""period_start"":""2022-02-14"",""product"":""Óleo Diesel S-10 (R$/litro)"",""publication_lag_days"":12,""weighted_average"":true}"
anp.distribution.diesel_s10.br.mean,2022-02-26,2022-03-13T02:59:59Z,2026-08-14T23:52:49Z,5.17062521126,BRL/L,ANP,0,country,BR,Brasil,"{""availability_status"":""assumed_unverified"",""dispersion"":0.15855898346297412,""period_end"":""2022-02-26"",""period_start"":""2022-02-20"",""product"":""ÓLEO DIESEL B S10 - COMUM"",""publication_lag_assumption_days"":14,""revision_warning"":""Source labels observations as preliminary and revisable""}"
anp.producer_importer.diesel_s10.br.weighted_mean,2022-02-27,2022-03-12T02:59:59Z,2026-08-14T23:52:49Z,4.00956,BRL/L,ANP,0,country,BR,Brasil,"{""availability_status"":""official_estimate_in_workbook"",""excludes_icms"":true,""period_end"":""2022-02-27"",""period_start"":""2022-02-21"",""product"":""Óleo Diesel S-10 (R$/litro)"",""publication_lag_days"":12,""weighted_average"":true}"
anp.distribution.diesel_s10.br.mean,2022-03-05,2022-03-20T02:59:59Z,2026-08-14T23:52:49Z,5.21051356829,BRL/L,ANP,0,country,BR,Brasil,"{""availability_status"":""assumed_unverified"",""dispersion"":0.16656582590224103,""period_end"":""2022-03-05"",""period_start"":""2022-02-27"",""product"":""ÓLEO DIESEL B S10 - COMUM"",""publication_lag_assumption_days"":14,""revision_warning"":""Source labels observations as preliminary and revisable""}"
anp.producer_importer.diesel_s10.br.weighted_mean,2022-03-06,2022-03-19T02:59:59Z,2026-08-14T23:52:49Z,4.01369,BRL/L,ANP,0,country,BR,Brasil,"{""availability_status"":""official_estimate_in_workbook"",""excludes_icms"":true,""period_end"":""2022-03-06"",""period_start"":""2022-02-28"",""product"":""Óleo Diesel S-10 (R$/litro)"",""publication_lag_days"":12,""weighted_average"":true}"
anp.distribution.diesel_s10.br.mean,2022-03-12,2022-03-27T02:59:59Z,2026-08-14T23:52:49Z,5.64134779128,BRL/L,ANP,0,country,BR,Brasil,"{""availability_status"":""assumed_unverified"",""dispersion"":0.43278715816332014,""period_end"":""2022-03-12"",""period_start"":""2022-03-06"",""product"":""ÓLEO DIESEL B S10 - COMUM"",""publication_lag_assumption_days"":14,""revision_warning"":""Source labels observations as preliminary and revisable""}"
anp.producer_importer.diesel_s10.br.weighted_mean,2022-03-13,2022-03-26T02:59:59Z,2026-08-14T23:52:49Z,4.23982,BRL/L,ANP,0,country,BR,Brasil,"{""availability_status"":""official_estimate_in_workbook"",""excludes_icms"":true,""period_end"":""2022-03-13"",""period_start"":""2022-03-07"",""product"":""Óleo Diesel S-10 (R$/litro)"",""publication_lag_days"":12,""weighted_average"":true}"
anp.distribution.diesel_s10.br.mean,2022-03-19,2022-04-03T02:59:59Z,2026-08-14T23:52:49Z,5.95502723836,BRL/L,ANP,0,country,BR,Brasil,"{""availability_status"":""assumed_unverified"",""dispersion"":0.1960096518454898,""period_end"":""2022-03-19"",""period_start"":""2022-03-13"",""product"":""ÓLEO DIESEL B S10 - COMUM"",""publication_lag_assumption_days"":14,""revision_warning"":""Source labels observations as preliminary and revisable""}"
anp.producer_importer.diesel_s10.br.weighted_mean,2022-03-20,2022-04-02T02:59:59Z,2026-08-14T23:52:49Z,4.531,BRL/L,ANP,0,country,BR,Brasil,"{""availability_status"":""official_estimate_in_workbook"",""excludes_icms"":true,""period_end"":""2022-03-20"",""period_start"":""2022-03-14"",""product"":""Óleo Diesel S-10 (R$/litro)"",""publication_lag_days"":12,""weighted_average"":true}"
anp.distribution.diesel_s10.br.mean,2022-03-26,2022-04-10T02:59:59Z,2026-08-14T23:52:49Z,5.9665205174,BRL/L,ANP,0,country,BR,Brasil,"{""availability_status"":""assumed_unverified"",""dispersion"":0.1816167099548395,""period_end"":""2022-03-26"",""period_start"":""2022-03-20"",""product"":""ÓLEO DIESEL B S10 - COMUM"",""publication_lag_assumption_days"":14,""revision_warning"":""Source labels observations as preliminary and revisable""}"
anp.producer_importer.diesel_s10.br.weighted_mean,2022-03-27,2022-04-09T02:59:59Z,2026-08-14T23:52:49Z,4.5274,BRL/L,ANP,0,country,BR,Brasil,"{""availability_status"":""official_estimate_in_workbook"",""excludes_icms"":true,""period_end"":""2022-03-27"",""period_start"":""2022-03-21"",""product"":""Óleo Diesel S-10 (R$/litro)"",""publication_lag_days"":12,""weighted_average"":true}"
anp.distribution.diesel_s10.br.mean,2022-04-02,2022-04-17T02:59:59Z,2026-08-14T23:52:49Z,6.07471980391,BRL/L,ANP,0,country,BR,Brasil,"{""availability_status"":""assumed_unverified"",""dispersion"":0.19780288342620136,""period_end"":""2022-04-02"",""period_start"":""2022-03-27"",""product"":""ÓLEO DIESEL B S10 - COMUM"",""publication_lag_assumption_days"":14,""revision_warning"":""Source labels observations as preliminary and revisable""}"
anp.producer_importer.diesel_s10.br.weighted_mean,2022-04-03,2022-04-16T02:59:59Z,2026-08-14T23:52:49Z,4.58095,BRL/L,ANP,0,country,BR,Brasil,"{""availability_status"":""official_estimate_in_workbook"",""excludes_icms"":true,""period_end"":""2022-04-03"",""period_start"":""2022-03-28"",""product"":""Óleo Diesel S-10 (R$/litro)"",""publication_lag_days"":12,""weighted_average"":true}"
anp.distribution.diesel_s10.br.mean,2022-04-09,2022-04-24T02:59:59Z,2026-08-14T23:52:49Z,6.0514373203,BRL/L,ANP,0,country,BR,Brasil,"{""availability_status"":""assumed_unverified"",""dispersion"":0.1777271780762475,""period_end"":""2022-04-09"",""period_start"":""2022-04-03"",""product"":""ÓLEO DIESEL B S10 - COMUM"",""publication_lag_assumption_days"":14,""revision_warning"":""Source labels observations as preliminary and revisable""}"
anp.producer_importer.diesel_s10.br.weighted_mean,2022-04-10,2022-04-23T02:59:59Z,2026-08-14T23:52:49Z,4.5445,BRL/L,ANP,0,country,BR,Brasil,"{""availability_status"":""official_estimate_in_workbook"",""excludes_icms"":true,""period_end"":""2022-04-10"",""period_start"":""2022-04-04"",""product"":""Óleo Diesel S-10 (R$/litro)"",""publication_lag_days"":12,""weighted_average"":true}"
anp.distribution.diesel_s10.br.mean,2022-04-16,2022-05-01T02:59:59Z,2026-08-14T23:52:49Z,6.04457489511,BRL/L,ANP,0,country,BR,Brasil,"{""availability_status"":""assumed_unverified"",""dispersion"":0.17821440940619243,""period_end"":""2022-04-16"",""period_start"":""2022-04-10"",""product"":""ÓLEO DIESEL B S10 - COMUM"",""publication_lag_assumption_days"":14,""revision_warning"":""Source labels observations as preliminary and revisable""}"
anp.producer_importer.diesel_s10.br.weighted_mean,2022-04-17,2022-04-30T02:59:59Z,2026-08-14T23:52:49Z,4.54282,BRL/L,ANP,0,country,BR,Brasil,"{""availability_status"":""official_estimate_in_workbook"",""excludes_icms"":true,""period_end"":""2022-04-17"",""period_start"":""2022-04-11"",""product"":""Óleo Diesel S-10 (R$/litro)"",""publication_lag_days"":12,""weighted_average"":true}"
anp.distribution.diesel_s10.br.mean,2022-04-23,2022-05-08T02:59:59Z,2026-08-14T23:52:49Z,6.04673818776,BRL/L,ANP,0,country,BR,Brasil,"{""availability_status"":""assumed_unverified"",""dispersion"":0.19528314708406613,""period_end"":""2022-04-23"",""period_start"":""2022-04-17"",""product"":""ÓLEO DIESEL B S10 - COMUM"",""publication_lag_assumption_days"":14,""revision_warning"":""Source labels observations as preliminary and revisable""}"
anp.producer_importer.diesel_s10.br.weighted_mean,2022-04-24,2022-05-07T02:59:59Z,2026-08-14T23:52:49Z,4.52859,BRL/L,ANP,0,country,BR,Brasil,"{""availability_status"":""official_estimate_in_workbook"",""excludes_icms"":true,""period_end"":""2022-04-24"",""period_start"":""2022-04-18"",""product"":""Óleo Diesel S-10 (R$/litro)"",""publication_lag_days"":12,""weighted_average"":true}"
anp.distribution.diesel_s10.br.mean,2022-04-30,2022-05-15T02:59:59Z,2026-08-14T23:52:49Z,6.03525561707,BRL/L,ANP,0,country,BR,Brasil,"{""availability_status"":""assumed_unverified"",""dispersion"":0.2029616928333869,""period_end"":""2022-04-30"",""period_start"":""2022-04-24"",""product"":""ÓLEO DIESEL B S10 - COMUM"",""publication_lag_assumption_days"":14,""revision_warning"":""Source labels observations as preliminary and revisable""}"
anp.producer_importer.diesel_s10.br.weighted_mean,2022-05-01,2022-05-14T02:59:59Z,2026-08-14T23:52:49Z,4.64819,BRL/L,ANP,0,country,BR,Brasil,"{""availability_status"":""official_estimate_in_workbook"",""excludes_icms"":true,""period_end"":""2022-05-01"",""period_start"":""2022-04-25"",""product"":""Óleo Diesel S-10 (R$/litro)"",""publication_lag_days"":12,""weighted_average"":true}"
anp.distribution.diesel_s10.br.mean,2022-05-07,2022-05-22T02:59:59Z,2026-08-14T23:52:49Z,6.0984315515,BRL/L,ANP,0,country,BR,Brasil,"{""availability_status"":""assumed_unverified"",""dispersion"":0.21398556656182544,""period_end"":""2022-05-07"",""period_start"":""2022-05-01"",""product"":""ÓLEO DIESEL B S10 - COMUM"",""publication_lag_assumption_days"":14,""revision_warning"":""Source labels observations as preliminary and revisable""}"
anp.producer_importer.diesel_s10.br.weighted_mean,2022-05-08,2022-05-21T02:59:59Z,2026-08-14T23:52:49Z,4.59788,BRL/L,ANP,0,country,BR,Brasil,"{""availability_status"":""official_estimate_in_workbook"",""excludes_icms"":true,""period_end"":""2022-05-08"",""period_start"":""2022-05-02"",""product"":""Óleo Diesel S-10 (R$/litro)"",""publication_lag_days"":12,""weighted_average"":true}"
anp.distribution.diesel_s10.br.mean,2022-05-14,2022-05-29T02:59:59Z,2026-08-14T23:52:49Z,6.34962082071,BRL/L,ANP,0,country,BR,Brasil,"{""availability_status"":""assumed_unverified"",""dispersion"":0.23220384134204766,""period_end"":""2022-05-14"",""period_start"":""2022-05-08"",""product"":""ÓLEO DIESEL B S10 - COMUM"",""publication_lag_assumption_days"":14,""revision_warning"":""Source labels observations as preliminary and revisable""}"
anp.producer_importer.diesel_s10.br.weighted_mean,2022-05-15,2022-05-28T02:59:59Z,2026-08-14T23:52:49Z,4.84769,BRL/L,ANP,0,country,BR,Brasil,"{""availability_status"":""official_estimate_in_workbook"",""excludes_icms"":true,""period_end"":""2022-05-15"",""period_start"":""2022-05-09"",""product"":""Óleo Diesel S-10 (R$/litro)"",""publication_lag_days"":12,""weighted_average"":true}"
anp.distribution.diesel_s10.br.mean,2022-05-21,2022-06-05T02:59:59Z,2026-08-14T23:52:49Z,6.39385388122,BRL/L,ANP,0,country,BR,Brasil,"{""availability_status"":""assumed_unverified"",""dispersion"":0.16098296483782296,""period_end"":""2022-05-21"",""period_start"":""2022-05-15"",""product"":""ÓLEO DIESEL B S10 - COMUM"",""publication_lag_assumption_days"":14,""revision_warning"":""Source labels observations as preliminary and revisable""}"
anp.producer_importer.diesel_s10.br.weighted_mean,2022-05-22,2022-06-04T02:59:59Z,2026-08-14T23:52:49Z,4.93882,BRL/L,ANP,0,country,BR,Brasil,"{""availability_status"":""official_estimate_in_workbook"",""excludes_icms"":true,""period_end"":""2022-05-22"",""period_start"":""2022-05-16"",""product"":""Óleo Diesel S-10 (R$/litro)"",""publication_lag_days"":12,""weighted_average"":true}"
anp.distribution.diesel_s10.br.mean,2022-05-28,2022-06-12T02:59:59Z,2026-08-14T23:52:49Z,6.3212381935,BRL/L,ANP,0,country,BR,Brasil,"{""availability_status"":""assumed_unverified"",""dispersion"":0.15485022209264096,""period_end"":""2022-05-28"",""period_start"":""2022-05-22"",""product"":""ÓLEO DIESEL B S10 - COMUM"",""publication_lag_assumption_days"":14,""revision_warning"":""Source labels observations as preliminary and revisable""}"
anp.producer_importer.diesel_s10.br.weighted_mean,2022-05-29,2022-06-11T02:59:59Z,2026-08-14T23:52:49Z,4.91539,BRL/L,ANP,0,country,BR,Brasil,"{""availability_status"":""official_estimate_in_workbook"",""excludes_icms"":true,""period_end"":""2022-05-29"",""period_start"":""2022-05-23"",""product"":""Óleo Diesel S-10 (R$/litro)"",""publication_lag_days"":12,""weighted_average"":true}"
anp.distribution.diesel_s10.br.mean,2022-06-04,2022-06-19T02:59:59Z,2026-08-14T23:52:49Z,6.29508564333,BRL/L,ANP,0,country,BR,Brasil,"{""availability_status"":""assumed_unverified"",""dispersion"":0.15097199092154845,""period_end"":""2022-06-04"",""period_start"":""2022-05-29"",""product"":""ÓLEO DIESEL B S10 - COMUM"",""publication_lag_assumption_days"":14,""revision_warning"":""Source labels observations as preliminary and revisable""}"
anp.producer_importer.diesel_s10.br.weighted_mean,2022-06-05,2022-06-18T02:59:59Z,2026-08-14T23:52:49Z,4.92998,BRL/L,ANP,0,country,BR,Brasil,"{""availability_status"":""official_estimate_in_workbook"",""excludes_icms"":true,""period_end"":""2022-06-05"",""period_start"":""2022-05-30"",""product"":""Óleo Diesel S-10 (R$/litro)"",""publication_lag_days"":12,""weighted_average"":true}"
anp.distribution.diesel_s10.br.mean,2022-06-11,2022-06-26T02:59:59Z,2026-08-14T23:52:49Z,6.32658576386,BRL/L,ANP,0,country,BR,Brasil,"{""availability_status"":""assumed_unverified"",""dispersion"":0.16563999670386834,""period_end"":""2022-06-11"",""period_start"":""2022-06-05"",""product"":""ÓLEO DIESEL B S10 - COMUM"",""publication_lag_assumption_days"":14,""revision_warning"":""Source labels observations as preliminary and revisable""}"
anp.producer_importer.diesel_s10.br.weighted_mean,2022-06-12,2022-06-25T02:59:59Z,2026-08-14T23:52:49Z,4.97375,BRL/L,ANP,0,country,BR,Brasil,"{""availability_status"":""official_estimate_in_workbook"",""excludes_icms"":true,""period_end"":""2022-06-12"",""period_start"":""2022-06-06"",""product"":""Óleo Diesel S-10 (R$/litro)"",""publication_lag_days"":12,""weighted_average"":true}"
anp.distribution.diesel_s10.br.mean,2022-06-18,2022-07-03T02:59:59Z,2026-08-14T23:52:49Z,6.41244276589,BRL/L,ANP,0,country,BR,Brasil,"{""availability_status"":""assumed_unverified"",""dispersion"":0.2500868833491197,""period_end"":""2022-06-18"",""period_start"":""2022-06-12"",""product"":""ÓLEO DIESEL B S10 - COMUM"",""publication_lag_assumption_days"":14,""revision_warning"":""Source labels observations as preliminary and revisable""}"
anp.producer_importer.diesel_s10.br.weighted_mean,2022-06-19,2022-07-02T02:59:59Z,2026-08-14T23:52:49Z,5.12404,BRL/L,ANP,0,country,BR,Brasil,"{""availability_status"":""official_estimate_in_workbook"",""excludes_icms"":true,""period_end"":""2022-06-19"",""period_start"":""2022-06-13"",""product"":""Óleo Diesel S-10 (R$/litro)"",""publication_lag_days"":12,""weighted_average"":true}"
anp.distribution.diesel_s10.br.mean,2022-06-25,2022-07-10T02:59:59Z,2026-08-14T23:52:49Z,7.0211580217,BRL/L,ANP,0,country,BR,Brasil,"{""availability_status"":""assumed_unverified"",""dispersion"":0.17018090293705973,""period_end"":""2022-06-25"",""period_start"":""2022-06-19"",""product"":""ÓLEO DIESEL B S10 - COMUM"",""publication_lag_assumption_days"":14,""revision_warning"":""Source labels observations as preliminary and revisable""}"
anp.producer_importer.diesel_s10.br.weighted_mean,2022-06-26,2022-07-09T02:59:59Z,2026-08-14T23:52:49Z,5.64167,BRL/L,ANP,0,country,BR,Brasil,"{""availability_status"":""official_estimate_in_workbook"",""excludes_icms"":true,""period_end"":""2022-06-26"",""period_start"":""2022-06-20"",""product"":""Óleo Diesel S-10 (R$/litro)"",""publication_lag_days"":12,""weighted_average"":true}"
anp.distribution.diesel_s10.br.mean,2022-07-02,2022-07-17T02:59:59Z,2026-08-14T23:52:49Z,6.97778483305,BRL/L,ANP,0,country,BR,Brasil,"{""availability_status"":""assumed_unverified"",""dispersion"":0.15868741188467142,""period_end"":""2022-07-02"",""period_start"":""2022-06-26"",""product"":""ÓLEO DIESEL B S10 - COMUM"",""publication_lag_assumption_days"":14,""revision_warning"":""Source labels observations as preliminary and revisable""}"
anp.producer_importer.diesel_s10.br.weighted_mean,2022-07-03,2022-07-16T02:59:59Z,2026-08-14T23:52:49Z,5.64431,BRL/L,ANP,0,country,BR,Brasil,"{""availability_status"":""official_estimate_in_workbook"",""excludes_icms"":true,""period_end"":""2022-07-03"",""period_start"":""2022-06-27"",""product"":""Óleo Diesel S-10 (R$/litro)"",""publication_lag_days"":12,""weighted_average"":true}"
anp.distribution.diesel_s10.br.mean,2022-07-09,2022-07-24T02:59:59Z,2026-08-14T23:52:49Z,6.913986771,BRL/L,ANP,0,country,BR,Brasil,"{""availability_status"":""assumed_unverified"",""dispersion"":0.1676257407830767,""period_end"":""2022-07-09"",""period_start"":""2022-07-03"",""product"":""ÓLEO DIESEL B S10 - COMUM"",""publication_lag_assumption_days"":14,""revision_warning"":""Source labels observations as preliminary and revisable""}"
anp.producer_importer.diesel_s10.br.weighted_mean,2022-07-10,2022-07-23T02:59:59Z,2026-08-14T23:52:49Z,5.63058,BRL/L,ANP,0,country,BR,Brasil,"{""availability_status"":""official_estimate_in_workbook"",""excludes_icms"":true,""period_end"":""2022-07-10"",""period_start"":""2022-07-04"",""product"":""Óleo Diesel S-10 (R$/litro)"",""publication_lag_days"":12,""weighted_average"":true}"
anp.distribution.diesel_s10.br.mean,2022-07-16,2022-07-31T02:59:59Z,2026-08-14T23:52:49Z,6.84483136477,BRL/L,ANP,0,country,BR,Brasil,"{""availability_status"":""assumed_unverified"",""dispersion"":0.1806850835993035,""period_end"":""2022-07-16"",""period_start"":""2022-07-10"",""product"":""ÓLEO DIESEL B S10 - COMUM"",""publication_lag_assumption_days"":14,""revision_warning"":""Source labels observations as preliminary and revisable""}"
anp.producer_importer.diesel_s10.br.weighted_mean,2022-07-17,2022-07-30T02:59:59Z,2026-08-14T23:52:49Z,5.62104,BRL/L,ANP,0,country,BR,Brasil,"{""availability_status"":""official_estimate_in_workbook"",""excludes_icms"":true,""period_end"":""2022-07-17"",""period_start"":""2022-07-11"",""product"":""Óleo Diesel S-10 (R$/litro)"",""publication_lag_days"":12,""weighted_average"":true}"
anp.distribution.diesel_s10.br.mean,2022-07-23,2022-08-07T02:59:59Z,2026-08-14T23:52:49Z,6.8200743868,BRL/L,ANP,0,country,BR,Brasil,"{""availability_status"":""assumed_unverified"",""dispersion"":0.16883300399219014,""period_end"":""2022-07-23"",""period_start"":""2022-07-17"",""product"":""ÓLEO DIESEL B S10 - COMUM"",""publication_lag_assumption_days"":14,""revision_warning"":""Source labels observations as preliminary and revisable""}"
anp.producer_importer.diesel_s10.br.weighted_mean,2022-07-24,2022-08-06T02:59:59Z,2026-08-14T23:52:49Z,5.62053,BRL/L,ANP,0,country,BR,Brasil,"{""availability_status"":""official_estimate_in_workbook"",""excludes_icms"":true,""period_end"":""2022-07-24"",""period_start"":""2022-07-18"",""product"":""Óleo Diesel S-10 (R$/litro)"",""publication_lag_days"":12,""weighted_average"":true}"
anp.distribution.diesel_s10.br.mean,2022-07-30,2022-08-14T02:59:59Z,2026-08-14T23:52:49Z,6.75649351539,BRL/L,ANP,0,country,BR,Brasil,"{""availability_status"":""assumed_unverified"",""dispersion"":0.19186597091486698,""period_end"":""2022-07-30"",""period_start"":""2022-07-24"",""product"":""ÓLEO DIESEL B S10 - COMUM"",""publication_lag_assumption_days"":14,""revision_warning"":""Source labels observations as preliminary and revisable""}"
anp.producer_importer.diesel_s10.br.weighted_mean,2022-07-31,2022-08-13T02:59:59Z,2026-08-14T23:52:49Z,5.60315,BRL/L,ANP,0,country,BR,Brasil,"{""availability_status"":""official_estimate_in_workbook"",""excludes_icms"":true,""period_end"":""2022-07-31"",""period_start"":""2022-07-25"",""product"":""Óleo Diesel S-10 (R$/litro)"",""publication_lag_days"":12,""weighted_average"":true}"
anp.distribution.diesel_s10.br.mean,2022-08-06,2022-08-21T02:59:59Z,2026-08-14T23:52:49Z,6.65396806348,BRL/L,ANP,0,country,BR,Brasil,"{""availability_status"":""assumed_unverified"",""dispersion"":0.21882739689493821,""period_end"":""2022-08-06"",""period_start"":""2022-07-31"",""product"":""ÓLEO DIESEL B S10 - COMUM"",""publication_lag_assumption_days"":14,""revision_warning"":""Source labels observations as preliminary and revisable""}"
anp.producer_importer.diesel_s10.br.weighted_mean,2022-08-07,2022-08-20T02:59:59Z,2026-08-14T23:52:49Z,5.51508,BRL/L,ANP,0,country,BR,Brasil,"{""availability_status"":""official_estimate_in_workbook"",""excludes_icms"":true,""period_end"":""2022-08-07"",""period_start"":""2022-08-01"",""product"":""Óleo Diesel S-10 (R$/litro)"",""publication_lag_days"":12,""weighted_average"":true}"
anp.distribution.diesel_s10.br.mean,2022-08-13,2022-08-28T02:59:59Z,2026-08-14T23:52:49Z,6.41805046722,BRL/L,ANP,0,country,BR,Brasil,"{""availability_status"":""assumed_unverified"",""dispersion"":0.2245840004884277,""period_end"":""2022-08-13"",""period_start"":""2022-08-07"",""product"":""ÓLEO DIESEL B S10 - COMUM"",""publication_lag_assumption_days"":14,""revision_warning"":""Source labels observations as preliminary and revisable""}"
anp.producer_importer.diesel_s10.br.weighted_mean,2022-08-14,2022-08-27T02:59:59Z,2026-08-14T23:52:49Z,5.29781,BRL/L,ANP,0,country,BR,Brasil,"{""availability_status"":""official_estimate_in_workbook"",""excludes_icms"":true,""period_end"":""2022-08-14"",""period_start"":""2022-08-08"",""product"":""Óleo Diesel S-10 (R$/litro)"",""publication_lag_days"":12,""weighted_average"":true}"
anp.distribution.diesel_s10.br.mean,2022-08-20,2022-09-04T02:59:59Z,2026-08-14T23:52:49Z,6.24741127834,BRL/L,ANP,0,country,BR,Brasil,"{""availability_status"":""assumed_unverified"",""dispersion"":0.2069276941419732,""period_end"":""2022-08-20"",""period_start"":""2022-08-14"",""product"":""ÓLEO DIESEL B S10 - COMUM"",""publication_lag_assumption_days"":14,""revision_warning"":""Source labels observations as preliminary and revisable""}"
anp.producer_importer.diesel_s10.br.weighted_mean,2022-08-21,2022-09-03T02:59:59Z,2026-08-14T23:52:49Z,5.18092,BRL/L,ANP,0,country,BR,Brasil,"{""availability_status"":""official_estimate_in_workbook"",""excludes_icms"":true,""period_end"":""2022-08-21"",""period_start"":""2022-08-15"",""product"":""Óleo Diesel S-10 (R$/litro)"",""publication_lag_days"":12,""weighted_average"":true}"
anp.distribution.diesel_s10.br.mean,2022-08-27,2022-09-11T02:59:59Z,2026-08-14T23:52:49Z,6.24488297227,BRL/L,ANP,0,country,BR,Brasil,"{""availability_status"":""assumed_unverified"",""dispersion"":0.1867099935712557,""period_end"":""2022-08-27"",""period_start"":""2022-08-21"",""product"":""ÓLEO DIESEL B S10 - COMUM"",""publication_lag_assumption_days"":14,""revision_warning"":""Source labels observations as preliminary and revisable""}"
anp.producer_importer.diesel_s10.br.weighted_mean,2022-08-28,2022-09-10T02:59:59Z,2026-08-14T23:52:49Z,5.1954,BRL/L,ANP,0,country,BR,Brasil,"{""availability_status"":""official_estimate_in_workbook"",""excludes_icms"":true,""period_end"":""2022-08-28"",""period_start"":""2022-08-22"",""product"":""Óleo Diesel S-10 (R$/litro)"",""publication_lag_days"":12,""weighted_average"":true}"
anp.distribution.diesel_s10.br.mean,2022-09-03,2022-09-18T02:59:59Z,2026-08-14T23:52:49Z,6.27811686647,BRL/L,ANP,0,country,BR,Brasil,"{""availability_status"":""assumed_unverified"",""dispersion"":0.16340127292986412,""period_end"":""2022-09-03"",""period_start"":""2022-08-28"",""product"":""ÓLEO DIESEL B S10 - COMUM"",""publication_lag_assumption_days"":14,""revision_warning"":""Source labels observations as preliminary and revisable""}"
anp.producer_importer.diesel_s10.br.weighted_mean,2022-09-04,2022-09-17T02:59:59Z,2026-08-14T23:52:49Z,5.22649,BRL/L,ANP,0,country,BR,Brasil,"{""availability_status"":""official_estimate_in_workbook"",""excludes_icms"":true,""period_end"":""2022-09-04"",""period_start"":""2022-08-29"",""product"":""Óleo Diesel S-10 (R$/litro)"",""publication_lag_days"":12,""weighted_average"":true}"
anp.distribution.diesel_s10.br.mean,2022-09-10,2022-09-25T02:59:59Z,2026-08-14T23:52:49Z,6.26286688834,BRL/L,ANP,0,country,BR,Brasil,"{""availability_status"":""assumed_unverified"",""dispersion"":0.16551814625252356,""period_end"":""2022-09-10"",""period_start"":""2022-09-04"",""product"":""ÓLEO DIESEL B S10 - COMUM"",""publication_lag_assumption_days"":14,""revision_warning"":""Source labels observations as preliminary and revisable""}"
anp.producer_importer.diesel_s10.br.weighted_mean,2022-09-11,2022-09-24T02:59:59Z,2026-08-14T23:52:49Z,5.2014,BRL/L,ANP,0,country,BR,Brasil,"{""availability_status"":""official_estimate_in_workbook"",""excludes_icms"":true,""period_end"":""2022-09-11"",""period_start"":""2022-09-05"",""product"":""Óleo Diesel S-10 (R$/litro)"",""publication_lag_days"":12,""weighted_average"":true}"
anp.distribution.diesel_s10.br.mean,2022-09-17,2022-10-02T02:59:59Z,2026-08-14T23:52:49Z,6.22444820872,BRL/L,ANP,0,country,BR,Brasil,"{""availability_status"":""assumed_unverified"",""dispersion"":0.172972206683248,""period_end"":""2022-09-17"",""period_start"":""2022-09-11"",""product"":""ÓLEO DIESEL B S10 - COMUM"",""publication_lag_assumption_days"":14,""revision_warning"":""Source labels observations as preliminary and revisable""}"
anp.producer_importer.diesel_s10.br.weighted_mean,2022-09-18,2022-10-01T02:59:59Z,2026-08-14T23:52:49Z,5.19852,BRL/L,ANP,0,country,BR,Brasil,"{""availability_status"":""official_estimate_in_workbook"",""excludes_icms"":true,""period_end"":""2022-09-18"",""period_start"":""2022-09-12"",""product"":""Óleo Diesel S-10 (R$/litro)"",""publication_lag_days"":12,""weighted_average"":true}"
anp.distribution.diesel_s10.br.mean,2022-09-24,2022-10-09T02:59:59Z,2026-08-14T23:52:49Z,5.98524263144,BRL/L,ANP,0,country,BR,Brasil,"{""availability_status"":""assumed_unverified"",""dispersion"":0.17642203376953738,""period_end"":""2022-09-24"",""period_start"":""2022-09-18"",""product"":""ÓLEO DIESEL B S10 - COMUM"",""publication_lag_assumption_days"":14,""revision_warning"":""Source labels observations as preliminary and revisable""}"
anp.producer_importer.diesel_s10.br.weighted_mean,2022-09-25,2022-10-08T02:59:59Z,2026-08-14T23:52:49Z,4.94914,BRL/L,ANP,0,country,BR,Brasil,"{""availability_status"":""official_estimate_in_workbook"",""excludes_icms"":true,""period_end"":""2022-09-25"",""period_start"":""2022-09-19"",""product"":""Óleo Diesel S-10 (R$/litro)"",""publication_lag_days"":12,""weighted_average"":true}"
anp.distribution.diesel_s10.br.mean,2022-10-01,2022-10-16T02:59:59Z,2026-08-14T23:52:49Z,5.89443516682,BRL/L,ANP,0,country,BR,Brasil,"{""availability_status"":""assumed_unverified"",""dispersion"":0.17661592561972045,""period_end"":""2022-10-01"",""period_start"":""2022-09-25"",""product"":""ÓLEO DIESEL B S10 - COMUM"",""publication_lag_assumption_days"":14,""revision_warning"":""Source labels observations as preliminary and revisable""}"
anp.producer_importer.diesel_s10.br.weighted_mean,2022-10-02,2022-10-15T02:59:59Z,2026-08-14T23:52:49Z,4.90526,BRL/L,ANP,0,country,BR,Brasil,"{""availability_status"":""official_estimate_in_workbook"",""excludes_icms"":true,""period_end"":""2022-10-02"",""period_start"":""2022-09-26"",""product"":""Óleo Diesel S-10 (R$/litro)"",""publication_lag_days"":12,""weighted_average"":true}"
anp.distribution.diesel_s10.br.mean,2022-10-08,2022-10-23T02:59:59Z,2026-08-14T23:52:49Z,5.89645236411,BRL/L,ANP,0,country,BR,Brasil,"{""availability_status"":""assumed_unverified"",""dispersion"":0.16881486934162307,""period_end"":""2022-10-08"",""period_start"":""2022-10-02"",""product"":""ÓLEO DIESEL B S10 - COMUM"",""publication_lag_assumption_days"":14,""revision_warning"":""Source labels observations as preliminary and revisable""}"
anp.producer_importer.diesel_s10.br.weighted_mean,2022-10-09,2022-10-22T02:59:59Z,2026-08-14T23:52:49Z,4.92882,BRL/L,ANP,0,country,BR,Brasil,"{""availability_status"":""official_estimate_in_workbook"",""excludes_icms"":true,""period_end"":""2022-10-09"",""period_start"":""2022-10-03"",""product"":""Óleo Diesel S-10 (R$/litro)"",""publication_lag_days"":12,""weighted_average"":true}"
anp.distribution.diesel_s10.br.mean,2022-10-15,2022-10-30T02:59:59Z,2026-08-14T23:52:49Z,6.0013374846,BRL/L,ANP,0,country,BR,Brasil,"{""availability_status"":""assumed_unverified"",""dispersion"":0.20804127312124046,""period_end"":""2022-10-15"",""period_start"":""2022-10-09"",""product"":""ÓLEO DIESEL B S10 - COMUM"",""publication_lag_assumption_days"":14,""revision_warning"":""Source labels observations as preliminary and revisable""}"
anp.producer_importer.diesel_s10.br.weighted_mean,2022-10-16,2022-10-29T02:59:59Z,2026-08-14T23:52:49Z,4.97032,BRL/L,ANP,0,country,BR,Brasil,"{""availability_status"":""official_estimate_in_workbook"",""excludes_icms"":true,""period_end"":""2022-10-16"",""period_start"":""2022-10-10"",""product"":""Óleo Diesel S-10 (R$/litro)"",""publication_lag_days"":12,""weighted_average"":true}"
anp.distribution.diesel_s10.br.mean,2022-10-22,2022-11-06T02:59:59Z,2026-08-14T23:52:49Z,6.03764304759,BRL/L,ANP,0,country,BR,Brasil,"{""availability_status"":""assumed_unverified"",""dispersion"":0.20520153735495553,""period_end"":""2022-10-22"",""period_start"":""2022-10-16"",""product"":""ÓLEO DIESEL B S10 - COMUM"",""publication_lag_assumption_days"":14,""revision_warning"":""Source labels observations as preliminary and revisable""}"
anp.producer_importer.diesel_s10.br.weighted_mean,2022-10-23,2022-11-05T02:59:59Z,2026-08-14T23:52:49Z,4.95338,BRL/L,ANP,0,country,BR,Brasil,"{""availability_status"":""official_estimate_in_workbook"",""excludes_icms"":true,""period_end"":""2022-10-23"",""period_start"":""2022-10-17"",""product"":""Óleo Diesel S-10 (R$/litro)"",""publication_lag_days"":12,""weighted_average"":true}"
anp.distribution.diesel_s10.br.mean,2022-10-29,2022-11-13T02:59:59Z,2026-08-14T23:52:49Z,6.01785957412,BRL/L,ANP,0,country,BR,Brasil,"{""availability_status"":""assumed_unverified"",""dispersion"":0.20781209353397798,""period_end"":""2022-10-29"",""period_start"":""2022-10-23"",""product"":""ÓLEO DIESEL B S10 - COMUM"",""publication_lag_assumption_days"":14,""revision_warning"":""Source labels observations as preliminary and revisable""}"
anp.producer_importer.diesel_s10.br.weighted_mean,2022-10-30,2022-11-12T02:59:59Z,2026-08-14T23:52:49Z,4.98604,BRL/L,ANP,0,country,BR,Brasil,"{""availability_status"":""official_estimate_in_workbook"",""excludes_icms"":true,""period_end"":""2022-10-30"",""period_start"":""2022-10-24"",""product"":""Óleo Diesel S-10 (R$/litro)"",""publication_lag_days"":12,""weighted_average"":true}"
anp.distribution.diesel_s10.br.mean,2022-11-05,2022-11-20T02:59:59Z,2026-08-14T23:52:49Z,6.06813825327,BRL/L,ANP,0,country,BR,Brasil,"{""availability_status"":""assumed_unverified"",""dispersion"":0.2096918453914497,""period_end"":""2022-11-05"",""period_start"":""2022-10-30"",""product"":""ÓLEO DIESEL B S10 - COMUM"",""publication_lag_assumption_days"":14,""revision_warning"":""Source labels observations as preliminary and revisable""}"
anp.producer_importer.diesel_s10.br.weighted_mean,2022-11-06,2022-11-19T02:59:59Z,2026-08-14T23:52:49Z,4.95556,BRL/L,ANP,0,country,BR,Brasil,"{""availability_status"":""official_estimate_in_workbook"",""excludes_icms"":true,""period_end"":""2022-11-06"",""period_start"":""2022-10-31"",""product"":""Óleo Diesel S-10 (R$/litro)"",""publication_lag_days"":12,""weighted_average"":true}"
anp.distribution.diesel_s10.br.mean,2022-11-12,2022-11-27T02:59:59Z,2026-08-14T23:52:49Z,6.07164926246,BRL/L,ANP,0,country,BR,Brasil,"{""availability_status"":""assumed_unverified"",""dispersion"":0.17736533668330992,""period_end"":""2022-11-12"",""period_start"":""2022-11-06"",""product"":""ÓLEO DIESEL B S10 - COMUM"",""publication_lag_assumption_days"":14,""revision_warning"":""Source labels observations as preliminary and revisable""}"
anp.producer_importer.diesel_s10.br.weighted_mean,2022-11-13,2022-11-26T02:59:59Z,2026-08-14T23:52:49Z,4.92894,BRL/L,ANP,0,country,BR,Brasil,"{""availability_status"":""official_estimate_in_workbook"",""excludes_icms"":true,""period_end"":""2022-11-13"",""period_start"":""2022-11-07"",""product"":""Óleo Diesel S-10 (R$/litro)"",""publication_lag_days"":12,""weighted_average"":true}"
anp.distribution.diesel_s10.br.mean,2022-11-19,2022-12-04T02:59:59Z,2026-08-14T23:52:49Z,6.05491379934,BRL/L,ANP,0,country,BR,Brasil,"{""availability_status"":""assumed_unverified"",""dispersion"":0.19663358076433443,""period_end"":""2022-11-19"",""period_start"":""2022-11-13"",""product"":""ÓLEO DIESEL B S10 - COMUM"",""publication_lag_assumption_days"":14,""revision_warning"":""Source labels observations as preliminary and revisable""}"
anp.producer_importer.diesel_s10.br.weighted_mean,2022-11-20,2022-12-03T02:59:59Z,2026-08-14T23:52:49Z,4.92837,BRL/L,ANP,0,country,BR,Brasil,"{""availability_status"":""official_estimate_in_workbook"",""excludes_icms"":true,""period_end"":""2022-11-20"",""period_start"":""2022-11-14"",""product"":""Óleo Diesel S-10 (R$/litro)"",""publication_lag_days"":12,""weighted_average"":true}"
anp.distribution.diesel_s10.br.mean,2022-11-26,2022-12-11T02:59:59Z,2026-08-14T23:52:49Z,6.03795734141,BRL/L,ANP,0,country,BR,Brasil,"{""availability_status"":""assumed_unverified"",""dispersion"":0.1842235659703101,""period_end"":""2022-11-26"",""period_start"":""2022-11-20"",""product"":""ÓLEO DIESEL B S10 - COMUM"",""publication_lag_assumption_days"":14,""revision_warning"":""Source labels observations as preliminary and revisable""}"
anp.producer_importer.diesel_s10.br.weighted_mean,2022-11-27,2022-12-10T02:59:59Z,2026-08-14T23:52:49Z,4.90429,BRL/L,ANP,0,country,BR,Brasil,"{""availability_status"":""official_estimate_in_workbook"",""excludes_icms"":true,""period_end"":""2022-11-27"",""period_start"":""2022-11-21"",""product"":""Óleo Diesel S-10 (R$/litro)"",""publication_lag_days"":12,""weighted_average"":true}"
anp.distribution.diesel_s10.br.mean,2022-12-03,2022-12-18T02:59:59Z,2026-08-14T23:52:49Z,5.99615720285,BRL/L,ANP,0,country,BR,Brasil,"{""availability_status"":""assumed_unverified"",""dispersion"":0.20198786532484794,""period_end"":""2022-12-03"",""period_start"":""2022-11-27"",""product"":""ÓLEO DIESEL B S10 - COMUM"",""publication_lag_assumption_days"":14,""revision_warning"":""Source labels observations as preliminary and revisable""}"
anp.producer_importer.diesel_s10.br.weighted_mean,2022-12-04,2022-12-17T02:59:59Z,2026-08-14T23:52:49Z,4.9054,BRL/L,ANP,0,country,BR,Brasil,"{""availability_status"":""official_estimate_in_workbook"",""excludes_icms"":true,""period_end"":""2022-12-04"",""period_start"":""2022-11-28"",""product"":""Óleo Diesel S-10 (R$/litro)"",""publication_lag_days"":12,""weighted_average"":true}"
anp.distribution.diesel_s10.br.mean,2022-12-10,2022-12-25T02:59:59Z,2026-08-14T23:52:49Z,5.75915798426,BRL/L,ANP,0,country,BR,Brasil,"{""availability_status"":""assumed_unverified"",""dispersion"":0.24805030395532637,""period_end"":""2022-12-10"",""period_start"":""2022-12-04"",""product"":""ÓLEO DIESEL B S10 - COMUM"",""publication_lag_assumption_days"":14,""revision_warning"":""Source labels observations as preliminary and revisable""}"
anp.producer_importer.diesel_s10.br.weighted_mean,2022-12-11,2022-12-24T02:59:59Z,2026-08-14T23:52:49Z,4.68278,BRL/L,ANP,0,country,BR,Brasil,"{""availability_status"":""official_estimate_in_workbook"",""excludes_icms"":true,""period_end"":""2022-12-11"",""period_start"":""2022-12-05"",""product"":""Óleo Diesel S-10 (R$/litro)"",""publication_lag_days"":12,""weighted_average"":true}"
anp.distribution.diesel_s10.br.mean,2022-12-17,2023-01-01T02:59:59Z,2026-08-14T23:52:49Z,5.58583842879,BRL/L,ANP,0,country,BR,Brasil,"{""availability_status"":""assumed_unverified"",""dispersion"":0.22995132909307048,""period_end"":""2022-12-17"",""period_start"":""2022-12-11"",""product"":""ÓLEO DIESEL B S10 - COMUM"",""publication_lag_assumption_days"":14,""revision_warning"":""Source labels observations as preliminary and revisable""}"
anp.producer_importer.diesel_s10.br.weighted_mean,2022-12-18,2022-12-31T02:59:59Z,2026-08-14T23:52:49Z,4.47065,BRL/L,ANP,0,country,BR,Brasil,"{""availability_status"":""official_estimate_in_workbook"",""excludes_icms"":true,""period_end"":""2022-12-18"",""period_start"":""2022-12-12"",""product"":""Óleo Diesel S-10 (R$/litro)"",""publication_lag_days"":12,""weighted_average"":true}"
anp.distribution.diesel_s10.br.mean,2022-12-24,2023-01-08T02:59:59Z,2026-08-14T23:52:49Z,5.58640357123,BRL/L,ANP,0,country,BR,Brasil,"{""availability_status"":""assumed_unverified"",""dispersion"":0.2216045423217288,""period_end"":""2022-12-24"",""period_start"":""2022-12-18"",""product"":""ÓLEO DIESEL B S10 - COMUM"",""publication_lag_assumption_days"":14,""revision_warning"":""Source labels observations as preliminary and revisable""}"
anp.producer_importer.diesel_s10.br.weighted_mean,2022-12-25,2023-01-07T02:59:59Z,2026-08-14T23:52:49Z,4.46682,BRL/L,ANP,0,country,BR,Brasil,"{""availability_status"":""official_estimate_in_workbook"",""excludes_icms"":true,""period_end"":""2022-12-25"",""period_start"":""2022-12-19"",""product"":""Óleo Diesel S-10 (R$/litro)"",""publication_lag_days"":12,""weighted_average"":true}"
anp.distribution.diesel_s10.br.mean,2022-12-31,2023-01-15T02:59:59Z,2026-08-14T23:52:49Z,5.60092183825,BRL/L,ANP,0,country,BR,Brasil,"{""availability_status"":""assumed_unverified"",""dispersion"":0.2086695993661657,""period_end"":""2022-12-31"",""period_start"":""2022-12-25"",""product"":""ÓLEO DIESEL B S10 - COMUM"",""publication_lag_assumption_days"":14,""revision_warning"":""Source labels observations as preliminary and revisable""}"
anp.producer_importer.diesel_s10.br.weighted_mean,2023-01-01,2023-01-14T02:59:59Z,2026-08-14T23:52:49Z,4.49996,BRL/L,ANP,0,country,BR,Brasil,"{""availability_status"":""official_estimate_in_workbook"",""excludes_icms"":true,""period_end"":""2023-01-01"",""period_start"":""2022-12-26"",""product"":""Óleo Diesel S-10 (R$/litro)"",""publication_lag_days"":12,""weighted_average"":true}"
anp.distribution.diesel_s10.br.mean,2023-01-07,2023-01-22T02:59:59Z,2026-08-14T23:52:49Z,5.75801741488,BRL/L,ANP,0,country,BR,Brasil,"{""availability_status"":""assumed_unverified"",""dispersion"":0.20385066171737135,""period_end"":""2023-01-07"",""period_start"":""2023-01-01"",""product"":""ÓLEO DIESEL B S10 - COMUM"",""publication_lag_assumption_days"":14,""revision_warning"":""Source labels observations as preliminary and revisable""}"
anp.producer_importer.diesel_s10.br.weighted_mean,2023-01-08,2023-01-21T02:59:59Z,2026-08-14T23:52:49Z,4.52857,BRL/L,ANP,0,country,BR,Brasil,"{""availability_status"":""official_estimate_in_workbook"",""excludes_icms"":true,""period_end"":""2023-01-08"",""period_start"":""2023-01-02"",""product"":""Óleo Diesel S-10 (R$/litro)"",""publication_lag_days"":12,""weighted_average"":true}"
anp.distribution.diesel_s10.br.mean,2023-01-14,2023-01-29T02:59:59Z,2026-08-14T23:52:49Z,5.68678191467,BRL/L,ANP,0,country,BR,Brasil,"{""availability_status"":""assumed_unverified"",""dispersion"":0.20929346885858086,""period_end"":""2023-01-14"",""period_start"":""2023-01-08"",""product"":""ÓLEO DIESEL B S10 - COMUM"",""publication_lag_assumption_days"":14,""revision_warning"":""Source labels observations as preliminary and revisable""}"
anp.producer_importer.diesel_s10.br.weighted_mean,2023-01-15,2023-01-28T02:59:59Z,2026-08-14T23:52:49Z,4.54009,BRL/L,ANP,0,country,BR,Brasil,"{""availability_status"":""official_estimate_in_workbook"",""excludes_icms"":true,""period_end"":""2023-01-15"",""period_start"":""2023-01-09"",""product"":""Óleo Diesel S-10 (R$/litro)"",""publication_lag_days"":12,""weighted_average"":true}"
anp.distribution.diesel_s10.br.mean,2023-01-21,2023-02-05T02:59:59Z,2026-08-14T23:52:49Z,5.63036310113,BRL/L,ANP,0,country,BR,Brasil,"{""availability_status"":""assumed_unverified"",""dispersion"":0.2089863147049434,""period_end"":""2023-01-21"",""period_start"":""2023-01-15"",""product"":""ÓLEO DIESEL B S10 - COMUM"",""publication_lag_assumption_days"":14,""revision_warning"":""Source labels observations as preliminary and revisable""}"
anp.producer_importer.diesel_s10.br.weighted_mean,2023-01-22,2023-02-04T02:59:59Z,2026-08-14T23:52:49Z,4.51869,BRL/L,ANP,0,country,BR,Brasil,"{""availability_status"":""official_estimate_in_workbook"",""excludes_icms"":true,""period_end"":""2023-01-22"",""period_start"":""2023-01-16"",""product"":""Óleo Diesel S-10 (R$/litro)"",""publication_lag_days"":12,""weighted_average"":true}"
anp.distribution.diesel_s10.br.mean,2023-01-28,2023-02-12T02:59:59Z,2026-08-14T23:52:49Z,5.63151137964,BRL/L,ANP,0,country,BR,Brasil,"{""availability_status"":""assumed_unverified"",""dispersion"":0.18851373089482276,""period_end"":""2023-01-28"",""period_start"":""2023-01-22"",""product"":""ÓLEO DIESEL B S10 - COMUM"",""publication_lag_assumption_days"":14,""revision_warning"":""Source labels observations as preliminary and revisable""}"
anp.producer_importer.diesel_s10.br.weighted_mean,2023-01-29,2023-02-11T02:59:59Z,2026-08-14T23:52:49Z,4.48921,BRL/L,ANP,0,country,BR,Brasil,"{""availability_status"":""official_estimate_in_workbook"",""excludes_icms"":true,""period_end"":""2023-01-29"",""period_start"":""2023-01-23"",""product"":""Óleo Diesel S-10 (R$/litro)"",""publication_lag_days"":12,""weighted_average"":true}"
anp.distribution.diesel_s10.br.mean,2023-02-04,2023-02-19T02:59:59Z,2026-08-14T23:52:49Z,5.61829995603,BRL/L,ANP,0,country,BR,Brasil,"{""availability_status"":""assumed_unverified"",""dispersion"":0.1553095908584743,""period_end"":""2023-02-04"",""period_start"":""2023-01-29"",""product"":""ÓLEO DIESEL B S10 - COMUM"",""publication_lag_assumption_days"":14,""revision_warning"":""Source labels observations as preliminary and revisable""}"
anp.producer_importer.diesel_s10.br.weighted_mean,2023-02-05,2023-02-18T02:59:59Z,2026-08-14T23:52:49Z,4.52932,BRL/L,ANP,0,country,BR,Brasil,"{""availability_status"":""official_estimate_in_workbook"",""excludes_icms"":true,""period_end"":""2023-02-05"",""period_start"":""2023-01-30"",""product"":""Óleo Diesel S-10 (R$/litro)"",""publication_lag_days"":12,""weighted_average"":true}"
anp.distribution.diesel_s10.br.mean,2023-02-11,2023-02-26T02:59:59Z,2026-08-14T23:52:49Z,5.33985786034,BRL/L,ANP,0,country,BR,Brasil,"{""availability_status"":""assumed_unverified"",""dispersion"":0.22078098000729857,""period_end"":""2023-02-11"",""period_start"":""2023-02-05"",""product"":""ÓLEO DIESEL B S10 - COMUM"",""publication_lag_assumption_days"":14,""revision_warning"":""Source labels observations as preliminary and revisable""}"
anp.producer_importer.diesel_s10.br.weighted_mean,2023-02-12,2023-02-25T02:59:59Z,2026-08-14T23:52:49Z,4.25148,BRL/L,ANP,0,country,BR,Brasil,"{""availability_status"":""official_estimate_in_workbook"",""excludes_icms"":true,""period_end"":""2023-02-12"",""period_start"":""2023-02-06"",""product"":""Óleo Diesel S-10 (R$/litro)"",""publication_lag_days"":12,""weighted_average"":true}"
anp.distribution.diesel_s10.br.mean,2023-02-18,2023-03-05T02:59:59Z,2026-08-14T23:52:49Z,5.23388400058,BRL/L,ANP,0,country,BR,Brasil,"{""availability_status"":""assumed_unverified"",""dispersion"":0.1708866829776351,""period_end"":""2023-02-18"",""period_start"":""2023-02-12"",""product"":""ÓLEO DIESEL B S10 - COMUM"",""publication_lag_assumption_days"":14,""revision_warning"":""Source labels observations as preliminary and revisable""}"
anp.producer_importer.diesel_s10.br.weighted_mean,2023-02-19,2023-03-04T02:59:59Z,2026-08-14T23:52:49Z,4.14229,BRL/L,ANP,0,country,BR,Brasil,"{""availability_status"":""official_estimate_in_workbook"",""excludes_icms"":true,""period_end"":""2023-02-19"",""period_start"":""2023-02-13"",""product"":""Óleo Diesel S-10 (R$/litro)"",""publication_lag_days"":12,""weighted_average"":true}"
anp.distribution.diesel_s10.br.mean,2023-02-25,2023-03-12T02:59:59Z,2026-08-14T23:52:49Z,5.22805706608,BRL/L,ANP,0,country,BR,Brasil,"{""availability_status"":""assumed_unverified"",""dispersion"":0.16515493500181858,""period_end"":""2023-02-25"",""period_start"":""2023-02-19"",""product"":""ÓLEO DIESEL B S10 - COMUM"",""publication_lag_assumption_days"":14,""revision_warning"":""Source labels observations as preliminary and revisable""}"
anp.producer_importer.diesel_s10.br.weighted_mean,2023-02-26,2023-03-11T02:59:59Z,2026-08-14T23:52:49Z,4.11055,BRL/L,ANP,0,country,BR,Brasil,"{""availability_status"":""official_estimate_in_workbook"",""excludes_icms"":true,""period_end"":""2023-02-26"",""period_start"":""2023-02-20"",""product"":""Óleo Diesel S-10 (R$/litro)"",""publication_lag_days"":12,""weighted_average"":true}"
anp.distribution.diesel_s10.br.mean,2023-03-04,2023-03-19T02:59:59Z,2026-08-14T23:52:49Z,5.22192252244,BRL/L,ANP,0,country,BR,Brasil,"{""availability_status"":""assumed_unverified"",""dispersion"":0.162616468812814,""period_end"":""2023-03-04"",""period_start"":""2023-02-26"",""product"":""ÓLEO DIESEL B S10 - COMUM"",""publication_lag_assumption_days"":14,""revision_warning"":""Source labels observations as preliminary and revisable""}"
anp.producer_importer.diesel_s10.br.weighted_mean,2023-03-05,2023-03-18T02:59:59Z,2026-08-14T23:52:49Z,4.06944,BRL/L,ANP,0,country,BR,Brasil,"{""availability_status"":""official_estimate_in_workbook"",""excludes_icms"":true,""period_end"":""2023-03-05"",""period_start"":""2023-02-27"",""product"":""Óleo Diesel S-10 (R$/litro)"",""publication_lag_days"":12,""weighted_average"":true}"
anp.distribution.diesel_s10.br.mean,2023-03-11,2023-03-26T02:59:59Z,2026-08-14T23:52:49Z,5.21077420973,BRL/L,ANP,0,country,BR,Brasil,"{""availability_status"":""assumed_unverified"",""dispersion"":0.16908897711173915,""period_end"":""2023-03-11"",""period_start"":""2023-03-05"",""product"":""ÓLEO DIESEL B S10 - COMUM"",""publication_lag_assumption_days"":14,""revision_warning"":""Source labels observations as preliminary and revisable""}"
anp.producer_importer.diesel_s10.br.weighted_mean,2023-03-12,2023-03-25T02:59:59Z,2026-08-14T23:52:49Z,4.03879,BRL/L,ANP,0,country,BR,Brasil,"{""availability_status"":""official_estimate_in_workbook"",""excludes_icms"":true,""period_end"":""2023-03-12"",""period_start"":""2023-03-06"",""product"":""Óleo Diesel S-10 (R$/litro)"",""publication_lag_days"":12,""weighted_average"":true}"
anp.distribution.diesel_s10.br.mean,2023-03-18,2023-04-02T02:59:59Z,2026-08-14T23:52:49Z,5.18553452003,BRL/L,ANP,0,country,BR,Brasil,"{""availability_status"":""assumed_unverified"",""dispersion"":0.16790815945794962,""period_end"":""2023-03-18"",""period_start"":""2023-03-12"",""product"":""ÓLEO DIESEL B S10 - COMUM"",""publication_lag_assumption_days"":14,""revision_warning"":""Source labels observations as preliminary and revisable""}"
anp.producer_importer.diesel_s10.br.weighted_mean,2023-03-19,2023-04-01T02:59:59Z,2026-08-14T23:52:49Z,4.02433,BRL/L,ANP,0,country,BR,Brasil,"{""availability_status"":""official_estimate_in_workbook"",""excludes_icms"":true,""period_end"":""2023-03-19"",""period_start"":""2023-03-13"",""product"":""Óleo Diesel S-10 (R$/litro)"",""publication_lag_days"":12,""weighted_average"":true}"
anp.distribution.diesel_s10.br.mean,2023-03-25,2023-04-09T02:59:59Z,2026-08-14T23:52:49Z,5.10746561972,BRL/L,ANP,0,country,BR,Brasil,"{""availability_status"":""assumed_unverified"",""dispersion"":0.17509659340847572,""period_end"":""2023-03-25"",""period_start"":""2023-03-19"",""product"":""ÓLEO DIESEL B S10 - COMUM"",""publication_lag_assumption_days"":14,""revision_warning"":""Source labels observations as preliminary and revisable""}"
anp.producer_importer.diesel_s10.br.weighted_mean,2023-03-26,2023-04-08T02:59:59Z,2026-08-14T23:52:49Z,3.94512,BRL/L,ANP,0,country,BR,Brasil,"{""availability_status"":""official_estimate_in_workbook"",""excludes_icms"":true,""period_end"":""2023-03-26"",""period_start"":""2023-03-20"",""product"":""Óleo Diesel S-10 (R$/litro)"",""publication_lag_days"":12,""weighted_average"":true}"
anp.distribution.diesel_s10.br.mean,2023-04-01,2023-04-16T02:59:59Z,2026-08-14T23:52:49Z,5.05042184813,BRL/L,ANP,0,country,BR,Brasil,"{""availability_status"":""assumed_unverified"",""dispersion"":0.16062223072578827,""period_end"":""2023-04-01"",""period_start"":""2023-03-26"",""product"":""ÓLEO DIESEL B S10 - COMUM"",""publication_lag_assumption_days"":14,""revision_warning"":""Source labels observations as preliminary and revisable""}"
anp.producer_importer.diesel_s10.br.weighted_mean,2023-04-02,2023-04-15T02:59:59Z,2026-08-14T23:52:49Z,3.86961,BRL/L,ANP,0,country,BR,Brasil,"{""availability_status"":""official_estimate_in_workbook"",""excludes_icms"":true,""period_end"":""2023-04-02"",""period_start"":""2023-03-27"",""product"":""Óleo Diesel S-10 (R$/litro)"",""publication_lag_days"":12,""weighted_average"":true}"
anp.distribution.diesel_s10.br.mean,2023-04-08,2023-04-23T02:59:59Z,2026-08-14T23:52:49Z,5.08332477348,BRL/L,ANP,0,country,BR,Brasil,"{""availability_status"":""assumed_unverified"",""dispersion"":0.16071918043304637,""period_end"":""2023-04-08"",""period_start"":""2023-04-02"",""product"":""ÓLEO DIESEL B S10 - COMUM"",""publication_lag_assumption_days"":14,""revision_warning"":""Source labels observations as preliminary and revisable""}"
anp.producer_importer.diesel_s10.br.weighted_mean,2023-04-09,2023-04-22T02:59:59Z,2026-08-14T23:52:49Z,3.86823,BRL/L,ANP,0,country,BR,Brasil,"{""availability_status"":""official_estimate_in_workbook"",""excludes_icms"":true,""period_end"":""2023-04-09"",""period_start"":""2023-04-03"",""product"":""Óleo Diesel S-10 (R$/litro)"",""publication_lag_days"":12,""weighted_average"":true}"
anp.distribution.diesel_s10.br.mean,2023-04-15,2023-04-30T02:59:59Z,2026-08-14T23:52:49Z,5.04393015725,BRL/L,ANP,0,country,BR,Brasil,"{""availability_status"":""assumed_unverified"",""dispersion"":0.15987013596307975,""period_end"":""2023-04-15"",""period_start"":""2023-04-09"",""product"":""ÓLEO DIESEL B S10 - COMUM"",""publication_lag_assumption_days"":14,""revision_warning"":""Source labels observations as preliminary and revisable""}"
anp.producer_importer.diesel_s10.br.weighted_mean,2023-04-16,2023-04-29T02:59:59Z,2026-08-14T23:52:49Z,3.82074,BRL/L,ANP,0,country,BR,Brasil,"{""availability_status"":""official_estimate_in_workbook"",""excludes_icms"":true,""period_end"":""2023-04-16"",""period_start"":""2023-04-10"",""product"":""Óleo Diesel S-10 (R$/litro)"",""publication_lag_days"":12,""weighted_average"":true}"
anp.distribution.diesel_s10.br.mean,2023-04-22,2023-05-07T02:59:59Z,2026-08-14T23:52:49Z,5.00115794184,BRL/L,ANP,0,country,BR,Brasil,"{""availability_status"":""assumed_unverified"",""dispersion"":0.16552045803685275,""period_end"":""2023-04-22"",""period_start"":""2023-04-16"",""product"":""ÓLEO DIESEL B S10 - COMUM"",""publication_lag_assumption_days"":14,""revision_warning"":""Source labels observations as preliminary and revisable""}"
anp.producer_importer.diesel_s10.br.weighted_mean,2023-04-23,2023-05-06T02:59:59Z,2026-08-14T23:52:49Z,3.78927,BRL/L,ANP,0,country,BR,Brasil,"{""availability_status"":""official_estimate_in_workbook"",""excludes_icms"":true,""period_end"":""2023-04-23"",""period_start"":""2023-04-17"",""product"":""Óleo Diesel S-10 (R$/litro)"",""publication_lag_days"":12,""weighted_average"":true}"
anp.distribution.diesel_s10.br.mean,2023-04-29,2023-05-14T02:59:59Z,2026-08-14T23:52:49Z,4.91805202673,BRL/L,ANP,0,country,BR,Brasil,"{""availability_status"":""assumed_unverified"",""dispersion"":0.17421036230127374,""period_end"":""2023-04-29"",""period_start"":""2023-04-23"",""product"":""ÓLEO DIESEL B S10 - COMUM"",""publication_lag_assumption_days"":14,""revision_warning"":""Source labels observations as preliminary and revisable""}"
anp.producer_importer.diesel_s10.br.weighted_mean,2023-04-30,2023-05-13T02:59:59Z,2026-08-14T23:52:49Z,3.69374,BRL/L,ANP,0,country,BR,Brasil,"{""availability_status"":""official_estimate_in_workbook"",""excludes_icms"":true,""period_end"":""2023-04-30"",""period_start"":""2023-04-24"",""product"":""Óleo Diesel S-10 (R$/litro)"",""publication_lag_days"":12,""weighted_average"":true}"
anp.distribution.diesel_s10.br.mean,2023-05-06,2023-05-21T02:59:59Z,2026-08-14T23:52:49Z,4.76003711658,BRL/L,ANP,0,country,BR,Brasil,"{""availability_status"":""assumed_unverified"",""dispersion"":0.14171031526724553,""period_end"":""2023-05-06"",""period_start"":""2023-04-30"",""product"":""ÓLEO DIESEL B S10 - COMUM"",""publication_lag_assumption_days"":14,""revision_warning"":""Source labels observations as preliminary and revisable""}"
anp.producer_importer.diesel_s10.br.weighted_mean,2023-05-07,2023-05-20T02:59:59Z,2026-08-14T23:52:49Z,3.52349,BRL/L,ANP,0,country,BR,Brasil,"{""availability_status"":""official_estimate_in_workbook"",""excludes_icms"":true,""period_end"":""2023-05-07"",""period_start"":""2023-05-01"",""product"":""Óleo Diesel S-10 (R$/litro)"",""publication_lag_days"":12,""weighted_average"":true}"
anp.distribution.diesel_s10.br.mean,2023-05-13,2023-05-28T02:59:59Z,2026-08-14T23:52:49Z,4.69532670398,BRL/L,ANP,0,country,BR,Brasil,"{""availability_status"":""assumed_unverified"",""dispersion"":0.14085181338712094,""period_end"":""2023-05-13"",""period_start"":""2023-05-07"",""product"":""ÓLEO DIESEL B S10 - COMUM"",""publication_lag_assumption_days"":14,""revision_warning"":""Source labels observations as preliminary and revisable""}"
anp.producer_importer.diesel_s10.br.weighted_mean,2023-05-14,2023-05-27T02:59:59Z,2026-08-14T23:52:49Z,3.4723,BRL/L,ANP,0,country,BR,Brasil,"{""availability_status"":""official_estimate_in_workbook"",""excludes_icms"":true,""period_end"":""2023-05-14"",""period_start"":""2023-05-08"",""product"":""Óleo Diesel S-10 (R$/litro)"",""publication_lag_days"":12,""weighted_average"":true}"
anp.distribution.diesel_s10.br.mean,2023-05-20,2023-06-04T02:59:59Z,2026-08-14T23:52:49Z,4.51331361006,BRL/L,ANP,0,country,BR,Brasil,"{""availability_status"":""assumed_unverified"",""dispersion"":0.15097091053780048,""period_end"":""2023-05-20"",""period_start"":""2023-05-14"",""product"":""ÓLEO DIESEL B S10 - COMUM"",""publication_lag_assumption_days"":14,""revision_warning"":""Source labels observations as preliminary and revisable""}"
anp.producer_importer.diesel_s10.br.weighted_mean,2023-05-21,2023-06-03T02:59:59Z,2026-08-14T23:52:49Z,3.19092,BRL/L,ANP,0,country,BR,Brasil,"{""availability_status"":""official_estimate_in_workbook"",""excludes_icms"":true,""period_end"":""2023-05-21"",""period_start"":""2023-05-15"",""product"":""Óleo Diesel S-10 (R$/litro)"",""publication_lag_days"":12,""weighted_average"":true}"
anp.distribution.diesel_s10.br.mean,2023-05-27,2023-06-11T02:59:59Z,2026-08-14T23:52:49Z,4.40761984036,BRL/L,ANP,0,country,BR,Brasil,"{""availability_status"":""assumed_unverified"",""dispersion"":0.11515909203935266,""period_end"":""2023-05-27"",""period_start"":""2023-05-21"",""product"":""ÓLEO DIESEL B S10 - COMUM"",""publication_lag_assumption_days"":14,""revision_warning"":""Source labels observations as preliminary and revisable""}"
anp.producer_importer.diesel_s10.br.weighted_mean,2023-05-28,2023-06-10T02:59:59Z,2026-08-14T23:52:49Z,3.09199,BRL/L,ANP,0,country,BR,Brasil,"{""availability_status"":""official_estimate_in_workbook"",""excludes_icms"":true,""period_end"":""2023-05-28"",""period_start"":""2023-05-22"",""product"":""Óleo Diesel S-10 (R$/litro)"",""publication_lag_days"":12,""weighted_average"":true}"
anp.distribution.diesel_s10.br.mean,2023-06-03,2023-06-18T02:59:59Z,2026-08-14T23:52:49Z,4.39250067373,BRL/L,ANP,0,country,BR,Brasil,"{""availability_status"":""assumed_unverified"",""dispersion"":0.11371621106396364,""period_end"":""2023-06-03"",""period_start"":""2023-05-28"",""product"":""ÓLEO DIESEL B S10 - COMUM"",""publication_lag_assumption_days"":14,""revision_warning"":""Source labels observations as preliminary and revisable""}"
anp.producer_importer.diesel_s10.br.weighted_mean,2023-06-04,2023-06-17T02:59:59Z,2026-08-14T23:52:49Z,3.08921,BRL/L,ANP,0,country,BR,Brasil,"{""availability_status"":""official_estimate_in_workbook"",""excludes_icms"":true,""period_end"":""2023-06-04"",""period_start"":""2023-05-29"",""product"":""Óleo Diesel S-10 (R$/litro)"",""publication_lag_days"":12,""weighted_average"":true}"
anp.distribution.diesel_s10.br.mean,2023-06-10,2023-06-25T02:59:59Z,2026-08-14T23:52:49Z,4.37812716536,BRL/L,ANP,0,country,BR,Brasil,"{""availability_status"":""assumed_unverified"",""dispersion"":0.11882896752315705,""period_end"":""2023-06-10"",""period_start"":""2023-06-04"",""product"":""ÓLEO DIESEL B S10 - COMUM"",""publication_lag_assumption_days"":14,""revision_warning"":""Source labels observations as preliminary and revisable""}"
anp.producer_importer.diesel_s10.br.weighted_mean,2023-06-11,2023-06-24T02:59:59Z,2026-08-14T23:52:49Z,3.07214,BRL/L,ANP,0,country,BR,Brasil,"{""availability_status"":""official_estimate_in_workbook"",""excludes_icms"":true,""period_end"":""2023-06-11"",""period_start"":""2023-06-05"",""product"":""Óleo Diesel S-10 (R$/litro)"",""publication_lag_days"":12,""weighted_average"":true}"
anp.distribution.diesel_s10.br.mean,2023-06-17,2023-07-02T02:59:59Z,2026-08-14T23:52:49Z,4.35679616167,BRL/L,ANP,0,country,BR,Brasil,"{""availability_status"":""assumed_unverified"",""dispersion"":0.11587861360236319,""period_end"":""2023-06-17"",""period_start"":""2023-06-11"",""product"":""ÓLEO DIESEL B S10 - COMUM"",""publication_lag_assumption_days"":14,""revision_warning"":""Source labels observations as preliminary and revisable""}"
anp.producer_importer.diesel_s10.br.weighted_mean,2023-06-18,2023-07-01T02:59:59Z,2026-08-14T23:52:49Z,3.04415,BRL/L,ANP,0,country,BR,Brasil,"{""availability_status"":""official_estimate_in_workbook"",""excludes_icms"":true,""period_end"":""2023-06-18"",""period_start"":""2023-06-12"",""product"":""Óleo Diesel S-10 (R$/litro)"",""publication_lag_days"":12,""weighted_average"":true}"
anp.distribution.diesel_s10.br.mean,2023-06-24,2023-07-09T02:59:59Z,2026-08-14T23:52:49Z,4.34922033699,BRL/L,ANP,0,country,BR,Brasil,"{""availability_status"":""assumed_unverified"",""dispersion"":0.11632764497676411,""period_end"":""2023-06-24"",""period_start"":""2023-06-18"",""product"":""ÓLEO DIESEL B S10 - COMUM"",""publication_lag_assumption_days"":14,""revision_warning"":""Source labels observations as preliminary and revisable""}"
anp.producer_importer.diesel_s10.br.weighted_mean,2023-06-25,2023-07-08T02:59:59Z,2026-08-14T23:52:49Z,3.07289,BRL/L,ANP,0,country,BR,Brasil,"{""availability_status"":""official_estimate_in_workbook"",""excludes_icms"":true,""period_end"":""2023-06-25"",""period_start"":""2023-06-19"",""product"":""Óleo Diesel S-10 (R$/litro)"",""publication_lag_days"":12,""weighted_average"":true}"
anp.distribution.diesel_s10.br.mean,2023-07-01,2023-07-16T02:59:59Z,2026-08-14T23:52:49Z,4.35010099521,BRL/L,ANP,0,country,BR,Brasil,"{""availability_status"":""assumed_unverified"",""dispersion"":0.11364846042747798,""period_end"":""2023-07-01"",""period_start"":""2023-06-25"",""product"":""ÓLEO DIESEL B S10 - COMUM"",""publication_lag_assumption_days"":14,""revision_warning"":""Source labels observations as preliminary and revisable""}"
anp.producer_importer.diesel_s10.br.weighted_mean,2023-07-02,2023-07-15T02:59:59Z,2026-08-14T23:52:49Z,3.06476,BRL/L,ANP,0,country,BR,Brasil,"{""availability_status"":""official_estimate_in_workbook"",""excludes_icms"":true,""period_end"":""2023-07-02"",""period_start"":""2023-06-26"",""product"":""Óleo Diesel S-10 (R$/litro)"",""publication_lag_days"":12,""weighted_average"":true}"
anp.distribution.diesel_s10.br.mean,2023-07-08,2023-07-23T02:59:59Z,2026-08-14T23:52:49Z,4.34647661502,BRL/L,ANP,0,country,BR,Brasil,"{""availability_status"":""assumed_unverified"",""dispersion"":0.11139339875016357,""period_end"":""2023-07-08"",""period_start"":""2023-07-02"",""product"":""ÓLEO DIESEL B S10 - COMUM"",""publication_lag_assumption_days"":14,""revision_warning"":""Source labels observations as preliminary and revisable""}"
anp.producer_importer.diesel_s10.br.weighted_mean,2023-07-09,2023-07-22T02:59:59Z,2026-08-14T23:52:49Z,3.09324,BRL/L,ANP,0,country,BR,Brasil,"{""availability_status"":""official_estimate_in_workbook"",""excludes_icms"":true,""period_end"":""2023-07-09"",""period_start"":""2023-07-03"",""product"":""Óleo Diesel S-10 (R$/litro)"",""publication_lag_days"":12,""weighted_average"":true}"
anp.distribution.diesel_s10.br.mean,2023-07-15,2023-07-30T02:59:59Z,2026-08-14T23:52:49Z,4.35091571215,BRL/L,ANP,0,country,BR,Brasil,"{""availability_status"":""assumed_unverified"",""dispersion"":0.11279700829023681,""period_end"":""2023-07-15"",""period_start"":""2023-07-09"",""product"":""ÓLEO DIESEL B S10 - COMUM"",""publication_lag_assumption_days"":14,""revision_warning"":""Source labels observations as preliminary and revisable""}"
anp.producer_importer.diesel_s10.br.weighted_mean,2023-07-16,2023-07-29T02:59:59Z,2026-08-14T23:52:49Z,3.10814,BRL/L,ANP,0,country,BR,Brasil,"{""availability_status"":""official_estimate_in_workbook"",""excludes_icms"":true,""period_end"":""2023-07-16"",""period_start"":""2023-07-10"",""product"":""Óleo Diesel S-10 (R$/litro)"",""publication_lag_days"":12,""weighted_average"":true}"
anp.distribution.diesel_s10.br.mean,2023-07-22,2023-08-06T02:59:59Z,2026-08-14T23:52:49Z,4.36873355991,BRL/L,ANP,0,country,BR,Brasil,"{""availability_status"":""assumed_unverified"",""dispersion"":0.11879705703952112,""period_end"":""2023-07-22"",""period_start"":""2023-07-16"",""product"":""ÓLEO DIESEL B S10 - COMUM"",""publication_lag_assumption_days"":14,""revision_warning"":""Source labels observations as preliminary and revisable""}"
anp.producer_importer.diesel_s10.br.weighted_mean,2023-07-23,2023-08-05T02:59:59Z,2026-08-14T23:52:49Z,3.08853,BRL/L,ANP,0,country,BR,Brasil,"{""availability_status"":""official_estimate_in_workbook"",""excludes_icms"":true,""period_end"":""2023-07-23"",""period_start"":""2023-07-17"",""product"":""Óleo Diesel S-10 (R$/litro)"",""publication_lag_days"":12,""weighted_average"":true}"
anp.distribution.diesel_s10.br.mean,2023-07-29,2023-08-13T02:59:59Z,2026-08-14T23:52:49Z,4.3905676477,BRL/L,ANP,0,country,BR,Brasil,"{""availability_status"":""assumed_unverified"",""dispersion"":0.11579991480192314,""period_end"":""2023-07-29"",""period_start"":""2023-07-23"",""product"":""ÓLEO DIESEL B S10 - COMUM"",""publication_lag_assumption_days"":14,""revision_warning"":""Source labels observations as preliminary and revisable""}"
anp.producer_importer.diesel_s10.br.weighted_mean,2023-07-30,2023-08-12T02:59:59Z,2026-08-14T23:52:49Z,3.08497,BRL/L,ANP,0,country,BR,Brasil,"{""availability_status"":""official_estimate_in_workbook"",""excludes_icms"":true,""period_end"":""2023-07-30"",""period_start"":""2023-07-24"",""product"":""Óleo Diesel S-10 (R$/litro)"",""publication_lag_days"":12,""weighted_average"":true}"
anp.distribution.diesel_s10.br.mean,2023-08-05,2023-08-20T02:59:59Z,2026-08-14T23:52:49Z,4.45402233948,BRL/L,ANP,0,country,BR,Brasil,"{""availability_status"":""assumed_unverified"",""dispersion"":0.12799231172800302,""period_end"":""2023-08-05"",""period_start"":""2023-07-30"",""product"":""ÓLEO DIESEL B S10 - COMUM"",""publication_lag_assumption_days"":14,""revision_warning"":""Source labels observations as preliminary and revisable""}"
anp.producer_importer.diesel_s10.br.weighted_mean,2023-08-06,2023-08-19T02:59:59Z,2026-08-14T23:52:49Z,3.10466,BRL/L,ANP,0,country,BR,Brasil,"{""availability_status"":""official_estimate_in_workbook"",""excludes_icms"":true,""period_end"":""2023-08-06"",""period_start"":""2023-07-31"",""product"":""Óleo Diesel S-10 (R$/litro)"",""publication_lag_days"":12,""weighted_average"":true}"
anp.distribution.diesel_s10.br.mean,2023-08-12,2023-08-27T02:59:59Z,2026-08-14T23:52:49Z,4.59384114635,BRL/L,ANP,0,country,BR,Brasil,"{""availability_status"":""assumed_unverified"",""dispersion"":0.17156745464101575,""period_end"":""2023-08-12"",""period_start"":""2023-08-06"",""product"":""ÓLEO DIESEL B S10 - COMUM"",""publication_lag_assumption_days"":14,""revision_warning"":""Source labels observations as preliminary and revisable""}"
anp.producer_importer.diesel_s10.br.weighted_mean,2023-08-13,2023-08-26T02:59:59Z,2026-08-14T23:52:49Z,3.20484,BRL/L,ANP,0,country,BR,Brasil,"{""availability_status"":""official_estimate_in_workbook"",""excludes_icms"":true,""period_end"":""2023-08-13"",""period_start"":""2023-08-07"",""product"":""Óleo Diesel S-10 (R$/litro)"",""publication_lag_days"":12,""weighted_average"":true}"
anp.distribution.diesel_s10.br.mean,2023-08-19,2023-09-03T02:59:59Z,2026-08-14T23:52:49Z,5.17476988271,BRL/L,ANP,0,country,BR,Brasil,"{""availability_status"":""assumed_unverified"",""dispersion"":0.3297783649185834,""period_end"":""2023-08-19"",""period_start"":""2023-08-13"",""product"":""ÓLEO DIESEL B S10 - COMUM"",""publication_lag_assumption_days"":14,""revision_warning"":""Source labels observations as preliminary and revisable""}"
anp.producer_importer.diesel_s10.br.weighted_mean,2023-08-20,2023-09-02T02:59:59Z,2026-08-14T23:52:49Z,3.70203,BRL/L,ANP,0,country,BR,Brasil,"{""availability_status"":""official_estimate_in_workbook"",""excludes_icms"":true,""period_end"":""2023-08-20"",""period_start"":""2023-08-14"",""product"":""Óleo Diesel S-10 (R$/litro)"",""publication_lag_days"":12,""weighted_average"":true}"
anp.distribution.diesel_s10.br.mean,2023-08-26,2023-09-10T02:59:59Z,2026-08-14T23:52:49Z,5.44719942976,BRL/L,ANP,0,country,BR,Brasil,"{""availability_status"":""assumed_unverified"",""dispersion"":0.17632609046858205,""period_end"":""2023-08-26"",""period_start"":""2023-08-20"",""product"":""ÓLEO DIESEL B S10 - COMUM"",""publication_lag_assumption_days"":14,""revision_warning"":""Source labels observations as preliminary and revisable""}"
anp.producer_importer.diesel_s10.br.weighted_mean,2023-08-27,2023-09-09T02:59:59Z,2026-08-14T23:52:49Z,3.90209,BRL/L,ANP,0,country,BR,Brasil,"{""availability_status"":""official_estimate_in_workbook"",""excludes_icms"":true,""period_end"":""2023-08-27"",""period_start"":""2023-08-21"",""product"":""Óleo Diesel S-10 (R$/litro)"",""publication_lag_days"":12,""weighted_average"":true}"
anp.distribution.diesel_s10.br.mean,2023-09-02,2023-09-17T02:59:59Z,2026-08-14T23:52:49Z,5.46398618222,BRL/L,ANP,0,country,BR,Brasil,"{""availability_status"":""assumed_unverified"",""dispersion"":0.17153697688279032,""period_end"":""2023-09-02"",""period_start"":""2023-08-27"",""product"":""ÓLEO DIESEL B S10 - COMUM"",""publication_lag_assumption_days"":14,""revision_warning"":""Source labels observations as preliminary and revisable""}"
anp.producer_importer.diesel_s10.br.weighted_mean,2023-09-03,2023-09-16T02:59:59Z,2026-08-14T23:52:49Z,3.88674,BRL/L,ANP,0,country,BR,Brasil,"{""availability_status"":""official_estimate_in_workbook"",""excludes_icms"":true,""period_end"":""2023-09-03"",""period_start"":""2023-08-28"",""product"":""Óleo Diesel S-10 (R$/litro)"",""publication_lag_days"":12,""weighted_average"":true}"
anp.distribution.diesel_s10.br.mean,2023-09-09,2023-09-24T02:59:59Z,2026-08-14T23:52:49Z,5.54732748098,BRL/L,ANP,0,country,BR,Brasil,"{""availability_status"":""assumed_unverified"",""dispersion"":0.1656454445008448,""period_end"":""2023-09-09"",""period_start"":""2023-09-03"",""product"":""ÓLEO DIESEL B S10 - COMUM"",""publication_lag_assumption_days"":14,""revision_warning"":""Source labels observations as preliminary and revisable""}"
anp.producer_importer.diesel_s10.br.weighted_mean,2023-09-10,2023-09-23T02:59:59Z,2026-08-14T23:52:49Z,3.97779,BRL/L,ANP,0,country,BR,Brasil,"{""availability_status"":""official_estimate_in_workbook"",""excludes_icms"":true,""period_end"":""2023-09-10"",""period_start"":""2023-09-04"",""product"":""Óleo Diesel S-10 (R$/litro)"",""publication_lag_days"":12,""weighted_average"":true}"
anp.distribution.diesel_s10.br.mean,2023-09-16,2023-10-01T02:59:59Z,2026-08-14T23:52:49Z,5.57335574026,BRL/L,ANP,0,country,BR,Brasil,"{""availability_status"":""assumed_unverified"",""dispersion"":0.16418158598317803,""period_end"":""2023-09-16"",""period_start"":""2023-09-10"",""product"":""ÓLEO DIESEL B S10 - COMUM"",""publication_lag_assumption_days"":14,""revision_warning"":""Source labels observations as preliminary and revisable""}"
anp.producer_importer.diesel_s10.br.weighted_mean,2023-09-17,2023-09-30T02:59:59Z,2026-08-14T23:52:49Z,4.03285,BRL/L,ANP,0,country,BR,Brasil,"{""availability_status"":""official_estimate_in_workbook"",""excludes_icms"":true,""period_end"":""2023-09-17"",""period_start"":""2023-09-11"",""product"":""Óleo Diesel S-10 (R$/litro)"",""publication_lag_days"":12,""weighted_average"":true}"
anp.distribution.diesel_s10.br.mean,2023-09-23,2023-10-08T02:59:59Z,2026-08-14T23:52:49Z,5.577757859,BRL/L,ANP,0,country,BR,Brasil,"{""availability_status"":""assumed_unverified"",""dispersion"":0.16495907665436155,""period_end"":""2023-09-23"",""period_start"":""2023-09-17"",""product"":""ÓLEO DIESEL B S10 - COMUM"",""publication_lag_assumption_days"":14,""revision_warning"":""Source labels observations as preliminary and revisable""}"
anp.producer_importer.diesel_s10.br.weighted_mean,2023-09-24,2023-10-07T02:59:59Z,2026-08-14T23:52:49Z,4.06372,BRL/L,ANP,0,country,BR,Brasil,"{""availability_status"":""official_estimate_in_workbook"",""excludes_icms"":true,""period_end"":""2023-09-24"",""period_start"":""2023-09-18"",""product"":""Óleo Diesel S-10 (R$/litro)"",""publication_lag_days"":12,""weighted_average"":true}"
anp.distribution.diesel_s10.br.mean,2023-09-30,2023-10-15T02:59:59Z,2026-08-14T23:52:49Z,5.56350607829,BRL/L,ANP,0,country,BR,Brasil,"{""availability_status"":""assumed_unverified"",""dispersion"":0.15954345948246287,""period_end"":""2023-09-30"",""period_start"":""2023-09-24"",""product"":""ÓLEO DIESEL B S10 - COMUM"",""publication_lag_assumption_days"":14,""revision_warning"":""Source labels observations as preliminary and revisable""}"
anp.producer_importer.diesel_s10.br.weighted_mean,2023-10-01,2023-10-14T02:59:59Z,2026-08-14T23:52:49Z,4.11953,BRL/L,ANP,0,country,BR,Brasil,"{""availability_status"":""official_estimate_in_workbook"",""excludes_icms"":true,""period_end"":""2023-10-01"",""period_start"":""2023-09-25"",""product"":""Óleo Diesel S-10 (R$/litro)"",""publication_lag_days"":12,""weighted_average"":true}"
anp.distribution.diesel_s10.br.mean,2023-10-07,2023-10-22T02:59:59Z,2026-08-14T23:52:49Z,5.53339502084,BRL/L,ANP,0,country,BR,Brasil,"{""availability_status"":""assumed_unverified"",""dispersion"":0.16214485542117923,""period_end"":""2023-10-07"",""period_start"":""2023-10-01"",""product"":""ÓLEO DIESEL B S10 - COMUM"",""publication_lag_assumption_days"":14,""revision_warning"":""Source labels observations as preliminary and revisable""}"
anp.producer_importer.diesel_s10.br.weighted_mean,2023-10-08,2023-10-21T02:59:59Z,2026-08-14T23:52:49Z,4.03552,BRL/L,ANP,0,country,BR,Brasil,"{""availability_status"":""official_estimate_in_workbook"",""excludes_icms"":true,""period_end"":""2023-10-08"",""period_start"":""2023-10-02"",""product"":""Óleo Diesel S-10 (R$/litro)"",""publication_lag_days"":12,""weighted_average"":true}"
anp.distribution.diesel_s10.br.mean,2023-10-14,2023-10-29T02:59:59Z,2026-08-14T23:52:49Z,5.46277190107,BRL/L,ANP,0,country,BR,Brasil,"{""availability_status"":""assumed_unverified"",""dispersion"":0.15697175379193032,""period_end"":""2023-10-14"",""period_start"":""2023-10-08"",""product"":""ÓLEO DIESEL B S10 - COMUM"",""publication_lag_assumption_days"":14,""revision_warning"":""Source labels observations as preliminary and revisable""}"
anp.producer_importer.diesel_s10.br.weighted_mean,2023-10-15,2023-10-28T02:59:59Z,2026-08-14T23:52:49Z,3.96719,BRL/L,ANP,0,country,BR,Brasil,"{""availability_status"":""official_estimate_in_workbook"",""excludes_icms"":true,""period_end"":""2023-10-15"",""period_start"":""2023-10-09"",""product"":""Óleo Diesel S-10 (R$/litro)"",""publication_lag_days"":12,""weighted_average"":true}"
anp.distribution.diesel_s10.br.mean,2023-10-21,2023-11-05T02:59:59Z,2026-08-14T23:52:49Z,5.44162370511,BRL/L,ANP,0,country,BR,Brasil,"{""availability_status"":""assumed_unverified"",""dispersion"":0.15759559571234338,""period_end"":""2023-10-21"",""period_start"":""2023-10-15"",""product"":""ÓLEO DIESEL B S10 - COMUM"",""publication_lag_assumption_days"":14,""revision_warning"":""Source labels observations as preliminary and revisable""}"
anp.producer_importer.diesel_s10.br.weighted_mean,2023-10-22,2023-11-04T02:59:59Z,2026-08-14T23:52:49Z,4.00073,BRL/L,ANP,0,country,BR,Brasil,"{""availability_status"":""official_estimate_in_workbook"",""excludes_icms"":true,""period_end"":""2023-10-22"",""period_start"":""2023-10-16"",""product"":""Óleo Diesel S-10 (R$/litro)"",""publication_lag_days"":12,""weighted_average"":true}"
anp.distribution.diesel_s10.br.mean,2023-10-28,2023-11-12T02:59:59Z,2026-08-14T23:52:49Z,5.56126837896,BRL/L,ANP,0,country,BR,Brasil,"{""availability_status"":""assumed_unverified"",""dispersion"":0.1644506447673492,""period_end"":""2023-10-28"",""period_start"":""2023-10-22"",""product"":""ÓLEO DIESEL B S10 - COMUM"",""publication_lag_assumption_days"":14,""revision_warning"":""Source labels observations as preliminary and revisable""}"
anp.producer_importer.diesel_s10.br.weighted_mean,2023-10-29,2023-11-11T02:59:59Z,2026-08-14T23:52:49Z,4.17274,BRL/L,ANP,0,country,BR,Brasil,"{""availability_status"":""official_estimate_in_workbook"",""excludes_icms"":true,""period_end"":""2023-10-29"",""period_start"":""2023-10-23"",""product"":""Óleo Diesel S-10 (R$/litro)"",""publication_lag_days"":12,""weighted_average"":true}"
anp.distribution.diesel_s10.br.mean,2023-11-04,2023-11-19T02:59:59Z,2026-08-14T23:52:49Z,5.52691466081,BRL/L,ANP,0,country,BR,Brasil,"{""availability_status"":""assumed_unverified"",""dispersion"":0.18065781812175477,""period_end"":""2023-11-04"",""period_start"":""2023-10-29"",""product"":""ÓLEO DIESEL B S10 - COMUM"",""publication_lag_assumption_days"":14,""revision_warning"":""Source labels observations as preliminary and revisable""}"
anp.producer_importer.diesel_s10.br.weighted_mean,2023-11-05,2023-11-18T02:59:59Z,2026-08-14T23:52:49Z,4.32693,BRL/L,ANP,0,country,BR,Brasil,"{""availability_status"":""official_estimate_in_workbook"",""excludes_icms"":true,""period_end"":""2023-11-05"",""period_start"":""2023-10-30"",""product"":""Óleo Diesel S-10 (R$/litro)"",""publication_lag_days"":12,""weighted_average"":true}"
anp.distribution.diesel_s10.br.mean,2023-11-11,2023-11-26T02:59:59Z,2026-08-14T23:52:49Z,5.47679359003,BRL/L,ANP,0,country,BR,Brasil,"{""availability_status"":""assumed_unverified"",""dispersion"":0.18645387925917853,""period_end"":""2023-11-11"",""period_start"":""2023-11-05"",""product"":""ÓLEO DIESEL B S10 - COMUM"",""publication_lag_assumption_days"":14,""revision_warning"":""Source labels observations as preliminary and revisable""}"
anp.producer_importer.diesel_s10.br.weighted_mean,2023-11-12,2023-11-25T02:59:59Z,2026-08-14T23:52:49Z,4.22361,BRL/L,ANP,0,country,BR,Brasil,"{""availability_status"":""official_estimate_in_workbook"",""excludes_icms"":true,""period_end"":""2023-11-12"",""period_start"":""2023-11-06"",""product"":""Óleo Diesel S-10 (R$/litro)"",""publication_lag_days"":12,""weighted_average"":true}"
anp.distribution.diesel_s10.br.mean,2023-11-18,2023-12-03T02:59:59Z,2026-08-14T23:52:49Z,5.40793115369,BRL/L,ANP,0,country,BR,Brasil,"{""availability_status"":""assumed_unverified"",""dispersion"":0.17645629724153913,""period_end"":""2023-11-18"",""period_start"":""2023-11-12"",""product"":""ÓLEO DIESEL B S10 - COMUM"",""publication_lag_assumption_days"":14,""revision_warning"":""Source labels observations as preliminary and revisable""}"
anp.producer_importer.diesel_s10.br.weighted_mean,2023-11-19,2023-12-02T02:59:59Z,2026-08-14T23:52:49Z,4.1513,BRL/L,ANP,0,country,BR,Brasil,"{""availability_status"":""official_estimate_in_workbook"",""excludes_icms"":true,""period_end"":""2023-11-19"",""period_start"":""2023-11-13"",""product"":""Óleo Diesel S-10 (R$/litro)"",""publication_lag_days"":12,""weighted_average"":true}"
anp.distribution.diesel_s10.br.mean,2023-11-25,2023-12-10T02:59:59Z,2026-08-14T23:52:49Z,5.36747044936,BRL/L,ANP,0,country,BR,Brasil,"{""availability_status"":""assumed_unverified"",""dispersion"":0.17030078511843327,""period_end"":""2023-11-25"",""period_start"":""2023-11-19"",""product"":""ÓLEO DIESEL B S10 - COMUM"",""publication_lag_assumption_days"":14,""revision_warning"":""Source labels observations as preliminary and revisable""}"
anp.producer_importer.diesel_s10.br.weighted_mean,2023-11-26,2023-12-09T02:59:59Z,2026-08-14T23:52:49Z,4.09628,BRL/L,ANP,0,country,BR,Brasil,"{""availability_status"":""official_estimate_in_workbook"",""excludes_icms"":true,""period_end"":""2023-11-26"",""period_start"":""2023-11-20"",""product"":""Óleo Diesel S-10 (R$/litro)"",""publication_lag_days"":12,""weighted_average"":true}"
anp.distribution.diesel_s10.br.mean,2023-12-02,2023-12-17T02:59:59Z,2026-08-14T23:52:49Z,5.16091967075,BRL/L,ANP,0,country,BR,Brasil,"{""availability_status"":""assumed_unverified"",""dispersion"":0.18874611309817702,""period_end"":""2023-12-02"",""period_start"":""2023-11-26"",""product"":""ÓLEO DIESEL B S10 - COMUM"",""publication_lag_assumption_days"":14,""revision_warning"":""Source labels observations as preliminary and revisable""}"
anp.producer_importer.diesel_s10.br.weighted_mean,2023-12-03,2023-12-16T02:59:59Z,2026-08-14T23:52:49Z,4.05851,BRL/L,ANP,0,country,BR,Brasil,"{""availability_status"":""official_estimate_in_workbook"",""excludes_icms"":true,""period_end"":""2023-12-03"",""period_start"":""2023-11-27"",""product"":""Óleo Diesel S-10 (R$/litro)"",""publication_lag_days"":12,""weighted_average"":true}"
anp.distribution.diesel_s10.br.mean,2023-12-09,2023-12-24T02:59:59Z,2026-08-14T23:52:49Z,5.17373521299,BRL/L,ANP,0,country,BR,Brasil,"{""availability_status"":""assumed_unverified"",""dispersion"":0.18986171954474335,""period_end"":""2023-12-09"",""period_start"":""2023-12-03"",""product"":""ÓLEO DIESEL B S10 - COMUM"",""publication_lag_assumption_days"":14,""revision_warning"":""Source labels observations as preliminary and revisable""}"
anp.producer_importer.diesel_s10.br.weighted_mean,2023-12-10,2023-12-23T02:59:59Z,2026-08-14T23:52:49Z,3.95568,BRL/L,ANP,0,country,BR,Brasil,"{""availability_status"":""official_estimate_in_workbook"",""excludes_icms"":true,""period_end"":""2023-12-10"",""period_start"":""2023-12-04"",""product"":""Óleo Diesel S-10 (R$/litro)"",""publication_lag_days"":12,""weighted_average"":true}"
anp.distribution.diesel_s10.br.mean,2023-12-16,2023-12-31T02:59:59Z,2026-08-14T23:52:49Z,5.18914974564,BRL/L,ANP,0,country,BR,Brasil,"{""availability_status"":""assumed_unverified"",""dispersion"":0.19027481774013227,""period_end"":""2023-12-16"",""period_start"":""2023-12-10"",""product"":""ÓLEO DIESEL B S10 - COMUM"",""publication_lag_assumption_days"":14,""revision_warning"":""Source labels observations as preliminary and revisable""}"
anp.producer_importer.diesel_s10.br.weighted_mean,2023-12-17,2023-12-30T02:59:59Z,2026-08-14T23:52:49Z,3.85769,BRL/L,ANP,0,country,BR,Brasil,"{""availability_status"":""official_estimate_in_workbook"",""excludes_icms"":true,""period_end"":""2023-12-17"",""period_start"":""2023-12-11"",""product"":""Óleo Diesel S-10 (R$/litro)"",""publication_lag_days"":12,""weighted_average"":true}"
anp.distribution.diesel_s10.br.mean,2023-12-23,2024-01-07T02:59:59Z,2026-08-14T23:52:49Z,5.18194477095,BRL/L,ANP,0,country,BR,Brasil,"{""availability_status"":""assumed_unverified"",""dispersion"":0.18314684217145508,""period_end"":""2023-12-23"",""period_start"":""2023-12-17"",""product"":""ÓLEO DIESEL B S10 - COMUM"",""publication_lag_assumption_days"":14,""revision_warning"":""Source labels observations as preliminary and revisable""}"
anp.producer_importer.diesel_s10.br.weighted_mean,2023-12-24,2024-01-06T02:59:59Z,2026-08-14T23:52:49Z,3.84689,BRL/L,ANP,0,country,BR,Brasil,"{""availability_status"":""official_estimate_in_workbook"",""excludes_icms"":true,""period_end"":""2023-12-24"",""period_start"":""2023-12-18"",""product"":""Óleo Diesel S-10 (R$/litro)"",""publication_lag_days"":12,""weighted_average"":true}"
anp.distribution.diesel_s10.br.mean,2023-12-30,2024-01-14T02:59:59Z,2026-08-14T23:52:49Z,5.17963720614,BRL/L,ANP,0,country,BR,Brasil,"{""availability_status"":""assumed_unverified"",""dispersion"":0.18244475025407395,""period_end"":""2023-12-30"",""period_start"":""2023-12-24"",""product"":""ÓLEO DIESEL B S10 - COMUM"",""publication_lag_assumption_days"":14,""revision_warning"":""Source labels observations as preliminary and revisable""}"
anp.producer_importer.diesel_s10.br.weighted_mean,2023-12-31,2024-01-13T02:59:59Z,2026-08-14T23:52:49Z,3.93145,BRL/L,ANP,0,country,BR,Brasil,"{""availability_status"":""official_estimate_in_workbook"",""excludes_icms"":true,""period_end"":""2023-12-31"",""period_start"":""2023-12-25"",""product"":""Óleo Diesel S-10 (R$/litro)"",""publication_lag_days"":12,""weighted_average"":true}"
anp.distribution.diesel_s10.br.mean,2024-01-06,2024-01-21T02:59:59Z,2026-08-14T23:52:49Z,5.09781738655,BRL/L,ANP,0,country,BR,Brasil,"{""availability_status"":""assumed_unverified"",""dispersion"":0.15580882498064208,""period_end"":""2024-01-06"",""period_start"":""2023-12-31"",""product"":""ÓLEO DIESEL B S10 - COMUM"",""publication_lag_assumption_days"":14,""revision_warning"":""Source labels observations as preliminary and revisable""}"
anp.diesel_s10.revenda.br.mean,2024-01-07,2024-01-16T02:59:59Z,2026-08-14T23:52:49Z,6.01882793765,BRL/L,ANP,0,country,BR,Brasil,"{""aggregation"":""station-day median, then unweighted national mean"",""availability_basis"":""conservative_lag_proxy"",""number_of_municipalities"":445,""number_of_states"":27,""number_of_station_days"":3336,""number_of_stations"":3336,""product"":""DIESEL S10"",""publication_lag_assumption_days"":8,""published_at"":null,""week_convention"":""W-SUN""}"
anp.producer_importer.diesel_s10.br.weighted_mean,2024-01-07,2024-01-20T02:59:59Z,2026-08-14T23:52:49Z,3.92847,BRL/L,ANP,0,country,BR,Brasil,"{""availability_status"":""official_estimate_in_workbook"",""excludes_icms"":true,""period_end"":""2024-01-07"",""period_start"":""2024-01-01"",""product"":""Óleo Diesel S-10 (R$/litro)"",""publication_lag_days"":12,""weighted_average"":true}"
bcb.usd_brl.ptax.sell.weekly_last,2024-01-07,2024-01-09T02:59:59Z,2026-08-14T23:52:49Z,4.8899,BRL/USD,BCB,0,country,BR,Brasil,"{""aggregation"":""last business-day observation in W-SUN week"",""daily_observations"":4,""publication_lag_assumption_days"":1,""week_convention"":""W-SUN""}"
eia.brent.rbrte.weekly_last,2024-01-07,2024-01-11T02:59:59Z,2026-08-14T23:52:49Z,78.31,USD/bbl,EIA,0,global,GLOBAL,Global,"{""aggregation"":""last business-day observation in W-SUN week"",""daily_observations"":4,""publication_lag_assumption_days"":3,""series"":""RBRTE"",""week_convention"":""W-SUN""}"
anp.distribution.diesel_s10.br.mean,2024-01-13,2024-01-28T02:59:59Z,2026-08-14T23:52:49Z,5.10794803424,BRL/L,ANP,0,country,BR,Brasil,"{""availability_status"":""assumed_unverified"",""dispersion"":0.1531480005494825,""period_end"":""2024-01-13"",""period_start"":""2024-01-07"",""product"":""ÓLEO DIESEL B S10 - COMUM"",""publication_lag_assumption_days"":14,""revision_warning"":""Source labels observations as preliminary and revisable""}"
anp.diesel_s10.revenda.br.mean,2024-01-14,2024-01-23T02:59:59Z,2026-08-14T23:52:49Z,6.02524300442,BRL/L,ANP,0,country,BR,Brasil,"{""aggregation"":""station-day median, then unweighted national mean"",""availability_basis"":""conservative_lag_proxy"",""number_of_municipalities"":446,""number_of_states"":27,""number_of_station_days"":3395,""number_of_stations"":3395,""product"":""DIESEL S10"",""publication_lag_assumption_days"":8,""published_at"":null,""week_convention"":""W-SUN""}"
anp.producer_importer.diesel_s10.br.weighted_mean,2024-01-14,2024-01-27T02:59:59Z,2026-08-14T23:52:49Z,3.89091,BRL/L,ANP,0,country,BR,Brasil,"{""availability_status"":""official_estimate_in_workbook"",""excludes_icms"":true,""period_end"":""2024-01-14"",""period_start"":""2024-01-08"",""product"":""Óleo Diesel S-10 (R$/litro)"",""publication_lag_days"":12,""weighted_average"":true}"
bcb.usd_brl.ptax.sell.weekly_last,2024-01-14,2024-01-16T02:59:59Z,2026-08-14T23:52:49Z,4.8543,BRL/USD,BCB,0,country,BR,Brasil,"{""aggregation"":""last business-day observation in W-SUN week"",""daily_observations"":5,""publication_lag_assumption_days"":1,""week_convention"":""W-SUN""}"
eia.brent.rbrte.weekly_last,2024-01-14,2024-01-18T02:59:59Z,2026-08-14T23:52:49Z,79.89,USD/bbl,EIA,0,global,GLOBAL,Global,"{""aggregation"":""last business-day observation in W-SUN week"",""daily_observations"":5,""publication_lag_assumption_days"":3,""series"":""RBRTE"",""week_convention"":""W-SUN""}"
anp.distribution.diesel_s10.br.mean,2024-01-20,2024-02-04T02:59:59Z,2026-08-14T23:52:49Z,5.11915448973,BRL/L,ANP,0,country,BR,Brasil,"{""availability_status"":""assumed_unverified"",""dispersion"":0.1503709802213113,""period_end"":""2024-01-20"",""period_start"":""2024-01-14"",""product"":""ÓLEO DIESEL B S10 - COMUM"",""publication_lag_assumption_days"":14,""revision_warning"":""Source labels observations as preliminary and revisable""}"
anp.diesel_s10.revenda.br.mean,2024-01-21,2024-01-30T02:59:59Z,2026-08-14T23:52:49Z,5.99103256087,BRL/L,ANP,0,country,BR,Brasil,"{""aggregation"":""station-day median, then unweighted national mean"",""availability_basis"":""conservative_lag_proxy"",""number_of_municipalities"":447,""number_of_states"":27,""number_of_station_days"":3409,""number_of_stations"":3409,""product"":""DIESEL S10"",""publication_lag_assumption_days"":8,""published_at"":null,""week_convention"":""W-SUN""}"
anp.producer_importer.diesel_s10.br.weighted_mean,2024-01-21,2024-02-03T02:59:59Z,2026-08-14T23:52:49Z,3.90789,BRL/L,ANP,0,country,BR,Brasil,"{""availability_status"":""official_estimate_in_workbook"",""excludes_icms"":true,""period_end"":""2024-01-21"",""period_start"":""2024-01-15"",""product"":""Óleo Diesel S-10 (R$/litro)"",""publication_lag_days"":12,""weighted_average"":true}"
bcb.usd_brl.ptax.sell.weekly_last,2024-01-21,2024-01-23T02:59:59Z,2026-08-14T23:52:49Z,4.9223,BRL/USD,BCB,0,country,BR,Brasil,"{""aggregation"":""last business-day observation in W-SUN week"",""daily_observations"":5,""publication_lag_assumption_days"":1,""week_convention"":""W-SUN""}"
eia.brent.rbrte.weekly_last,2024-01-21,2024-01-25T02:59:59Z,2026-08-14T23:52:49Z,80.71,USD/bbl,EIA,0,global,GLOBAL,Global,"{""aggregation"":""last business-day observation in W-SUN week"",""daily_observations"":5,""publication_lag_assumption_days"":3,""series"":""RBRTE"",""week_convention"":""W-SUN""}"
anp.distribution.diesel_s10.br.mean,2024-01-27,2024-02-11T02:59:59Z,2026-08-14T23:52:49Z,5.12512752794,BRL/L,ANP,0,country,BR,Brasil,"{""availability_status"":""assumed_unverified"",""dispersion"":0.14926891865070388,""period_end"":""2024-01-27"",""period_start"":""2024-01-21"",""product"":""ÓLEO DIESEL B S10 - COMUM"",""publication_lag_assumption_days"":14,""revision_warning"":""Source labels observations as preliminary and revisable""}"
anp.diesel_s10.revenda.br.mean,2024-01-28,2024-02-06T02:59:59Z,2026-08-14T23:52:49Z,5.96741068702,BRL/L,ANP,0,country,BR,Brasil,"{""aggregation"":""station-day median, then unweighted national mean"",""availability_basis"":""conservative_lag_proxy"",""number_of_municipalities"":443,""number_of_states"":26,""number_of_station_days"":3275,""number_of_stations"":3275,""product"":""DIESEL S10"",""publication_lag_assumption_days"":8,""published_at"":null,""week_convention"":""W-SUN""}"
anp.producer_importer.diesel_s10.br.weighted_mean,2024-01-28,2024-02-10T02:59:59Z,2026-08-14T23:52:49Z,3.87306,BRL/L,ANP,0,country,BR,Brasil,"{""availability_status"":""official_estimate_in_workbook"",""excludes_icms"":true,""period_end"":""2024-01-28"",""period_start"":""2024-01-22"",""product"":""Óleo Diesel S-10 (R$/litro)"",""publication_lag_days"":12,""weighted_average"":true}"
bcb.usd_brl.ptax.sell.weekly_last,2024-01-28,2024-01-30T02:59:59Z,2026-08-14T23:52:49Z,4.9125,BRL/USD,BCB,0,country,BR,Brasil,"{""aggregation"":""last business-day observation in W-SUN week"",""daily_observations"":5,""publication_lag_assumption_days"":1,""week_convention"":""W-SUN""}"
eia.brent.rbrte.weekly_last,2024-01-28,2024-02-01T02:59:59Z,2026-08-14T23:52:49Z,83.34,USD/bbl,EIA,0,global,GLOBAL,Global,"{""aggregation"":""last business-day observation in W-SUN week"",""daily_observations"":5,""publication_lag_assumption_days"":3,""series"":""RBRTE"",""week_convention"":""W-SUN""}"
anp.distribution.diesel_s10.br.mean,2024-02-03,2024-02-18T02:59:59Z,2026-08-14T23:52:49Z,5.19645584111,BRL/L,ANP,0,country,BR,Brasil,"{""availability_status"":""assumed_unverified"",""dispersion"":0.13309440166912453,""period_end"":""2024-02-03"",""period_start"":""2024-01-28"",""product"":""ÓLEO DIESEL B S10 - COMUM"",""publication_lag_assumption_days"":14,""revision_warning"":""Source labels observations as preliminary and revisable""}"
anp.diesel_s10.revenda.br.mean,2024-02-04,2024-02-13T02:59:59Z,2026-08-14T23:52:49Z,5.96117714945,BRL/L,ANP,0,country,BR,Brasil,"{""aggregation"":""station-day median, then unweighted national mean"",""availability_basis"":""conservative_lag_proxy"",""number_of_municipalities"":449,""number_of_states"":27,""number_of_station_days"":3466,""number_of_stations"":3466,""product"":""DIESEL S10"",""publication_lag_assumption_days"":8,""published_at"":null,""week_convention"":""W-SUN""}"
anp.producer_importer.diesel_s10.br.weighted_mean,2024-02-04,2024-02-17T02:59:59Z,2026-08-14T23:52:49Z,3.89899,BRL/L,ANP,0,country,BR,Brasil,"{""availability_status"":""official_estimate_in_workbook"",""excludes_icms"":true,""period_end"":""2024-02-04"",""period_start"":""2024-01-29"",""product"":""Óleo Diesel S-10 (R$/litro)"",""publication_lag_days"":12,""weighted_average"":true}"
bcb.usd_brl.ptax.sell.weekly_last,2024-02-04,2024-02-06T02:59:59Z,2026-08-14T23:52:49Z,4.9471,BRL/USD,BCB,0,country,BR,Brasil,"{""aggregation"":""last business-day observation in W-SUN week"",""daily_observations"":5,""publication_lag_assumption_days"":1,""week_convention"":""W-SUN""}"
eia.brent.rbrte.weekly_last,2024-02-04,2024-02-08T02:59:59Z,2026-08-14T23:52:49Z,79.54,USD/bbl,EIA,0,global,GLOBAL,Global,"{""aggregation"":""last business-day observation in W-SUN week"",""daily_observations"":5,""publication_lag_assumption_days"":3,""series"":""RBRTE"",""week_convention"":""W-SUN""}"
anp.distribution.diesel_s10.br.mean,2024-02-10,2024-02-25T02:59:59Z,2026-08-14T23:52:49Z,5.17660623772,BRL/L,ANP,0,country,BR,Brasil,"{""availability_status"":""assumed_unverified"",""dispersion"":0.12445140087317003,""period_end"":""2024-02-10"",""period_start"":""2024-02-04"",""product"":""ÓLEO DIESEL B S10 - COMUM"",""publication_lag_assumption_days"":14,""revision_warning"":""Source labels observations as preliminary and revisable""}"
anp.diesel_s10.revenda.br.mean,2024-02-11,2024-02-20T02:59:59Z,2026-08-14T23:52:49Z,6.02758791049,BRL/L,ANP,0,country,BR,Brasil,"{""aggregation"":""station-day median, then unweighted national mean"",""availability_basis"":""conservative_lag_proxy"",""number_of_municipalities"":453,""number_of_states"":27,""number_of_station_days"":3441,""number_of_stations"":3441,""product"":""DIESEL S10"",""publication_lag_assumption_days"":8,""published_at"":null,""week_convention"":""W-SUN""}"
anp.producer_importer.diesel_s10.br.weighted_mean,2024-02-11,2024-02-24T02:59:59Z,2026-08-14T23:52:49Z,3.92649,BRL/L,ANP,0,country,BR,Brasil,"{""availability_status"":""official_estimate_in_workbook"",""excludes_icms"":true,""period_end"":""2024-02-11"",""period_start"":""2024-02-05"",""product"":""Óleo Diesel S-10 (R$/litro)"",""publication_lag_days"":12,""weighted_average"":true}"
bcb.usd_brl.ptax.sell.weekly_last,2024-02-11,2024-02-13T02:59:59Z,2026-08-14T23:52:49Z,4.9717,BRL/USD,BCB,0,country,BR,Brasil,"{""aggregation"":""last business-day observation in W-SUN week"",""daily_observations"":5,""publication_lag_assumption_days"":1,""week_convention"":""W-SUN""}"
eia.brent.rbrte.weekly_last,2024-02-11,2024-02-15T02:59:59Z,2026-08-14T23:52:49Z,83.58,USD/bbl,EIA,0,global,GLOBAL,Global,"{""aggregation"":""last business-day observation in W-SUN week"",""daily_observations"":5,""publication_lag_assumption_days"":3,""series"":""RBRTE"",""week_convention"":""W-SUN""}"
anp.distribution.diesel_s10.br.mean,2024-02-17,2024-03-03T02:59:59Z,2026-08-14T23:52:49Z,5.18440816683,BRL/L,ANP,0,country,BR,Brasil,"{""availability_status"":""assumed_unverified"",""dispersion"":0.12793117900973536,""period_end"":""2024-02-17"",""period_start"":""2024-02-11"",""product"":""ÓLEO DIESEL B S10 - COMUM"",""publication_lag_assumption_days"":14,""revision_warning"":""Source labels observations as preliminary and revisable""}"
anp.diesel_s10.revenda.br.mean,2024-02-18,2024-02-27T02:59:59Z,2026-08-14T23:52:49Z,6.02182487957,BRL/L,ANP,0,country,BR,Brasil,"{""aggregation"":""station-day median, then unweighted national mean"",""availability_basis"":""conservative_lag_proxy"",""number_of_municipalities"":455,""number_of_states"":27,""number_of_station_days"":3529,""number_of_stations"":3529,""product"":""DIESEL S10"",""publication_lag_assumption_days"":8,""published_at"":null,""week_convention"":""W-SUN""}"
anp.producer_importer.diesel_s10.br.weighted_mean,2024-02-18,2024-03-02T02:59:59Z,2026-08-14T23:52:49Z,3.93643,BRL/L,ANP,0,country,BR,Brasil,"{""availability_status"":""official_estimate_in_workbook"",""excludes_icms"":true,""period_end"":""2024-02-18"",""period_start"":""2024-02-12"",""product"":""Óleo Diesel S-10 (R$/litro)"",""publication_lag_days"":12,""weighted_average"":true}"
bcb.usd_brl.ptax.sell.weekly_last,2024-02-18,2024-02-20T02:59:59Z,2026-08-14T23:52:49Z,4.9761,BRL/USD,BCB,0,country,BR,Brasil,"{""aggregation"":""last business-day observation in W-SUN week"",""daily_observations"":3,""publication_lag_assumption_days"":1,""week_convention"":""W-SUN""}"
eia.brent.rbrte.weekly_last,2024-02-18,2024-02-22T02:59:59Z,2026-08-14T23:52:49Z,84.88,USD/bbl,EIA,0,global,GLOBAL,Global,"{""aggregation"":""last business-day observation in W-SUN week"",""daily_observations"":5,""publication_lag_assumption_days"":3,""series"":""RBRTE"",""week_convention"":""W-SUN""}"
anp.distribution.diesel_s10.br.mean,2024-02-24,2024-03-10T02:59:59Z,2026-08-14T23:52:49Z,5.1852660797,BRL/L,ANP,0,country,BR,Brasil,"{""availability_status"":""assumed_unverified"",""dispersion"":0.13035048647941216,""period_end"":""2024-02-24"",""period_start"":""2024-02-18"",""product"":""ÓLEO DIESEL B S10 - COMUM"",""publication_lag_assumption_days"":14,""revision_warning"":""Source labels observations as preliminary and revisable""}"
anp.diesel_s10.revenda.br.mean,2024-02-25,2024-03-05T02:59:59Z,2026-08-14T23:52:49Z,6.02021233859,BRL/L,ANP,0,country,BR,Brasil,"{""aggregation"":""station-day median, then unweighted national mean"",""availability_basis"":""conservative_lag_proxy"",""number_of_municipalities"":453,""number_of_states"":27,""number_of_station_days"":3485,""number_of_stations"":3485,""product"":""DIESEL S10"",""publication_lag_assumption_days"":8,""published_at"":null,""week_convention"":""W-SUN""}"
anp.producer_importer.diesel_s10.br.weighted_mean,2024-02-25,2024-03-09T02:59:59Z,2026-08-14T23:52:49Z,3.91205,BRL/L,ANP,0,country,BR,Brasil,"{""availability_status"":""official_estimate_in_workbook"",""excludes_icms"":true,""period_end"":""2024-02-25"",""period_start"":""2024-02-19"",""product"":""Óleo Diesel S-10 (R$/litro)"",""publication_lag_days"":12,""weighted_average"":true}"
bcb.usd_brl.ptax.sell.weekly_last,2024-02-25,2024-02-27T02:59:59Z,2026-08-14T23:52:49Z,4.9851,BRL/USD,BCB,0,country,BR,Brasil,"{""aggregation"":""last business-day observation in W-SUN week"",""daily_observations"":5,""publication_lag_assumption_days"":1,""week_convention"":""W-SUN""}"
eia.brent.rbrte.weekly_last,2024-02-25,2024-02-29T02:59:59Z,2026-08-14T23:52:49Z,84.18,USD/bbl,EIA,0,global,GLOBAL,Global,"{""aggregation"":""last business-day observation in W-SUN week"",""daily_observations"":5,""publication_lag_assumption_days"":3,""series"":""RBRTE"",""week_convention"":""W-SUN""}"
anp.distribution.diesel_s10.br.mean,2024-03-02,2024-03-17T02:59:59Z,2026-08-14T23:52:49Z,5.19641729069,BRL/L,ANP,0,country,BR,Brasil,"{""availability_status"":""assumed_unverified"",""dispersion"":0.125429928867656,""period_end"":""2024-03-02"",""period_start"":""2024-02-25"",""product"":""ÓLEO DIESEL B S10 - COMUM"",""publication_lag_assumption_days"":14,""revision_warning"":""Source labels observations as preliminary and revisable""}"
anp.diesel_s10.revenda.br.mean,2024-03-03,2024-03-12T02:59:59Z,2026-08-14T23:52:49Z,6.00440668203,BRL/L,ANP,0,country,BR,Brasil,"{""aggregation"":""station-day median, then unweighted national mean"",""availability_basis"":""conservative_lag_proxy"",""number_of_municipalities"":452,""number_of_states"":27,""number_of_station_days"":3472,""number_of_stations"":3472,""product"":""DIESEL S10"",""publication_lag_assumption_days"":8,""published_at"":null,""week_convention"":""W-SUN""}"
anp.producer_importer.diesel_s10.br.weighted_mean,2024-03-03,2024-03-16T02:59:59Z,2026-08-14T23:52:49Z,3.90608,BRL/L,ANP,0,country,BR,Brasil,"{""availability_status"":""official_estimate_in_workbook"",""excludes_icms"":true,""period_end"":""2024-03-03"",""period_start"":""2024-02-26"",""product"":""Óleo Diesel S-10 (R$/litro)"",""publication_lag_days"":12,""weighted_average"":true}"
bcb.usd_brl.ptax.sell.weekly_last,2024-03-03,2024-03-05T02:59:59Z,2026-08-14T23:52:49Z,4.9596,BRL/USD,BCB,0,country,BR,Brasil,"{""aggregation"":""last business-day observation in W-SUN week"",""daily_observations"":5,""publication_lag_assumption_days"":1,""week_convention"":""W-SUN""}"
eia.brent.rbrte.weekly_last,2024-03-03,2024-03-07T02:59:59Z,2026-08-14T23:52:49Z,84.82,USD/bbl,EIA,0,global,GLOBAL,Global,"{""aggregation"":""last business-day observation in W-SUN week"",""daily_observations"":5,""publication_lag_assumption_days"":3,""series"":""RBRTE"",""week_convention"":""W-SUN""}"
anp.distribution.diesel_s10.br.mean,2024-03-09,2024-03-24T02:59:59Z,2026-08-14T23:52:49Z,5.19111571092,BRL/L,ANP,0,country,BR,Brasil,"{""availability_status"":""assumed_unverified"",""dispersion"":0.11328260120195248,""period_end"":""2024-03-09"",""period_start"":""2024-03-03"",""product"":""ÓLEO DIESEL B S10 - COMUM"",""publication_lag_assumption_days"":14,""revision_warning"":""Source labels observations as preliminary and revisable""}"
anp.diesel_s10.revenda.br.mean,2024-03-10,2024-03-19T02:59:59Z,2026-08-14T23:52:49Z,5.99396253193,BRL/L,ANP,0,country,BR,Brasil,"{""aggregation"":""station-day median, then unweighted national mean"",""availability_basis"":""conservative_lag_proxy"",""number_of_municipalities"":453,""number_of_states"":27,""number_of_station_days"":3523,""number_of_stations"":3523,""product"":""DIESEL S10"",""publication_lag_assumption_days"":8,""published_at"":null,""week_convention"":""W-SUN""}"
anp.producer_importer.diesel_s10.br.weighted_mean,2024-03-10,2024-03-23T02:59:59Z,2026-08-14T23:52:49Z,3.89743,BRL/L,ANP,0,country,BR,Brasil,"{""availability_status"":""official_estimate_in_workbook"",""excludes_icms"":true,""period_end"":""2024-03-10"",""period_start"":""2024-03-04"",""product"":""Óleo Diesel S-10 (R$/litro)"",""publication_lag_days"":12,""weighted_average"":true}"
bcb.usd_brl.ptax.sell.weekly_last,2024-03-10,2024-03-12T02:59:59Z,2026-08-14T23:52:49Z,4.9751,BRL/USD,BCB,0,country,BR,Brasil,"{""aggregation"":""last business-day observation in W-SUN week"",""daily_observations"":5,""publication_lag_assumption_days"":1,""week_convention"":""W-SUN""}"
eia.brent.rbrte.weekly_last,2024-03-10,2024-03-14T02:59:59Z,2026-08-14T23:52:49Z,84.29,USD/bbl,EIA,0,global,GLOBAL,Global,"{""aggregation"":""last business-day observation in W-SUN week"",""daily_observations"":5,""publication_lag_assumption_days"":3,""series"":""RBRTE"",""week_convention"":""W-SUN""}"
anp.distribution.diesel_s10.br.mean,2024-03-16,2024-03-31T02:59:59Z,2026-08-14T23:52:49Z,5.19384554499,BRL/L,ANP,0,country,BR,Brasil,"{""availability_status"":""assumed_unverified"",""dispersion"":0.11279513763538758,""period_end"":""2024-03-16"",""period_start"":""2024-03-10"",""product"":""ÓLEO DIESEL B S10 - COMUM"",""publication_lag_assumption_days"":14,""revision_warning"":""Source labels observations as preliminary and revisable""}"
anp.diesel_s10.revenda.br.mean,2024-03-17,2024-03-26T02:59:59Z,2026-08-14T23:52:49Z,5.97769755543,BRL/L,ANP,0,country,BR,Brasil,"{""aggregation"":""station-day median, then unweighted national mean"",""availability_basis"":""conservative_lag_proxy"",""number_of_municipalities"":453,""number_of_states"":27,""number_of_station_days"":3518,""number_of_stations"":3518,""product"":""DIESEL S10"",""publication_lag_assumption_days"":8,""published_at"":null,""week_convention"":""W-SUN""}"
anp.producer_importer.diesel_s10.br.weighted_mean,2024-03-17,2024-03-30T02:59:59Z,2026-08-14T23:52:49Z,3.87474,BRL/L,ANP,0,country,BR,Brasil,"{""availability_status"":""official_estimate_in_workbook"",""excludes_icms"":true,""period_end"":""2024-03-17"",""period_start"":""2024-03-11"",""product"":""Óleo Diesel S-10 (R$/litro)"",""publication_lag_days"":12,""weighted_average"":true}"
bcb.usd_brl.ptax.sell.weekly_last,2024-03-17,2024-03-19T02:59:59Z,2026-08-14T23:52:49Z,4.9937,BRL/USD,BCB,0,country,BR,Brasil,"{""aggregation"":""last business-day observation in W-SUN week"",""daily_observations"":5,""publication_lag_assumption_days"":1,""week_convention"":""W-SUN""}"
eia.brent.rbrte.weekly_last,2024-03-17,2024-03-21T02:59:59Z,2026-08-14T23:52:49Z,85.39,USD/bbl,EIA,0,global,GLOBAL,Global,"{""aggregation"":""last business-day observation in W-SUN week"",""daily_observations"":5,""publication_lag_assumption_days"":3,""series"":""RBRTE"",""week_convention"":""W-SUN""}"
anp.distribution.diesel_s10.br.mean,2024-03-23,2024-04-07T02:59:59Z,2026-08-14T23:52:49Z,5.19157691192,BRL/L,ANP,0,country,BR,Brasil,"{""availability_status"":""assumed_unverified"",""dispersion"":0.11248799767834723,""period_end"":""2024-03-23"",""period_start"":""2024-03-17"",""product"":""ÓLEO DIESEL B S10 - COMUM"",""publication_lag_assumption_days"":14,""revision_warning"":""Source labels observations as preliminary and revisable""}"
anp.diesel_s10.revenda.br.mean,2024-03-24,2024-04-02T02:59:59Z,2026-08-14T23:52:49Z,5.97636285221,BRL/L,ANP,0,country,BR,Brasil,"{""aggregation"":""station-day median, then unweighted national mean"",""availability_basis"":""conservative_lag_proxy"",""number_of_municipalities"":451,""number_of_states"":27,""number_of_station_days"":3478,""number_of_stations"":3478,""product"":""DIESEL S10"",""publication_lag_assumption_days"":8,""published_at"":null,""week_convention"":""W-SUN""}"
anp.producer_importer.diesel_s10.br.weighted_mean,2024-03-24,2024-04-06T02:59:59Z,2026-08-14T23:52:49Z,3.87844,BRL/L,ANP,0,country,BR,Brasil,"{""availability_status"":""official_estimate_in_workbook"",""excludes_icms"":true,""period_end"":""2024-03-24"",""period_start"":""2024-03-18"",""product"":""Óleo Diesel S-10 (R$/litro)"",""publication_lag_days"":12,""weighted_average"":true}"
bcb.usd_brl.ptax.sell.weekly_last,2024-03-24,2024-03-26T02:59:59Z,2026-08-14T23:52:49Z,4.9897,BRL/USD,BCB,0,country,BR,Brasil,"{""aggregation"":""last business-day observation in W-SUN week"",""daily_observations"":5,""publication_lag_assumption_days"":1,""week_convention"":""W-SUN""}"
eia.brent.rbrte.weekly_last,2024-03-24,2024-03-28T02:59:59Z,2026-08-14T23:52:49Z,84.87,USD/bbl,EIA,0,global,GLOBAL,Global,"{""aggregation"":""last business-day observation in W-SUN week"",""daily_observations"":5,""publication_lag_assumption_days"":3,""series"":""RBRTE"",""week_convention"":""W-SUN""}"
anp.distribution.diesel_s10.br.mean,2024-03-30,2024-04-14T02:59:59Z,2026-08-14T23:52:49Z,5.19318045524,BRL/L,ANP,0,country,BR,Brasil,"{""availability_status"":""assumed_unverified"",""dispersion"":0.11222002653503538,""period_end"":""2024-03-30"",""period_start"":""2024-03-24"",""product"":""ÓLEO DIESEL B S10 - COMUM"",""publication_lag_assumption_days"":14,""revision_warning"":""Source labels observations as preliminary and revisable""}"
anp.diesel_s10.revenda.br.mean,2024-03-31,2024-04-09T02:59:59Z,2026-08-14T23:52:49Z,5.97830985915,BRL/L,ANP,0,country,BR,Brasil,"{""aggregation"":""station-day median, then unweighted national mean"",""availability_basis"":""conservative_lag_proxy"",""number_of_municipalities"":450,""number_of_states"":27,""number_of_station_days"":3408,""number_of_stations"":3408,""product"":""DIESEL S10"",""publication_lag_assumption_days"":8,""published_at"":null,""week_convention"":""W-SUN""}"
anp.producer_importer.diesel_s10.br.weighted_mean,2024-03-31,2024-04-13T02:59:59Z,2026-08-14T23:52:49Z,3.89517,BRL/L,ANP,0,country,BR,Brasil,"{""availability_status"":""official_estimate_in_workbook"",""excludes_icms"":true,""period_end"":""2024-03-31"",""period_start"":""2024-03-25"",""product"":""Óleo Diesel S-10 (R$/litro)"",""publication_lag_days"":12,""weighted_average"":true}"
bcb.usd_brl.ptax.sell.weekly_last,2024-03-31,2024-04-02T02:59:59Z,2026-08-14T23:52:49Z,4.9962,BRL/USD,BCB,0,country,BR,Brasil,"{""aggregation"":""last business-day observation in W-SUN week"",""daily_observations"":4,""publication_lag_assumption_days"":1,""week_convention"":""W-SUN""}"
eia.brent.rbrte.weekly_last,2024-03-31,2024-04-04T02:59:59Z,2026-08-14T23:52:49Z,86.17,USD/bbl,EIA,0,global,GLOBAL,Global,"{""aggregation"":""last business-day observation in W-SUN week"",""daily_observations"":4,""publication_lag_assumption_days"":3,""series"":""RBRTE"",""week_convention"":""W-SUN""}"
anp.distribution.diesel_s10.br.mean,2024-04-06,2024-04-21T02:59:59Z,2026-08-14T23:52:49Z,5.23314223142,BRL/L,ANP,0,country,BR,Brasil,"{""availability_status"":""assumed_unverified"",""dispersion"":0.1037216937370573,""period_end"":""2024-04-06"",""period_start"":""2024-03-31"",""product"":""ÓLEO DIESEL B S10 - COMUM"",""publication_lag_assumption_days"":14,""revision_warning"":""Source labels observations as preliminary and revisable""}"
anp.diesel_s10.revenda.br.mean,2024-04-07,2024-04-16T02:59:59Z,2026-08-14T23:52:49Z,5.97475773497,BRL/L,ANP,0,country,BR,Brasil,"{""aggregation"":""station-day median, then unweighted national mean"",""availability_basis"":""conservative_lag_proxy"",""number_of_municipalities"":452,""number_of_states"":27,""number_of_station_days"":3426,""number_of_stations"":3426,""product"":""DIESEL S10"",""publication_lag_assumption_days"":8,""published_at"":null,""week_convention"":""W-SUN""}"
anp.producer_importer.diesel_s10.br.weighted_mean,2024-04-07,2024-04-20T02:59:59Z,2026-08-14T23:52:49Z,3.88909,BRL/L,ANP,0,country,BR,Brasil,"{""availability_status"":""official_estimate_in_workbook"",""excludes_icms"":true,""period_end"":""2024-04-07"",""period_start"":""2024-04-01"",""product"":""Óleo Diesel S-10 (R$/litro)"",""publication_lag_days"":12,""weighted_average"":true}"
bcb.usd_brl.ptax.sell.weekly_last,2024-04-07,2024-04-09T02:59:59Z,2026-08-14T23:52:49Z,5.052,BRL/USD,BCB,0,country,BR,Brasil,"{""aggregation"":""last business-day observation in W-SUN week"",""daily_observations"":5,""publication_lag_assumption_days"":1,""week_convention"":""W-SUN""}"
eia.brent.rbrte.weekly_last,2024-04-07,2024-04-11T02:59:59Z,2026-08-14T23:52:49Z,92.81,USD/bbl,EIA,0,global,GLOBAL,Global,"{""aggregation"":""last business-day observation in W-SUN week"",""daily_observations"":4,""publication_lag_assumption_days"":3,""series"":""RBRTE"",""week_convention"":""W-SUN""}"
anp.distribution.diesel_s10.br.mean,2024-04-13,2024-04-28T02:59:59Z,2026-08-14T23:52:49Z,5.24903592073,BRL/L,ANP,0,country,BR,Brasil,"{""availability_status"":""assumed_unverified"",""dispersion"":0.09784412983057778,""period_end"":""2024-04-13"",""period_start"":""2024-04-07"",""product"":""ÓLEO DIESEL B S10 - COMUM"",""publication_lag_assumption_days"":14,""revision_warning"":""Source labels observations as preliminary and revisable""}"
anp.diesel_s10.revenda.br.mean,2024-04-14,2024-04-23T02:59:59Z,2026-08-14T23:52:49Z,5.98628768303,BRL/L,ANP,0,country,BR,Brasil,"{""aggregation"":""station-day median, then unweighted national mean"",""availability_basis"":""conservative_lag_proxy"",""number_of_municipalities"":446,""number_of_states"":27,""number_of_station_days"":3483,""number_of_stations"":3483,""product"":""DIESEL S10"",""publication_lag_assumption_days"":8,""published_at"":null,""week_convention"":""W-SUN""}"
anp.producer_importer.diesel_s10.br.weighted_mean,2024-04-14,2024-04-27T02:59:59Z,2026-08-14T23:52:49Z,3.88613,BRL/L,ANP,0,country,BR,Brasil,"{""availability_status"":""official_estimate_in_workbook"",""excludes_icms"":true,""period_end"":""2024-04-14"",""period_start"":""2024-04-08"",""product"":""Óleo Diesel S-10 (R$/litro)"",""publication_lag_days"":12,""weighted_average"":true}"
bcb.usd_brl.ptax.sell.weekly_last,2024-04-14,2024-04-16T02:59:59Z,2026-08-14T23:52:49Z,5.1364,BRL/USD,BCB,0,country,BR,Brasil,"{""aggregation"":""last business-day observation in W-SUN week"",""daily_observations"":5,""publication_lag_assumption_days"":1,""week_convention"":""W-SUN""}"
eia.brent.rbrte.weekly_last,2024-04-14,2024-04-18T02:59:59Z,2026-08-14T23:52:49Z,93.12,USD/bbl,EIA,0,global,GLOBAL,Global,"{""aggregation"":""last business-day observation in W-SUN week"",""daily_observations"":5,""publication_lag_assumption_days"":3,""series"":""RBRTE"",""week_convention"":""W-SUN""}"
anp.distribution.diesel_s10.br.mean,2024-04-20,2024-05-05T02:59:59Z,2026-08-14T23:52:49Z,5.27810249549,BRL/L,ANP,0,country,BR,Brasil,"{""availability_status"":""assumed_unverified"",""dispersion"":0.0979856195564344,""period_end"":""2024-04-20"",""period_start"":""2024-04-14"",""product"":""ÓLEO DIESEL B S10 - COMUM"",""publication_lag_assumption_days"":14,""revision_warning"":""Source labels observations as preliminary and revisable""}"
anp.diesel_s10.revenda.br.mean,2024-04-21,2024-04-30T02:59:59Z,2026-08-14T23:52:49Z,5.99716024915,BRL/L,ANP,0,country,BR,Brasil,"{""aggregation"":""station-day median, then unweighted national mean"",""availability_basis"":""conservative_lag_proxy"",""number_of_municipalities"":450,""number_of_states"":27,""number_of_station_days"":3532,""number_of_stations"":3532,""product"":""DIESEL S10"",""publication_lag_assumption_days"":8,""published_at"":null,""week_convention"":""W-SUN""}"
anp.producer_importer.diesel_s10.br.weighted_mean,2024-04-21,2024-05-04T02:59:59Z,2026-08-14T23:52:49Z,3.88636,BRL/L,ANP,0,country,BR,Brasil,"{""availability_status"":""official_estimate_in_workbook"",""excludes_icms"":true,""period_end"":""2024-04-21"",""period_start"":""2024-04-15"",""product"":""Óleo Diesel S-10 (R$/litro)"",""publication_lag_days"":12,""weighted_average"":true}"
bcb.usd_brl.ptax.sell.weekly_last,2024-04-21,2024-04-23T02:59:59Z,2026-08-14T23:52:49Z,5.2269,BRL/USD,BCB,0,country,BR,Brasil,"{""aggregation"":""last business-day observation in W-SUN week"",""daily_observations"":5,""publication_lag_assumption_days"":1,""week_convention"":""W-SUN""}"
eia.brent.rbrte.weekly_last,2024-04-21,2024-04-25T02:59:59Z,2026-08-14T23:52:49Z,87.96,USD/bbl,EIA,0,global,GLOBAL,Global,"{""aggregation"":""last business-day observation in W-SUN week"",""daily_observations"":5,""publication_lag_assumption_days"":3,""series"":""RBRTE"",""week_convention"":""W-SUN""}"
anp.distribution.diesel_s10.br.mean,2024-04-27,2024-05-12T02:59:59Z,2026-08-14T23:52:49Z,5.27785657176,BRL/L,ANP,0,country,BR,Brasil,"{""availability_status"":""assumed_unverified"",""dispersion"":0.09861384312012812,""period_end"":""2024-04-27"",""period_start"":""2024-04-21"",""product"":""ÓLEO DIESEL B S10 - COMUM"",""publication_lag_assumption_days"":14,""revision_warning"":""Source labels observations as preliminary and revisable""}"
anp.diesel_s10.revenda.br.mean,2024-04-28,2024-05-07T02:59:59Z,2026-08-14T23:52:49Z,6.00923820352,BRL/L,ANP,0,country,BR,Brasil,"{""aggregation"":""station-day median, then unweighted national mean"",""availability_basis"":""conservative_lag_proxy"",""number_of_municipalities"":453,""number_of_states"":27,""number_of_station_days"":3518,""number_of_stations"":3518,""product"":""DIESEL S10"",""publication_lag_assumption_days"":8,""published_at"":null,""week_convention"":""W-SUN""}"
anp.producer_importer.diesel_s10.br.weighted_mean,2024-04-28,2024-05-11T02:59:59Z,2026-08-14T23:52:49Z,4.13771,BRL/L,ANP,0,country,BR,Brasil,"{""availability_status"":""official_estimate_in_workbook"",""excludes_icms"":true,""period_end"":""2024-04-28"",""period_start"":""2024-04-22"",""product"":""Óleo Diesel S-10 (R$/litro)"",""publication_lag_days"":12,""weighted_average"":true}"
bcb.usd_brl.ptax.sell.weekly_last,2024-04-28,2024-04-30T02:59:59Z,2026-08-14T23:52:49Z,5.1184,BRL/USD,BCB,0,country,BR,Brasil,"{""aggregation"":""last business-day observation in W-SUN week"",""daily_observations"":5,""publication_lag_assumption_days"":1,""week_convention"":""W-SUN""}"
eia.brent.rbrte.weekly_last,2024-04-28,2024-05-02T02:59:59Z,2026-08-14T23:52:49Z,89.95,USD/bbl,EIA,0,global,GLOBAL,Global,"{""aggregation"":""last business-day observation in W-SUN week"",""daily_observations"":5,""publication_lag_assumption_days"":3,""series"":""RBRTE"",""week_convention"":""W-SUN""}"
anp.distribution.diesel_s10.br.mean,2024-05-04,2024-05-19T02:59:59Z,2026-08-14T23:52:49Z,5.27327889842,BRL/L,ANP,0,country,BR,Brasil,"{""availability_status"":""assumed_unverified"",""dispersion"":0.09361971613638394,""period_end"":""2024-05-04"",""period_start"":""2024-04-28"",""product"":""ÓLEO DIESEL B S10 - COMUM"",""publication_lag_assumption_days"":14,""revision_warning"":""Source labels observations as preliminary and revisable""}"
anp.diesel_s10.revenda.br.mean,2024-05-05,2024-05-14T02:59:59Z,2026-08-14T23:52:49Z,6.00936903039,BRL/L,ANP,0,country,BR,Brasil,"{""aggregation"":""station-day median, then unweighted national mean"",""availability_basis"":""conservative_lag_proxy"",""number_of_municipalities"":448,""number_of_states"":27,""number_of_station_days"":3455,""number_of_stations"":3455,""product"":""DIESEL S10"",""publication_lag_assumption_days"":8,""published_at"":null,""week_convention"":""W-SUN""}"
anp.producer_importer.diesel_s10.br.weighted_mean,2024-05-05,2024-05-18T02:59:59Z,2026-08-14T23:52:49Z,3.88374,BRL/L,ANP,0,country,BR,Brasil,"{""availability_status"":""official_estimate_in_workbook"",""excludes_icms"":true,""period_end"":""2024-05-05"",""period_start"":""2024-04-29"",""product"":""Óleo Diesel S-10 (R$/litro)"",""publication_lag_days"":12,""weighted_average"":true}"
bcb.usd_brl.ptax.sell.weekly_last,2024-05-05,2024-05-07T02:59:59Z,2026-08-14T23:52:49Z,5.0668,BRL/USD,BCB,0,country,BR,Brasil,"{""aggregation"":""last business-day observation in W-SUN week"",""daily_observations"":4,""publication_lag_assumption_days"":1,""week_convention"":""W-SUN""}"
eia.brent.rbrte.weekly_last,2024-05-05,2024-05-09T02:59:59Z,2026-08-14T23:52:49Z,83.6,USD/bbl,EIA,0,global,GLOBAL,Global,"{""aggregation"":""last business-day observation in W-SUN week"",""daily_observations"":5,""publication_lag_assumption_days"":3,""series"":""RBRTE"",""week_convention"":""W-SUN""}"
anp.distribution.diesel_s10.br.mean,2024-05-11,2024-05-26T02:59:59Z,2026-08-14T23:52:49Z,5.25500199046,BRL/L,ANP,0,country,BR,Brasil,"{""availability_status"":""assumed_unverified"",""dispersion"":0.0965611117903887,""period_end"":""2024-05-11"",""period_start"":""2024-05-05"",""product"":""ÓLEO DIESEL B S10 - COMUM"",""publication_lag_assumption_days"":14,""revision_warning"":""Source labels observations as preliminary and revisable""}"
anp.diesel_s10.revenda.br.mean,2024-05-12,2024-05-21T02:59:59Z,2026-08-14T23:52:49Z,6.01286799065,BRL/L,ANP,0,country,BR,Brasil,"{""aggregation"":""station-day median, then unweighted national mean"",""availability_basis"":""conservative_lag_proxy"",""number_of_municipalities"":438,""number_of_states"":27,""number_of_station_days"":3424,""number_of_stations"":3424,""product"":""DIESEL S10"",""publication_lag_assumption_days"":8,""published_at"":null,""week_convention"":""W-SUN""}"
anp.producer_importer.diesel_s10.br.weighted_mean,2024-05-12,2024-05-25T02:59:59Z,2026-08-14T23:52:49Z,3.88157,BRL/L,ANP,0,country,BR,Brasil,"{""availability_status"":""official_estimate_in_workbook"",""excludes_icms"":true,""period_end"":""2024-05-12"",""period_start"":""2024-05-06"",""product"":""Óleo Diesel S-10 (R$/litro)"",""publication_lag_days"":12,""weighted_average"":true}"
bcb.usd_brl.ptax.sell.weekly_last,2024-05-12,2024-05-14T02:59:59Z,2026-08-14T23:52:49Z,5.1464,BRL/USD,BCB,0,country,BR,Brasil,"{""aggregation"":""last business-day observation in W-SUN week"",""daily_observations"":5,""publication_lag_assumption_days"":1,""week_convention"":""W-SUN""}"
eia.brent.rbrte.weekly_last,2024-05-12,2024-05-16T02:59:59Z,2026-08-14T23:52:49Z,83.39,USD/bbl,EIA,0,global,GLOBAL,Global,"{""aggregation"":""last business-day observation in W-SUN week"",""daily_observations"":4,""publication_lag_assumption_days"":3,""series"":""RBRTE"",""week_convention"":""W-SUN""}"
anp.distribution.diesel_s10.br.mean,2024-05-18,2024-06-02T02:59:59Z,2026-08-14T23:52:49Z,5.22679228689,BRL/L,ANP,0,country,BR,Brasil,"{""availability_status"":""assumed_unverified"",""dispersion"":0.10395962758922882,""period_end"":""2024-05-18"",""period_start"":""2024-05-12"",""product"":""ÓLEO DIESEL B S10 - COMUM"",""publication_lag_assumption_days"":14,""revision_warning"":""Source labels observations as preliminary and revisable""}"
anp.diesel_s10.revenda.br.mean,2024-05-19,2024-05-28T02:59:59Z,2026-08-14T23:52:49Z,6.00691569157,BRL/L,ANP,0,country,BR,Brasil,"{""aggregation"":""station-day median, then unweighted national mean"",""availability_basis"":""conservative_lag_proxy"",""number_of_municipalities"":438,""number_of_states"":27,""number_of_station_days"":3333,""number_of_stations"":3333,""product"":""DIESEL S10"",""publication_lag_assumption_days"":8,""published_at"":null,""week_convention"":""W-SUN""}"
anp.producer_importer.diesel_s10.br.weighted_mean,2024-05-19,2024-06-01T02:59:59Z,2026-08-14T23:52:49Z,3.89787,BRL/L,ANP,0,country,BR,Brasil,"{""availability_status"":""official_estimate_in_workbook"",""excludes_icms"":true,""period_end"":""2024-05-19"",""period_start"":""2024-05-13"",""product"":""Óleo Diesel S-10 (R$/litro)"",""publication_lag_days"":12,""weighted_average"":true}"
bcb.usd_brl.ptax.sell.weekly_last,2024-05-19,2024-05-21T02:59:59Z,2026-08-14T23:52:49Z,5.1157,BRL/USD,BCB,0,country,BR,Brasil,"{""aggregation"":""last business-day observation in W-SUN week"",""daily_observations"":5,""publication_lag_assumption_days"":1,""week_convention"":""W-SUN""}"
eia.brent.rbrte.weekly_last,2024-05-19,2024-05-23T02:59:59Z,2026-08-14T23:52:49Z,82.24,USD/bbl,EIA,0,global,GLOBAL,Global,"{""aggregation"":""last business-day observation in W-SUN week"",""daily_observations"":5,""publication_lag_assumption_days"":3,""series"":""RBRTE"",""week_convention"":""W-SUN""}"
anp.distribution.diesel_s10.br.mean,2024-05-25,2024-06-09T02:59:59Z,2026-08-14T23:52:49Z,5.21273031451,BRL/L,ANP,0,country,BR,Brasil,"{""availability_status"":""assumed_unverified"",""dispersion"":0.11268568765833642,""period_end"":""2024-05-25"",""period_start"":""2024-05-19"",""product"":""ÓLEO DIESEL B S10 - COMUM"",""publication_lag_assumption_days"":14,""revision_warning"":""Source labels observations as preliminary and revisable""}"
anp.diesel_s10.revenda.br.mean,2024-05-26,2024-06-04T02:59:59Z,2026-08-14T23:52:49Z,5.98857393851,BRL/L,ANP,0,country,BR,Brasil,"{""aggregation"":""station-day median, then unweighted national mean"",""availability_basis"":""conservative_lag_proxy"",""number_of_municipalities"":441,""number_of_states"":27,""number_of_station_days"":3415,""number_of_stations"":3415,""product"":""DIESEL S10"",""publication_lag_assumption_days"":8,""published_at"":null,""week_convention"":""W-SUN""}"
anp.producer_importer.diesel_s10.br.weighted_mean,2024-05-26,2024-06-08T02:59:59Z,2026-08-14T23:52:49Z,3.9852,BRL/L,ANP,0,country,BR,Brasil,"{""availability_status"":""official_estimate_in_workbook"",""excludes_icms"":true,""period_end"":""2024-05-26"",""period_start"":""2024-05-20"",""product"":""Óleo Diesel S-10 (R$/litro)"",""publication_lag_days"":12,""weighted_average"":true}"
bcb.usd_brl.ptax.sell.weekly_last,2024-05-26,2024-05-28T02:59:59Z,2026-08-14T23:52:49Z,5.1508,BRL/USD,BCB,0,country,BR,Brasil,"{""aggregation"":""last business-day observation in W-SUN week"",""daily_observations"":5,""publication_lag_assumption_days"":1,""week_convention"":""W-SUN""}"
eia.brent.rbrte.weekly_last,2024-05-26,2024-05-30T02:59:59Z,2026-08-14T23:52:49Z,78.92,USD/bbl,EIA,0,global,GLOBAL,Global,"{""aggregation"":""last business-day observation in W-SUN week"",""daily_observations"":5,""publication_lag_assumption_days"":3,""series"":""RBRTE"",""week_convention"":""W-SUN""}"
anp.distribution.diesel_s10.br.mean,2024-06-01,2024-06-16T02:59:59Z,2026-08-14T23:52:49Z,5.20321247347,BRL/L,ANP,0,country,BR,Brasil,"{""availability_status"":""assumed_unverified"",""dispersion"":0.11553573018736475,""period_end"":""2024-06-01"",""period_start"":""2024-05-26"",""product"":""ÓLEO DIESEL B S10 - COMUM"",""publication_lag_assumption_days"":14,""revision_warning"":""Source labels observations as preliminary and revisable""}"
anp.diesel_s10.revenda.br.mean,2024-06-02,2024-06-11T02:59:59Z,2026-08-14T23:52:49Z,5.98298809524,BRL/L,ANP,0,country,BR,Brasil,"{""aggregation"":""station-day median, then unweighted national mean"",""availability_basis"":""conservative_lag_proxy"",""number_of_municipalities"":433,""number_of_states"":27,""number_of_station_days"":3360,""number_of_stations"":3360,""product"":""DIESEL S10"",""publication_lag_assumption_days"":8,""published_at"":null,""week_convention"":""W-SUN""}"
anp.producer_importer.diesel_s10.br.weighted_mean,2024-06-02,2024-06-15T02:59:59Z,2026-08-14T23:52:49Z,3.88931,BRL/L,ANP,0,country,BR,Brasil,"{""availability_status"":""official_estimate_in_workbook"",""excludes_icms"":true,""period_end"":""2024-06-02"",""period_start"":""2024-05-27"",""product"":""Óleo Diesel S-10 (R$/litro)"",""publication_lag_days"":12,""weighted_average"":true}"
bcb.usd_brl.ptax.sell.weekly_last,2024-06-02,2024-06-04T02:59:59Z,2026-08-14T23:52:49Z,5.2416,BRL/USD,BCB,0,country,BR,Brasil,"{""aggregation"":""last business-day observation in W-SUN week"",""daily_observations"":4,""publication_lag_assumption_days"":1,""week_convention"":""W-SUN""}"
eia.brent.rbrte.weekly_last,2024-06-02,2024-06-06T02:59:59Z,2026-08-14T23:52:49Z,79.41,USD/bbl,EIA,0,global,GLOBAL,Global,"{""aggregation"":""last business-day observation in W-SUN week"",""daily_observations"":4,""publication_lag_assumption_days"":3,""series"":""RBRTE"",""week_convention"":""W-SUN""}"
anp.distribution.diesel_s10.br.mean,2024-06-08,2024-06-23T02:59:59Z,2026-08-14T23:52:49Z,5.21639571173,BRL/L,ANP,0,country,BR,Brasil,"{""availability_status"":""assumed_unverified"",""dispersion"":0.1057258791540098,""period_end"":""2024-06-08"",""period_start"":""2024-06-02"",""product"":""ÓLEO DIESEL B S10 - COMUM"",""publication_lag_assumption_days"":14,""revision_warning"":""Source labels observations as preliminary and revisable""}"
anp.diesel_s10.revenda.br.mean,2024-06-09,2024-06-18T02:59:59Z,2026-08-14T23:52:49Z,5.97470520564,BRL/L,ANP,0,country,BR,Brasil,"{""aggregation"":""station-day median, then unweighted national mean"",""availability_basis"":""conservative_lag_proxy"",""number_of_municipalities"":449,""number_of_states"":27,""number_of_station_days"":3477,""number_of_stations"":3477,""product"":""DIESEL S10"",""publication_lag_assumption_days"":8,""published_at"":null,""week_convention"":""W-SUN""}"
anp.producer_importer.diesel_s10.br.weighted_mean,2024-06-09,2024-06-22T02:59:59Z,2026-08-14T23:52:49Z,3.87933,BRL/L,ANP,0,country,BR,Brasil,"{""availability_status"":""official_estimate_in_workbook"",""excludes_icms"":true,""period_end"":""2024-06-09"",""period_start"":""2024-06-03"",""product"":""Óleo Diesel S-10 (R$/litro)"",""publication_lag_days"":12,""weighted_average"":true}"
bcb.usd_brl.ptax.sell.weekly_last,2024-06-09,2024-06-11T02:59:59Z,2026-08-14T23:52:49Z,5.2802,BRL/USD,BCB,0,country,BR,Brasil,"{""aggregation"":""last business-day observation in W-SUN week"",""daily_observations"":5,""publication_lag_assumption_days"":1,""week_convention"":""W-SUN""}"
eia.brent.rbrte.weekly_last,2024-06-09,2024-06-13T02:59:59Z,2026-08-14T23:52:49Z,78.12,USD/bbl,EIA,0,global,GLOBAL,Global,"{""aggregation"":""last business-day observation in W-SUN week"",""daily_observations"":5,""publication_lag_assumption_days"":3,""series"":""RBRTE"",""week_convention"":""W-SUN""}"
anp.distribution.diesel_s10.br.mean,2024-06-15,2024-06-30T02:59:59Z,2026-08-14T23:52:49Z,5.24185292714,BRL/L,ANP,0,country,BR,Brasil,"{""availability_status"":""assumed_unverified"",""dispersion"":0.11080620788550123,""period_end"":""2024-06-15"",""period_start"":""2024-06-09"",""product"":""ÓLEO DIESEL B S10 - COMUM"",""publication_lag_assumption_days"":14,""revision_warning"":""Source labels observations as preliminary and revisable""}"
anp.diesel_s10.revenda.br.mean,2024-06-16,2024-06-25T02:59:59Z,2026-08-14T23:52:49Z,5.98344505975,BRL/L,ANP,0,country,BR,Brasil,"{""aggregation"":""station-day median, then unweighted national mean"",""availability_basis"":""conservative_lag_proxy"",""number_of_municipalities"":447,""number_of_states"":27,""number_of_station_days"":3431,""number_of_stations"":3430,""product"":""DIESEL S10"",""publication_lag_assumption_days"":8,""published_at"":null,""week_convention"":""W-SUN""}"
anp.producer_importer.diesel_s10.br.weighted_mean,2024-06-16,2024-06-29T02:59:59Z,2026-08-14T23:52:49Z,3.87045,BRL/L,ANP,0,country,BR,Brasil,"{""availability_status"":""official_estimate_in_workbook"",""excludes_icms"":true,""period_end"":""2024-06-16"",""period_start"":""2024-06-10"",""product"":""Óleo Diesel S-10 (R$/litro)"",""publication_lag_days"":12,""weighted_average"":true}"
bcb.usd_brl.ptax.sell.weekly_last,2024-06-16,2024-06-18T02:59:59Z,2026-08-14T23:52:49Z,5.363,BRL/USD,BCB,0,country,BR,Brasil,"{""aggregation"":""last business-day observation in W-SUN week"",""daily_observations"":5,""publication_lag_assumption_days"":1,""week_convention"":""W-SUN""}"
eia.brent.rbrte.weekly_last,2024-06-16,2024-06-20T02:59:59Z,2026-08-14T23:52:49Z,81.49,USD/bbl,EIA,0,global,GLOBAL,Global,"{""aggregation"":""last business-day observation in W-SUN week"",""daily_observations"":5,""publication_lag_assumption_days"":3,""series"":""RBRTE"",""week_convention"":""W-SUN""}"
anp.distribution.diesel_s10.br.mean,2024-06-22,2024-07-07T02:59:59Z,2026-08-14T23:52:49Z,5.2739136691,BRL/L,ANP,0,country,BR,Brasil,"{""availability_status"":""assumed_unverified"",""dispersion"":0.10457151955777429,""period_end"":""2024-06-22"",""period_start"":""2024-06-16"",""product"":""ÓLEO DIESEL B S10 - COMUM"",""publication_lag_assumption_days"":14,""revision_warning"":""Source labels observations as preliminary and revisable""}"
anp.diesel_s10.revenda.br.mean,2024-06-23,2024-07-02T02:59:59Z,2026-08-14T23:52:49Z,5.99229560663,BRL/L,ANP,0,country,BR,Brasil,"{""aggregation"":""station-day median, then unweighted national mean"",""availability_basis"":""conservative_lag_proxy"",""number_of_municipalities"":433,""number_of_states"":27,""number_of_station_days"":3437,""number_of_stations"":3437,""product"":""DIESEL S10"",""publication_lag_assumption_days"":8,""published_at"":null,""week_convention"":""W-SUN""}"
anp.producer_importer.diesel_s10.br.weighted_mean,2024-06-23,2024-07-06T02:59:59Z,2026-08-14T23:52:49Z,3.88519,BRL/L,ANP,0,country,BR,Brasil,"{""availability_status"":""official_estimate_in_workbook"",""excludes_icms"":true,""period_end"":""2024-06-23"",""period_start"":""2024-06-17"",""product"":""Óleo Diesel S-10 (R$/litro)"",""publication_lag_days"":12,""weighted_average"":true}"
bcb.usd_brl.ptax.sell.weekly_last,2024-06-23,2024-06-25T02:59:59Z,2026-08-14T23:52:49Z,5.4416,BRL/USD,BCB,0,country,BR,Brasil,"{""aggregation"":""last business-day observation in W-SUN week"",""daily_observations"":5,""publication_lag_assumption_days"":1,""week_convention"":""W-SUN""}"
eia.brent.rbrte.weekly_last,2024-06-23,2024-06-27T02:59:59Z,2026-08-14T23:52:49Z,86.42,USD/bbl,EIA,0,global,GLOBAL,Global,"{""aggregation"":""last business-day observation in W-SUN week"",""daily_observations"":5,""publication_lag_assumption_days"":3,""series"":""RBRTE"",""week_convention"":""W-SUN""}"
anp.distribution.diesel_s10.br.mean,2024-06-29,2024-07-14T02:59:59Z,2026-08-14T23:52:49Z,5.30238917121,BRL/L,ANP,0,country,BR,Brasil,"{""availability_status"":""assumed_unverified"",""dispersion"":0.1060386521219964,""period_end"":""2024-06-29"",""period_start"":""2024-06-23"",""product"":""ÓLEO DIESEL B S10 - COMUM"",""publication_lag_assumption_days"":14,""revision_warning"":""Source labels observations as preliminary and revisable""}"
anp.diesel_s10.revenda.br.mean,2024-06-30,2024-07-09T02:59:59Z,2026-08-14T23:52:49Z,5.98860672819,BRL/L,ANP,0,country,BR,Brasil,"{""aggregation"":""station-day median, then unweighted national mean"",""availability_basis"":""conservative_lag_proxy"",""number_of_municipalities"":415,""number_of_states"":27,""number_of_station_days"":3359,""number_of_stations"":3359,""product"":""DIESEL S10"",""publication_lag_assumption_days"":8,""published_at"":null,""week_convention"":""W-SUN""}"
anp.producer_importer.diesel_s10.br.weighted_mean,2024-06-30,2024-07-13T02:59:59Z,2026-08-14T23:52:49Z,3.88538,BRL/L,ANP,0,country,BR,Brasil,"{""availability_status"":""official_estimate_in_workbook"",""excludes_icms"":true,""period_end"":""2024-06-30"",""period_start"":""2024-06-24"",""product"":""Óleo Diesel S-10 (R$/litro)"",""publication_lag_days"":12,""weighted_average"":true}"
bcb.usd_brl.ptax.sell.weekly_last,2024-06-30,2024-07-02T02:59:59Z,2026-08-14T23:52:49Z,5.5589,BRL/USD,BCB,0,country,BR,Brasil,"{""aggregation"":""last business-day observation in W-SUN week"",""daily_observations"":5,""publication_lag_assumption_days"":1,""week_convention"":""W-SUN""}"
eia.brent.rbrte.weekly_last,2024-06-30,2024-07-04T02:59:59Z,2026-08-14T23:52:49Z,87.26,USD/bbl,EIA,0,global,GLOBAL,Global,"{""aggregation"":""last business-day observation in W-SUN week"",""daily_observations"":5,""publication_lag_assumption_days"":3,""series"":""RBRTE"",""week_convention"":""W-SUN""}"
anp.distribution.diesel_s10.br.mean,2024-07-06,2024-07-21T02:59:59Z,2026-08-14T23:52:49Z,5.34573241281,BRL/L,ANP,0,country,BR,Brasil,"{""availability_status"":""assumed_unverified"",""dispersion"":0.10373798485786531,""period_end"":""2024-07-06"",""period_start"":""2024-06-30"",""product"":""ÓLEO DIESEL B S10 - COMUM"",""publication_lag_assumption_days"":14,""revision_warning"":""Source labels observations as preliminary and revisable""}"
anp.diesel_s10.revenda.br.mean,2024-07-07,2024-07-16T02:59:59Z,2026-08-14T23:52:49Z,6.00013596193,BRL/L,ANP,0,country,BR,Brasil,"{""aggregation"":""station-day median, then unweighted national mean"",""availability_basis"":""conservative_lag_proxy"",""number_of_municipalities"":338,""number_of_states"":27,""number_of_station_days"":2942,""number_of_stations"":2942,""product"":""DIESEL S10"",""publication_lag_assumption_days"":8,""published_at"":null,""week_convention"":""W-SUN""}"
anp.producer_importer.diesel_s10.br.weighted_mean,2024-07-07,2024-07-20T02:59:59Z,2026-08-14T23:52:49Z,3.91101,BRL/L,ANP,0,country,BR,Brasil,"{""availability_status"":""official_estimate_in_workbook"",""excludes_icms"":true,""period_end"":""2024-07-07"",""period_start"":""2024-07-01"",""product"":""Óleo Diesel S-10 (R$/litro)"",""publication_lag_days"":12,""weighted_average"":true}"
bcb.usd_brl.ptax.sell.weekly_last,2024-07-07,2024-07-09T02:59:59Z,2026-08-14T23:52:49Z,5.497,BRL/USD,BCB,0,country,BR,Brasil,"{""aggregation"":""last business-day observation in W-SUN week"",""daily_observations"":5,""publication_lag_assumption_days"":1,""week_convention"":""W-SUN""}"
eia.brent.rbrte.weekly_last,2024-07-07,2024-07-11T02:59:59Z,2026-08-14T23:52:49Z,88.66,USD/bbl,EIA,0,global,GLOBAL,Global,"{""aggregation"":""last business-day observation in W-SUN week"",""daily_observations"":5,""publication_lag_assumption_days"":3,""series"":""RBRTE"",""week_convention"":""W-SUN""}"
anp.distribution.diesel_s10.br.mean,2024-07-13,2024-07-28T02:59:59Z,2026-08-14T23:52:49Z,5.38332921573,BRL/L,ANP,0,country,BR,Brasil,"{""availability_status"":""assumed_unverified"",""dispersion"":0.09767830272219807,""period_end"":""2024-07-13"",""period_start"":""2024-07-07"",""product"":""ÓLEO DIESEL B S10 - COMUM"",""publication_lag_assumption_days"":14,""revision_warning"":""Source labels observations as preliminary and revisable""}"
anp.diesel_s10.revenda.br.mean,2024-07-14,2024-07-23T02:59:59Z,2026-08-14T23:52:49Z,6.04156081081,BRL/L,ANP,0,country,BR,Brasil,"{""aggregation"":""station-day median, then unweighted national mean"",""availability_basis"":""conservative_lag_proxy"",""number_of_municipalities"":335,""number_of_states"":27,""number_of_station_days"":2960,""number_of_stations"":2960,""product"":""DIESEL S10"",""publication_lag_assumption_days"":8,""published_at"":null,""week_convention"":""W-SUN""}"
anp.producer_importer.diesel_s10.br.weighted_mean,2024-07-14,2024-07-27T02:59:59Z,2026-08-14T23:52:49Z,3.91742,BRL/L,ANP,0,country,BR,Brasil,"{""availability_status"":""official_estimate_in_workbook"",""excludes_icms"":true,""period_end"":""2024-07-14"",""period_start"":""2024-07-08"",""product"":""Óleo Diesel S-10 (R$/litro)"",""publication_lag_days"":12,""weighted_average"":true}"
bcb.usd_brl.ptax.sell.weekly_last,2024-07-14,2024-07-16T02:59:59Z,2026-08-14T23:52:49Z,5.4529,BRL/USD,BCB,0,country,BR,Brasil,"{""aggregation"":""last business-day observation in W-SUN week"",""daily_observations"":5,""publication_lag_assumption_days"":1,""week_convention"":""W-SUN""}"
eia.brent.rbrte.weekly_last,2024-07-14,2024-07-18T02:59:59Z,2026-08-14T23:52:49Z,87.35,USD/bbl,EIA,0,global,GLOBAL,Global,"{""aggregation"":""last business-day observation in W-SUN week"",""daily_observations"":5,""publication_lag_assumption_days"":3,""series"":""RBRTE"",""week_convention"":""W-SUN""}"
anp.distribution.diesel_s10.br.mean,2024-07-20,2024-08-04T02:59:59Z,2026-08-14T23:52:49Z,5.38584217752,BRL/L,ANP,0,country,BR,Brasil,"{""availability_status"":""assumed_unverified"",""dispersion"":0.08968607049574195,""period_end"":""2024-07-20"",""period_start"":""2024-07-14"",""product"":""ÓLEO DIESEL B S10 - COMUM"",""publication_lag_assumption_days"":14,""revision_warning"":""Source labels observations as preliminary and revisable""}"
anp.diesel_s10.revenda.br.mean,2024-07-21,2024-07-30T02:59:59Z,2026-08-14T23:52:49Z,6.06838390726,BRL/L,ANP,0,country,BR,Brasil,"{""aggregation"":""station-day median, then unweighted national mean"",""availability_basis"":""conservative_lag_proxy"",""number_of_municipalities"":339,""number_of_states"":27,""number_of_station_days"":2933,""number_of_stations"":2933,""product"":""DIESEL S10"",""publication_lag_assumption_days"":8,""published_at"":null,""week_convention"":""W-SUN""}"
anp.producer_importer.diesel_s10.br.weighted_mean,2024-07-21,2024-08-03T02:59:59Z,2026-08-14T23:52:49Z,3.88852,BRL/L,ANP,0,country,BR,Brasil,"{""availability_status"":""official_estimate_in_workbook"",""excludes_icms"":true,""period_end"":""2024-07-21"",""period_start"":""2024-07-15"",""product"":""Óleo Diesel S-10 (R$/litro)"",""publication_lag_days"":12,""weighted_average"":true}"
bcb.usd_brl.ptax.sell.weekly_last,2024-07-21,2024-07-23T02:59:59Z,2026-08-14T23:52:49Z,5.5543,BRL/USD,BCB,0,country,BR,Brasil,"{""aggregation"":""last business-day observation in W-SUN week"",""daily_observations"":5,""publication_lag_assumption_days"":1,""week_convention"":""W-SUN""}"
eia.brent.rbrte.weekly_last,2024-07-21,2024-07-25T02:59:59Z,2026-08-14T23:52:49Z,85.19,USD/bbl,EIA,0,global,GLOBAL,Global,"{""aggregation"":""last business-day observation in W-SUN week"",""daily_observations"":5,""publication_lag_assumption_days"":3,""series"":""RBRTE"",""week_convention"":""W-SUN""}"
anp.distribution.diesel_s10.br.mean,2024-07-27,2024-08-11T02:59:59Z,2026-08-14T23:52:49Z,5.37759857754,BRL/L,ANP,0,country,BR,Brasil,"{""availability_status"":""assumed_unverified"",""dispersion"":0.090428799731481,""period_end"":""2024-07-27"",""period_start"":""2024-07-21"",""product"":""ÓLEO DIESEL B S10 - COMUM"",""publication_lag_assumption_days"":14,""revision_warning"":""Source labels observations as preliminary and revisable""}"
anp.diesel_s10.revenda.br.mean,2024-07-28,2024-08-06T02:59:59Z,2026-08-14T23:52:49Z,6.07095876634,BRL/L,ANP,0,country,BR,Brasil,"{""aggregation"":""station-day median, then unweighted national mean"",""availability_basis"":""conservative_lag_proxy"",""number_of_municipalities"":342,""number_of_states"":27,""number_of_station_days"":2983,""number_of_stations"":2983,""product"":""DIESEL S10"",""publication_lag_assumption_days"":8,""published_at"":null,""week_convention"":""W-SUN""}"
anp.producer_importer.diesel_s10.br.weighted_mean,2024-07-28,2024-08-10T02:59:59Z,2026-08-14T23:52:49Z,3.90568,BRL/L,ANP,0,country,BR,Brasil,"{""availability_status"":""official_estimate_in_workbook"",""excludes_icms"":true,""period_end"":""2024-07-28"",""period_start"":""2024-07-22"",""product"":""Óleo Diesel S-10 (R$/litro)"",""publication_lag_days"":12,""weighted_average"":true}"
bcb.usd_brl.ptax.sell.weekly_last,2024-07-28,2024-07-30T02:59:59Z,2026-08-14T23:52:49Z,5.6465,BRL/USD,BCB,0,country,BR,Brasil,"{""aggregation"":""last business-day observation in W-SUN week"",""daily_observations"":5,""publication_lag_assumption_days"":1,""week_convention"":""W-SUN""}"
eia.brent.rbrte.weekly_last,2024-07-28,2024-08-01T02:59:59Z,2026-08-14T23:52:49Z,81.35,USD/bbl,EIA,0,global,GLOBAL,Global,"{""aggregation"":""last business-day observation in W-SUN week"",""daily_observations"":5,""publication_lag_assumption_days"":3,""series"":""RBRTE"",""week_convention"":""W-SUN""}"
anp.distribution.diesel_s10.br.mean,2024-08-03,2024-08-18T02:59:59Z,2026-08-14T23:52:49Z,5.37662850791,BRL/L,ANP,0,country,BR,Brasil,"{""availability_status"":""assumed_unverified"",""dispersion"":0.12164798264139108,""period_end"":""2024-08-03"",""period_start"":""2024-07-28"",""product"":""ÓLEO DIESEL B S10 - COMUM"",""publication_lag_assumption_days"":14,""revision_warning"":""Source labels observations as preliminary and revisable""}"
anp.diesel_s10.revenda.br.mean,2024-08-04,2024-08-13T02:59:59Z,2026-08-14T23:52:49Z,6.06568289385,BRL/L,ANP,0,country,BR,Brasil,"{""aggregation"":""station-day median, then unweighted national mean"",""availability_basis"":""conservative_lag_proxy"",""number_of_municipalities"":340,""number_of_states"":27,""number_of_station_days"":2958,""number_of_stations"":2958,""product"":""DIESEL S10"",""publication_lag_assumption_days"":8,""published_at"":null,""week_convention"":""W-SUN""}"
anp.producer_importer.diesel_s10.br.weighted_mean,2024-08-04,2024-08-17T02:59:59Z,2026-08-14T23:52:49Z,3.91102,BRL/L,ANP,0,country,BR,Brasil,"{""availability_status"":""official_estimate_in_workbook"",""excludes_icms"":true,""period_end"":""2024-08-04"",""period_start"":""2024-07-29"",""product"":""Óleo Diesel S-10 (R$/litro)"",""publication_lag_days"":12,""weighted_average"":true}"
bcb.usd_brl.ptax.sell.weekly_last,2024-08-04,2024-08-06T02:59:59Z,2026-08-14T23:52:49Z,5.7366,BRL/USD,BCB,0,country,BR,Brasil,"{""aggregation"":""last business-day observation in W-SUN week"",""daily_observations"":5,""publication_lag_assumption_days"":1,""week_convention"":""W-SUN""}"
eia.brent.rbrte.weekly_last,2024-08-04,2024-08-08T02:59:59Z,2026-08-14T23:52:49Z,78.35,USD/bbl,EIA,0,global,GLOBAL,Global,"{""aggregation"":""last business-day observation in W-SUN week"",""daily_observations"":5,""publication_lag_assumption_days"":3,""series"":""RBRTE"",""week_convention"":""W-SUN""}"
anp.distribution.diesel_s10.br.mean,2024-08-10,2024-08-25T02:59:59Z,2026-08-14T23:52:49Z,5.37964733827,BRL/L,ANP,0,country,BR,Brasil,"{""availability_status"":""assumed_unverified"",""dispersion"":0.1235416270346119,""period_end"":""2024-08-10"",""period_start"":""2024-08-04"",""product"":""ÓLEO DIESEL B S10 - COMUM"",""publication_lag_assumption_days"":14,""revision_warning"":""Source labels observations as preliminary and revisable""}"
anp.diesel_s10.revenda.br.mean,2024-08-11,2024-08-20T02:59:59Z,2026-08-14T23:52:49Z,6.06586135182,BRL/L,ANP,0,country,BR,Brasil,"{""aggregation"":""station-day median, then unweighted national mean"",""availability_basis"":""conservative_lag_proxy"",""number_of_municipalities"":337,""number_of_states"":27,""number_of_station_days"":2885,""number_of_stations"":2885,""product"":""DIESEL S10"",""publication_lag_assumption_days"":8,""published_at"":null,""week_convention"":""W-SUN""}"
anp.producer_importer.diesel_s10.br.weighted_mean,2024-08-11,2024-08-24T02:59:59Z,2026-08-14T23:52:49Z,3.89454,BRL/L,ANP,0,country,BR,Brasil,"{""availability_status"":""official_estimate_in_workbook"",""excludes_icms"":true,""period_end"":""2024-08-11"",""period_start"":""2024-08-05"",""product"":""Óleo Diesel S-10 (R$/litro)"",""publication_lag_days"":12,""weighted_average"":true}"
bcb.usd_brl.ptax.sell.weekly_last,2024-08-11,2024-08-13T02:59:59Z,2026-08-14T23:52:49Z,5.5115,BRL/USD,BCB,0,country,BR,Brasil,"{""aggregation"":""last business-day observation in W-SUN week"",""daily_observations"":5,""publication_lag_assumption_days"":1,""week_convention"":""W-SUN""}"
eia.brent.rbrte.weekly_last,2024-08-11,2024-08-15T02:59:59Z,2026-08-14T23:52:49Z,81.07,USD/bbl,EIA,0,global,GLOBAL,Global,"{""aggregation"":""last business-day observation in W-SUN week"",""daily_observations"":5,""publication_lag_assumption_days"":3,""series"":""RBRTE"",""week_convention"":""W-SUN""}"
anp.distribution.diesel_s10.br.mean,2024-08-17,2024-09-01T02:59:59Z,2026-08-14T23:52:49Z,5.37426964957,BRL/L,ANP,0,country,BR,Brasil,"{""availability_status"":""assumed_unverified"",""dispersion"":0.12403118215449617,""period_end"":""2024-08-17"",""period_start"":""2024-08-11"",""product"":""ÓLEO DIESEL B S10 - COMUM"",""publication_lag_assumption_days"":14,""revision_warning"":""Source labels observations as preliminary and revisable""}"
anp.diesel_s10.revenda.br.mean,2024-08-18,2024-08-27T02:59:59Z,2026-08-14T23:52:49Z,6.05829350387,BRL/L,ANP,0,country,BR,Brasil,"{""aggregation"":""station-day median, then unweighted national mean"",""availability_basis"":""conservative_lag_proxy"",""number_of_municipalities"":344,""number_of_states"":27,""number_of_station_days"":2971,""number_of_stations"":2971,""product"":""DIESEL S10"",""publication_lag_assumption_days"":8,""published_at"":null,""week_convention"":""W-SUN""}"
anp.producer_importer.diesel_s10.br.weighted_mean,2024-08-18,2024-08-31T02:59:59Z,2026-08-14T23:52:49Z,3.90086,BRL/L,ANP,0,country,BR,Brasil,"{""availability_status"":""official_estimate_in_workbook"",""excludes_icms"":true,""period_end"":""2024-08-18"",""period_start"":""2024-08-12"",""product"":""Óleo Diesel S-10 (R$/litro)"",""publication_lag_days"":12,""weighted_average"":true}"
bcb.usd_brl.ptax.sell.weekly_last,2024-08-18,2024-08-20T02:59:59Z,2026-08-14T23:52:49Z,5.4632,BRL/USD,BCB,0,country,BR,Brasil,"{""aggregation"":""last business-day observation in W-SUN week"",""daily_observations"":5,""publication_lag_assumption_days"":1,""week_convention"":""W-SUN""}"
eia.brent.rbrte.weekly_last,2024-08-18,2024-08-22T02:59:59Z,2026-08-14T23:52:49Z,81.56,USD/bbl,EIA,0,global,GLOBAL,Global,"{""aggregation"":""last business-day observation in W-SUN week"",""daily_observations"":5,""publication_lag_assumption_days"":3,""series"":""RBRTE"",""week_convention"":""W-SUN""}"
anp.distribution.diesel_s10.br.mean,2024-08-24,2024-09-08T02:59:59Z,2026-08-14T23:52:49Z,5.37052781454,BRL/L,ANP,0,country,BR,Brasil,"{""availability_status"":""assumed_unverified"",""dispersion"":0.12355577353672854,""period_end"":""2024-08-24"",""period_start"":""2024-08-18"",""product"":""ÓLEO DIESEL B S10 - COMUM"",""publication_lag_assumption_days"":14,""revision_warning"":""Source labels observations as preliminary and revisable""}"
anp.diesel_s10.revenda.br.mean,2024-08-25,2024-09-03T02:59:59Z,2026-08-14T23:52:49Z,6.0624135616,BRL/L,ANP,0,country,BR,Brasil,"{""aggregation"":""station-day median, then unweighted national mean"",""availability_basis"":""conservative_lag_proxy"",""number_of_municipalities"":347,""number_of_states"":27,""number_of_station_days"":2979,""number_of_stations"":2979,""product"":""DIESEL S10"",""publication_lag_assumption_days"":8,""published_at"":null,""week_convention"":""W-SUN""}"
anp.producer_importer.diesel_s10.br.weighted_mean,2024-08-25,2024-09-07T02:59:59Z,2026-08-14T23:52:49Z,3.91954,BRL/L,ANP,0,country,BR,Brasil,"{""availability_status"":""official_estimate_in_workbook"",""excludes_icms"":true,""period_end"":""2024-08-25"",""period_start"":""2024-08-19"",""product"":""Óleo Diesel S-10 (R$/litro)"",""publication_lag_days"":12,""weighted_average"":true}"
bcb.usd_brl.ptax.sell.weekly_last,2024-08-25,2024-08-27T02:59:59Z,2026-08-14T23:52:49Z,5.5263,BRL/USD,BCB,0,country,BR,Brasil,"{""aggregation"":""last business-day observation in W-SUN week"",""daily_observations"":5,""publication_lag_assumption_days"":1,""week_convention"":""W-SUN""}"
eia.brent.rbrte.weekly_last,2024-08-25,2024-08-29T02:59:59Z,2026-08-14T23:52:49Z,80.34,USD/bbl,EIA,0,global,GLOBAL,Global,"{""aggregation"":""last business-day observation in W-SUN week"",""daily_observations"":5,""publication_lag_assumption_days"":3,""series"":""RBRTE"",""week_convention"":""W-SUN""}"
anp.distribution.diesel_s10.br.mean,2024-08-31,2024-09-15T02:59:59Z,2026-08-14T23:52:49Z,5.35904558282,BRL/L,ANP,0,country,BR,Brasil,"{""availability_status"":""assumed_unverified"",""dispersion"":0.12403154120202615,""period_end"":""2024-08-31"",""period_start"":""2024-08-25"",""product"":""ÓLEO DIESEL B S10 - COMUM"",""publication_lag_assumption_days"":14,""revision_warning"":""Source labels observations as preliminary and revisable""}"
anp.diesel_s10.revenda.br.mean,2024-09-01,2024-09-10T02:59:59Z,2026-08-14T23:52:49Z,6.06170190641,BRL/L,ANP,0,country,BR,Brasil,"{""aggregation"":""station-day median, then unweighted national mean"",""availability_basis"":""conservative_lag_proxy"",""number_of_municipalities"":339,""number_of_states"":27,""number_of_station_days"":2885,""number_of_stations"":2885,""product"":""DIESEL S10"",""publication_lag_assumption_days"":8,""published_at"":null,""week_convention"":""W-SUN""}"
anp.producer_importer.diesel_s10.br.weighted_mean,2024-09-01,2024-09-14T02:59:59Z,2026-08-14T23:52:49Z,3.89491,BRL/L,ANP,0,country,BR,Brasil,"{""availability_status"":""official_estimate_in_workbook"",""excludes_icms"":true,""period_end"":""2024-09-01"",""period_start"":""2024-08-26"",""product"":""Óleo Diesel S-10 (R$/litro)"",""publication_lag_days"":12,""weighted_average"":true}"
bcb.usd_brl.ptax.sell.weekly_last,2024-09-01,2024-09-03T02:59:59Z,2026-08-14T23:52:49Z,5.6562,BRL/USD,BCB,0,country,BR,Brasil,"{""aggregation"":""last business-day observation in W-SUN week"",""daily_observations"":5,""publication_lag_assumption_days"":1,""week_convention"":""W-SUN""}"
eia.brent.rbrte.weekly_last,2024-09-01,2024-09-05T02:59:59Z,2026-08-14T23:52:49Z,80.2,USD/bbl,EIA,0,global,GLOBAL,Global,"{""aggregation"":""last business-day observation in W-SUN week"",""daily_observations"":4,""publication_lag_assumption_days"":3,""series"":""RBRTE"",""week_convention"":""W-SUN""}"
anp.distribution.diesel_s10.br.mean,2024-09-07,2024-09-22T02:59:59Z,2026-08-14T23:52:49Z,5.37074953581,BRL/L,ANP,0,country,BR,Brasil,"{""availability_status"":""assumed_unverified"",""dispersion"":0.13005805091418315,""period_end"":""2024-09-07"",""period_start"":""2024-09-01"",""product"":""ÓLEO DIESEL B S10 - COMUM"",""publication_lag_assumption_days"":14,""revision_warning"":""Source labels observations as preliminary and revisable""}"
anp.diesel_s10.revenda.br.mean,2024-09-08,2024-09-17T02:59:59Z,2026-08-14T23:52:49Z,6.05789329685,BRL/L,ANP,0,country,BR,Brasil,"{""aggregation"":""station-day median, then unweighted national mean"",""availability_basis"":""conservative_lag_proxy"",""number_of_municipalities"":337,""number_of_states"":27,""number_of_station_days"":2924,""number_of_stations"":2924,""product"":""DIESEL S10"",""publication_lag_assumption_days"":8,""published_at"":null,""week_convention"":""W-SUN""}"
anp.producer_importer.diesel_s10.br.weighted_mean,2024-09-08,2024-09-21T02:59:59Z,2026-08-14T23:52:49Z,3.91128,BRL/L,ANP,0,country,BR,Brasil,"{""availability_status"":""official_estimate_in_workbook"",""excludes_icms"":true,""period_end"":""2024-09-08"",""period_start"":""2024-09-02"",""product"":""Óleo Diesel S-10 (R$/litro)"",""publication_lag_days"":12,""weighted_average"":true}"
bcb.usd_brl.ptax.sell.weekly_last,2024-09-08,2024-09-10T02:59:59Z,2026-08-14T23:52:49Z,5.5702,BRL/USD,BCB,0,country,BR,Brasil,"{""aggregation"":""last business-day observation in W-SUN week"",""daily_observations"":5,""publication_lag_assumption_days"":1,""week_convention"":""W-SUN""}"
eia.brent.rbrte.weekly_last,2024-09-08,2024-09-12T02:59:59Z,2026-08-14T23:52:49Z,72.82,USD/bbl,EIA,0,global,GLOBAL,Global,"{""aggregation"":""last business-day observation in W-SUN week"",""daily_observations"":5,""publication_lag_assumption_days"":3,""series"":""RBRTE"",""week_convention"":""W-SUN""}"
anp.distribution.diesel_s10.br.mean,2024-09-14,2024-09-29T02:59:59Z,2026-08-14T23:52:49Z,5.35879086388,BRL/L,ANP,0,country,BR,Brasil,"{""availability_status"":""assumed_unverified"",""dispersion"":0.1376934817517121,""period_end"":""2024-09-14"",""period_start"":""2024-09-08"",""product"":""ÓLEO DIESEL B S10 - COMUM"",""publication_lag_assumption_days"":14,""revision_warning"":""Source labels observations as preliminary and revisable""}"
anp.diesel_s10.revenda.br.mean,2024-09-15,2024-09-24T02:59:59Z,2026-08-14T23:52:49Z,6.05814521679,BRL/L,ANP,0,country,BR,Brasil,"{""aggregation"":""station-day median, then unweighted national mean"",""availability_basis"":""conservative_lag_proxy"",""number_of_municipalities"":336,""number_of_states"":27,""number_of_station_days"":2906,""number_of_stations"":2906,""product"":""DIESEL S10"",""publication_lag_assumption_days"":8,""published_at"":null,""week_convention"":""W-SUN""}"
anp.producer_importer.diesel_s10.br.weighted_mean,2024-09-15,2024-09-28T02:59:59Z,2026-08-14T23:52:49Z,3.87644,BRL/L,ANP,0,country,BR,Brasil,"{""availability_status"":""official_estimate_in_workbook"",""excludes_icms"":true,""period_end"":""2024-09-15"",""period_start"":""2024-09-09"",""product"":""Óleo Diesel S-10 (R$/litro)"",""publication_lag_days"":12,""weighted_average"":true}"
bcb.usd_brl.ptax.sell.weekly_last,2024-09-15,2024-09-17T02:59:59Z,2026-08-14T23:52:49Z,5.5717,BRL/USD,BCB,0,country,BR,Brasil,"{""aggregation"":""last business-day observation in W-SUN week"",""daily_observations"":5,""publication_lag_assumption_days"":1,""week_convention"":""W-SUN""}"
eia.brent.rbrte.weekly_last,2024-09-15,2024-09-19T02:59:59Z,2026-08-14T23:52:49Z,73.68,USD/bbl,EIA,0,global,GLOBAL,Global,"{""aggregation"":""last business-day observation in W-SUN week"",""daily_observations"":5,""publication_lag_assumption_days"":3,""series"":""RBRTE"",""week_convention"":""W-SUN""}"
anp.distribution.diesel_s10.br.mean,2024-09-21,2024-10-06T02:59:59Z,2026-08-14T23:52:49Z,5.34573912255,BRL/L,ANP,0,country,BR,Brasil,"{""availability_status"":""assumed_unverified"",""dispersion"":0.14381276527228049,""period_end"":""2024-09-21"",""period_start"":""2024-09-15"",""product"":""ÓLEO DIESEL B S10 - COMUM"",""publication_lag_assumption_days"":14,""revision_warning"":""Source labels observations as preliminary and revisable""}"
anp.diesel_s10.revenda.br.mean,2024-09-22,2024-10-01T02:59:59Z,2026-08-14T23:52:49Z,6.0553277027,BRL/L,ANP,0,country,BR,Brasil,"{""aggregation"":""station-day median, then unweighted national mean"",""availability_basis"":""conservative_lag_proxy"",""number_of_municipalities"":342,""number_of_states"":27,""number_of_station_days"":2960,""number_of_stations"":2960,""product"":""DIESEL S10"",""publication_lag_assumption_days"":8,""published_at"":null,""week_convention"":""W-SUN""}"
anp.producer_importer.diesel_s10.br.weighted_mean,2024-09-22,2024-10-05T02:59:59Z,2026-08-14T23:52:49Z,3.9098,BRL/L,ANP,0,country,BR,Brasil,"{""availability_status"":""official_estimate_in_workbook"",""excludes_icms"":true,""period_end"":""2024-09-22"",""period_start"":""2024-09-16"",""product"":""Óleo Diesel S-10 (R$/litro)"",""publication_lag_days"":12,""weighted_average"":true}"
bcb.usd_brl.ptax.sell.weekly_last,2024-09-22,2024-09-24T02:59:59Z,2026-08-14T23:52:49Z,5.4775,BRL/USD,BCB,0,country,BR,Brasil,"{""aggregation"":""last business-day observation in W-SUN week"",""daily_observations"":5,""publication_lag_assumption_days"":1,""week_convention"":""W-SUN""}"
eia.brent.rbrte.weekly_last,2024-09-22,2024-09-26T02:59:59Z,2026-08-14T23:52:49Z,75.96,USD/bbl,EIA,0,global,GLOBAL,Global,"{""aggregation"":""last business-day observation in W-SUN week"",""daily_observations"":5,""publication_lag_assumption_days"":3,""series"":""RBRTE"",""week_convention"":""W-SUN""}"
anp.distribution.diesel_s10.br.mean,2024-09-28,2024-10-13T02:59:59Z,2026-08-14T23:52:49Z,5.33538283624,BRL/L,ANP,0,country,BR,Brasil,"{""availability_status"":""assumed_unverified"",""dispersion"":0.14760665581546642,""period_end"":""2024-09-28"",""period_start"":""2024-09-22"",""product"":""ÓLEO DIESEL B S10 - COMUM"",""publication_lag_assumption_days"":14,""revision_warning"":""Source labels observations as preliminary and revisable""}"
anp.diesel_s10.revenda.br.mean,2024-09-29,2024-10-08T02:59:59Z,2026-08-14T23:52:49Z,6.04110088616,BRL/L,ANP,0,country,BR,Brasil,"{""aggregation"":""station-day median, then unweighted national mean"",""availability_basis"":""conservative_lag_proxy"",""number_of_municipalities"":345,""number_of_states"":27,""number_of_station_days"":2934,""number_of_stations"":2934,""product"":""DIESEL S10"",""publication_lag_assumption_days"":8,""published_at"":null,""week_convention"":""W-SUN""}"
anp.producer_importer.diesel_s10.br.weighted_mean,2024-09-29,2024-10-12T02:59:59Z,2026-08-14T23:52:49Z,3.93163,BRL/L,ANP,0,country,BR,Brasil,"{""availability_status"":""official_estimate_in_workbook"",""excludes_icms"":true,""period_end"":""2024-09-29"",""period_start"":""2024-09-23"",""product"":""Óleo Diesel S-10 (R$/litro)"",""publication_lag_days"":12,""weighted_average"":true}"
bcb.usd_brl.ptax.sell.weekly_last,2024-09-29,2024-10-01T02:59:59Z,2026-08-14T23:52:49Z,5.4431,BRL/USD,BCB,0,country,BR,Brasil,"{""aggregation"":""last business-day observation in W-SUN week"",""daily_observations"":5,""publication_lag_assumption_days"":1,""week_convention"":""W-SUN""}"
eia.brent.rbrte.weekly_last,2024-09-29,2024-10-03T02:59:59Z,2026-08-14T23:52:49Z,71.63,USD/bbl,EIA,0,global,GLOBAL,Global,"{""aggregation"":""last business-day observation in W-SUN week"",""daily_observations"":5,""publication_lag_assumption_days"":3,""series"":""RBRTE"",""week_convention"":""W-SUN""}"
anp.distribution.diesel_s10.br.mean,2024-10-05,2024-10-20T02:59:59Z,2026-08-14T23:52:49Z,5.32934502955,BRL/L,ANP,0,country,BR,Brasil,"{""availability_status"":""assumed_unverified"",""dispersion"":0.14590289085036695,""period_end"":""2024-10-05"",""period_start"":""2024-09-29"",""product"":""ÓLEO DIESEL B S10 - COMUM"",""publication_lag_assumption_days"":14,""revision_warning"":""Source labels observations as preliminary and revisable""}"
anp.diesel_s10.revenda.br.mean,2024-10-06,2024-10-15T02:59:59Z,2026-08-14T23:52:49Z,6.04512253233,BRL/L,ANP,0,country,BR,Brasil,"{""aggregation"":""station-day median, then unweighted national mean"",""availability_basis"":""conservative_lag_proxy"",""number_of_municipalities"":343,""number_of_states"":27,""number_of_station_days"":2938,""number_of_stations"":2938,""product"":""DIESEL S10"",""publication_lag_assumption_days"":8,""published_at"":null,""week_convention"":""W-SUN""}"
anp.producer_importer.diesel_s10.br.weighted_mean,2024-10-06,2024-10-19T02:59:59Z,2026-08-14T23:52:49Z,3.86429,BRL/L,ANP,0,country,BR,Brasil,"{""availability_status"":""official_estimate_in_workbook"",""excludes_icms"":true,""period_end"":""2024-10-06"",""period_start"":""2024-09-30"",""product"":""Óleo Diesel S-10 (R$/litro)"",""publication_lag_days"":12,""weighted_average"":true}"
bcb.usd_brl.ptax.sell.weekly_last,2024-10-06,2024-10-08T02:59:59Z,2026-08-14T23:52:49Z,5.4686,BRL/USD,BCB,0,country,BR,Brasil,"{""aggregation"":""last business-day observation in W-SUN week"",""daily_observations"":5,""publication_lag_assumption_days"":1,""week_convention"":""W-SUN""}"
eia.brent.rbrte.weekly_last,2024-10-06,2024-10-10T02:59:59Z,2026-08-14T23:52:49Z,79.32,USD/bbl,EIA,0,global,GLOBAL,Global,"{""aggregation"":""last business-day observation in W-SUN week"",""daily_observations"":5,""publication_lag_assumption_days"":3,""series"":""RBRTE"",""week_convention"":""W-SUN""}"
anp.distribution.diesel_s10.br.mean,2024-10-12,2024-10-27T02:59:59Z,2026-08-14T23:52:49Z,5.35227649247,BRL/L,ANP,0,country,BR,Brasil,"{""availability_status"":""assumed_unverified"",""dispersion"":0.14014504988331997,""period_end"":""2024-10-12"",""period_start"":""2024-10-06"",""product"":""ÓLEO DIESEL B S10 - COMUM"",""publication_lag_assumption_days"":14,""revision_warning"":""Source labels observations as preliminary and revisable""}"
anp.diesel_s10.revenda.br.mean,2024-10-13,2024-10-22T02:59:59Z,2026-08-14T23:52:49Z,6.05093118795,BRL/L,ANP,0,country,BR,Brasil,"{""aggregation"":""station-day median, then unweighted national mean"",""availability_basis"":""conservative_lag_proxy"",""number_of_municipalities"":344,""number_of_states"":27,""number_of_station_days"":2921,""number_of_stations"":2914,""product"":""DIESEL S10"",""publication_lag_assumption_days"":8,""published_at"":null,""week_convention"":""W-SUN""}"
anp.producer_importer.diesel_s10.br.weighted_mean,2024-10-13,2024-10-26T02:59:59Z,2026-08-14T23:52:49Z,3.89927,BRL/L,ANP,0,country,BR,Brasil,"{""availability_status"":""official_estimate_in_workbook"",""excludes_icms"":true,""period_end"":""2024-10-13"",""period_start"":""2024-10-07"",""product"":""Óleo Diesel S-10 (R$/litro)"",""publication_lag_days"":12,""weighted_average"":true}"
bcb.usd_brl.ptax.sell.weekly_last,2024-10-13,2024-10-15T02:59:59Z,2026-08-14T23:52:49Z,5.6263,BRL/USD,BCB,0,country,BR,Brasil,"{""aggregation"":""last business-day observation in W-SUN week"",""daily_observations"":5,""publication_lag_assumption_days"":1,""week_convention"":""W-SUN""}"
eia.brent.rbrte.weekly_last,2024-10-13,2024-10-17T02:59:59Z,2026-08-14T23:52:49Z,80.27,USD/bbl,EIA,0,global,GLOBAL,Global,"{""aggregation"":""last business-day observation in W-SUN week"",""daily_observations"":5,""publication_lag_assumption_days"":3,""series"":""RBRTE"",""week_convention"":""W-SUN""}"
anp.distribution.diesel_s10.br.mean,2024-10-19,2024-11-03T02:59:59Z,2026-08-14T23:52:49Z,5.36921152164,BRL/L,ANP,0,country,BR,Brasil,"{""availability_status"":""assumed_unverified"",""dispersion"":0.1386795521219601,""period_end"":""2024-10-19"",""period_start"":""2024-10-13"",""product"":""ÓLEO DIESEL B S10 - COMUM"",""publication_lag_assumption_days"":14,""revision_warning"":""Source labels observations as preliminary and revisable""}"
anp.diesel_s10.revenda.br.mean,2024-10-20,2024-10-29T02:59:59Z,2026-08-14T23:52:49Z,6.06048238112,BRL/L,ANP,0,country,BR,Brasil,"{""aggregation"":""station-day median, then unweighted national mean"",""availability_basis"":""conservative_lag_proxy"",""number_of_municipalities"":344,""number_of_states"":27,""number_of_station_days"":2923,""number_of_stations"":2923,""product"":""DIESEL S10"",""publication_lag_assumption_days"":8,""published_at"":null,""week_convention"":""W-SUN""}"
anp.producer_importer.diesel_s10.br.weighted_mean,2024-10-20,2024-11-02T02:59:59Z,2026-08-14T23:52:49Z,3.88516,BRL/L,ANP,0,country,BR,Brasil,"{""availability_status"":""official_estimate_in_workbook"",""excludes_icms"":true,""period_end"":""2024-10-20"",""period_start"":""2024-10-14"",""product"":""Óleo Diesel S-10 (R$/litro)"",""publication_lag_days"":12,""weighted_average"":true}"
bcb.usd_brl.ptax.sell.weekly_last,2024-10-20,2024-10-22T02:59:59Z,2026-08-14T23:52:49Z,5.6672,BRL/USD,BCB,0,country,BR,Brasil,"{""aggregation"":""last business-day observation in W-SUN week"",""daily_observations"":5,""publication_lag_assumption_days"":1,""week_convention"":""W-SUN""}"
eia.brent.rbrte.weekly_last,2024-10-20,2024-10-24T02:59:59Z,2026-08-14T23:52:49Z,72.75,USD/bbl,EIA,0,global,GLOBAL,Global,"{""aggregation"":""last business-day observation in W-SUN week"",""daily_observations"":5,""publication_lag_assumption_days"":3,""series"":""RBRTE"",""week_convention"":""W-SUN""}"
anp.distribution.diesel_s10.br.mean,2024-10-26,2024-11-10T02:59:59Z,2026-08-14T23:52:49Z,5.36999031527,BRL/L,ANP,0,country,BR,Brasil,"{""availability_status"":""assumed_unverified"",""dispersion"":0.1399373168654213,""period_end"":""2024-10-26"",""period_start"":""2024-10-20"",""product"":""ÓLEO DIESEL B S10 - COMUM"",""publication_lag_assumption_days"":14,""revision_warning"":""Source labels observations as preliminary and revisable""}"
anp.diesel_s10.revenda.br.mean,2024-10-27,2024-11-05T02:59:59Z,2026-08-14T23:52:49Z,6.06410894418,BRL/L,ANP,0,country,BR,Brasil,"{""aggregation"":""station-day median, then unweighted national mean"",""availability_basis"":""conservative_lag_proxy"",""number_of_municipalities"":350,""number_of_states"":27,""number_of_station_days"":2974,""number_of_stations"":2974,""product"":""DIESEL S10"",""publication_lag_assumption_days"":8,""published_at"":null,""week_convention"":""W-SUN""}"
anp.producer_importer.diesel_s10.br.weighted_mean,2024-10-27,2024-11-09T02:59:59Z,2026-08-14T23:52:49Z,3.88252,BRL/L,ANP,0,country,BR,Brasil,"{""availability_status"":""official_estimate_in_workbook"",""excludes_icms"":true,""period_end"":""2024-10-27"",""period_start"":""2024-10-21"",""product"":""Óleo Diesel S-10 (R$/litro)"",""publication_lag_days"":12,""weighted_average"":true}"
bcb.usd_brl.ptax.sell.weekly_last,2024-10-27,2024-10-29T02:59:59Z,2026-08-14T23:52:49Z,5.6969,BRL/USD,BCB,0,country,BR,Brasil,"{""aggregation"":""last business-day observation in W-SUN week"",""daily_observations"":5,""publication_lag_assumption_days"":1,""week_convention"":""W-SUN""}"
eia.brent.rbrte.weekly_last,2024-10-27,2024-10-31T02:59:59Z,2026-08-14T23:52:49Z,75.62,USD/bbl,EIA,0,global,GLOBAL,Global,"{""aggregation"":""last business-day observation in W-SUN week"",""daily_observations"":5,""publication_lag_assumption_days"":3,""series"":""RBRTE"",""week_convention"":""W-SUN""}"
anp.distribution.diesel_s10.br.mean,2024-11-02,2024-11-17T02:59:59Z,2026-08-14T23:52:49Z,5.37895270812,BRL/L,ANP,0,country,BR,Brasil,"{""availability_status"":""assumed_unverified"",""dispersion"":0.14341623662815667,""period_end"":""2024-11-02"",""period_start"":""2024-10-27"",""product"":""ÓLEO DIESEL B S10 - COMUM"",""publication_lag_assumption_days"":14,""revision_warning"":""Source labels observations as preliminary and revisable""}"
anp.diesel_s10.revenda.br.mean,2024-11-03,2024-11-12T02:59:59Z,2026-08-14T23:52:49Z,6.06517020559,BRL/L,ANP,0,country,BR,Brasil,"{""aggregation"":""station-day median, then unweighted national mean"",""availability_basis"":""conservative_lag_proxy"",""number_of_municipalities"":346,""number_of_states"":27,""number_of_station_days"":2967,""number_of_stations"":2967,""product"":""DIESEL S10"",""publication_lag_assumption_days"":8,""published_at"":null,""week_convention"":""W-SUN""}"
anp.producer_importer.diesel_s10.br.weighted_mean,2024-11-03,2024-11-16T02:59:59Z,2026-08-14T23:52:49Z,3.87044,BRL/L,ANP,0,country,BR,Brasil,"{""availability_status"":""official_estimate_in_workbook"",""excludes_icms"":true,""period_end"":""2024-11-03"",""period_start"":""2024-10-28"",""product"":""Óleo Diesel S-10 (R$/litro)"",""publication_lag_days"":12,""weighted_average"":true}"
bcb.usd_brl.ptax.sell.weekly_last,2024-11-03,2024-11-05T02:59:59Z,2026-08-14T23:52:49Z,5.8073,BRL/USD,BCB,0,country,BR,Brasil,"{""aggregation"":""last business-day observation in W-SUN week"",""daily_observations"":5,""publication_lag_assumption_days"":1,""week_convention"":""W-SUN""}"
eia.brent.rbrte.weekly_last,2024-11-03,2024-11-07T02:59:59Z,2026-08-14T23:52:49Z,73.63,USD/bbl,EIA,0,global,GLOBAL,Global,"{""aggregation"":""last business-day observation in W-SUN week"",""daily_observations"":5,""publication_lag_assumption_days"":3,""series"":""RBRTE"",""week_convention"":""W-SUN""}"
anp.distribution.diesel_s10.br.mean,2024-11-09,2024-11-24T02:59:59Z,2026-08-14T23:52:49Z,5.41151497913,BRL/L,ANP,0,country,BR,Brasil,"{""availability_status"":""assumed_unverified"",""dispersion"":0.1391938453143487,""period_end"":""2024-11-09"",""period_start"":""2024-11-03"",""product"":""ÓLEO DIESEL B S10 - COMUM"",""publication_lag_assumption_days"":14,""revision_warning"":""Source labels observations as preliminary and revisable""}"
anp.diesel_s10.revenda.br.mean,2024-11-10,2024-11-19T02:59:59Z,2026-08-14T23:52:49Z,6.06149505313,BRL/L,ANP,0,country,BR,Brasil,"{""aggregation"":""station-day median, then unweighted national mean"",""availability_basis"":""conservative_lag_proxy"",""number_of_municipalities"":326,""number_of_states"":27,""number_of_station_days"":2729,""number_of_stations"":2729,""product"":""DIESEL S10"",""publication_lag_assumption_days"":8,""published_at"":null,""week_convention"":""W-SUN""}"
anp.producer_importer.diesel_s10.br.weighted_mean,2024-11-10,2024-11-23T02:59:59Z,2026-08-14T23:52:49Z,3.90823,BRL/L,ANP,0,country,BR,Brasil,"{""availability_status"":""official_estimate_in_workbook"",""excludes_icms"":true,""period_end"":""2024-11-10"",""period_start"":""2024-11-04"",""product"":""Óleo Diesel S-10 (R$/litro)"",""publication_lag_days"":12,""weighted_average"":true}"
bcb.usd_brl.ptax.sell.weekly_last,2024-11-10,2024-11-12T02:59:59Z,2026-08-14T23:52:49Z,5.7648,BRL/USD,BCB,0,country,BR,Brasil,"{""aggregation"":""last business-day observation in W-SUN week"",""daily_observations"":5,""publication_lag_assumption_days"":1,""week_convention"":""W-SUN""}"
eia.brent.rbrte.weekly_last,2024-11-10,2024-11-14T02:59:59Z,2026-08-14T23:52:49Z,74.04,USD/bbl,EIA,0,global,GLOBAL,Global,"{""aggregation"":""last business-day observation in W-SUN week"",""daily_observations"":5,""publication_lag_assumption_days"":3,""series"":""RBRTE"",""week_convention"":""W-SUN""}"
anp.distribution.diesel_s10.br.mean,2024-11-16,2024-12-01T02:59:59Z,2026-08-14T23:52:49Z,5.43307036708,BRL/L,ANP,0,country,BR,Brasil,"{""availability_status"":""assumed_unverified"",""dispersion"":0.13449575792261526,""period_end"":""2024-11-16"",""period_start"":""2024-11-10"",""product"":""ÓLEO DIESEL B S10 - COMUM"",""publication_lag_assumption_days"":14,""revision_warning"":""Source labels observations as preliminary and revisable""}"
anp.diesel_s10.revenda.br.mean,2024-11-17,2024-11-26T02:59:59Z,2026-08-14T23:52:49Z,6.07976752378,BRL/L,ANP,0,country,BR,Brasil,"{""aggregation"":""station-day median, then unweighted national mean"",""availability_basis"":""conservative_lag_proxy"",""number_of_municipalities"":343,""number_of_states"":27,""number_of_station_days"":2839,""number_of_stations"":2839,""product"":""DIESEL S10"",""publication_lag_assumption_days"":8,""published_at"":null,""week_convention"":""W-SUN""}"
anp.producer_importer.diesel_s10.br.weighted_mean,2024-11-17,2024-11-30T02:59:59Z,2026-08-14T23:52:49Z,3.89517,BRL/L,ANP,0,country,BR,Brasil,"{""availability_status"":""official_estimate_in_workbook"",""excludes_icms"":true,""period_end"":""2024-11-17"",""period_start"":""2024-11-11"",""product"":""Óleo Diesel S-10 (R$/litro)"",""publication_lag_days"":12,""weighted_average"":true}"
bcb.usd_brl.ptax.sell.weekly_last,2024-11-17,2024-11-19T02:59:59Z,2026-08-14T23:52:49Z,5.7885,BRL/USD,BCB,0,country,BR,Brasil,"{""aggregation"":""last business-day observation in W-SUN week"",""daily_observations"":4,""publication_lag_assumption_days"":1,""week_convention"":""W-SUN""}"
eia.brent.rbrte.weekly_last,2024-11-17,2024-11-21T02:59:59Z,2026-08-14T23:52:49Z,73.45,USD/bbl,EIA,0,global,GLOBAL,Global,"{""aggregation"":""last business-day observation in W-SUN week"",""daily_observations"":5,""publication_lag_assumption_days"":3,""series"":""RBRTE"",""week_convention"":""W-SUN""}"
anp.distribution.diesel_s10.br.mean,2024-11-23,2024-12-08T02:59:59Z,2026-08-14T23:52:49Z,5.43913085813,BRL/L,ANP,0,country,BR,Brasil,"{""availability_status"":""assumed_unverified"",""dispersion"":0.13429687292474385,""period_end"":""2024-11-23"",""period_start"":""2024-11-17"",""product"":""ÓLEO DIESEL B S10 - COMUM"",""publication_lag_assumption_days"":14,""revision_warning"":""Source labels observations as preliminary and revisable""}"
anp.diesel_s10.revenda.br.mean,2024-11-24,2024-12-03T02:59:59Z,2026-08-14T23:52:49Z,6.08077628793,BRL/L,ANP,0,country,BR,Brasil,"{""aggregation"":""station-day median, then unweighted national mean"",""availability_basis"":""conservative_lag_proxy"",""number_of_municipalities"":335,""number_of_states"":27,""number_of_station_days"":2834,""number_of_stations"":2834,""product"":""DIESEL S10"",""publication_lag_assumption_days"":8,""published_at"":null,""week_convention"":""W-SUN""}"
anp.producer_importer.diesel_s10.br.weighted_mean,2024-11-24,2024-12-07T02:59:59Z,2026-08-14T23:52:49Z,3.87775,BRL/L,ANP,0,country,BR,Brasil,"{""availability_status"":""official_estimate_in_workbook"",""excludes_icms"":true,""period_end"":""2024-11-24"",""period_start"":""2024-11-18"",""product"":""Óleo Diesel S-10 (R$/litro)"",""publication_lag_days"":12,""weighted_average"":true}"
bcb.usd_brl.ptax.sell.weekly_last,2024-11-24,2024-11-26T02:59:59Z,2026-08-14T23:52:49Z,5.8124,BRL/USD,BCB,0,country,BR,Brasil,"{""aggregation"":""last business-day observation in W-SUN week"",""daily_observations"":4,""publication_lag_assumption_days"":1,""week_convention"":""W-SUN""}"
eia.brent.rbrte.weekly_last,2024-11-24,2024-11-28T02:59:59Z,2026-08-14T23:52:49Z,76.1,USD/bbl,EIA,0,global,GLOBAL,Global,"{""aggregation"":""last business-day observation in W-SUN week"",""daily_observations"":5,""publication_lag_assumption_days"":3,""series"":""RBRTE"",""week_convention"":""W-SUN""}"
anp.distribution.diesel_s10.br.mean,2024-11-30,2024-12-15T02:59:59Z,2026-08-14T23:52:49Z,5.45473612561,BRL/L,ANP,0,country,BR,Brasil,"{""availability_status"":""assumed_unverified"",""dispersion"":0.138207832459921,""period_end"":""2024-11-30"",""period_start"":""2024-11-24"",""product"":""ÓLEO DIESEL B S10 - COMUM"",""publication_lag_assumption_days"":14,""revision_warning"":""Source labels observations as preliminary and revisable""}"
anp.diesel_s10.revenda.br.mean,2024-12-01,2024-12-10T02:59:59Z,2026-08-14T23:52:49Z,6.09827598566,BRL/L,ANP,0,country,BR,Brasil,"{""aggregation"":""station-day median, then unweighted national mean"",""availability_basis"":""conservative_lag_proxy"",""number_of_municipalities"":340,""number_of_states"":27,""number_of_station_days"":2790,""number_of_stations"":2790,""product"":""DIESEL S10"",""publication_lag_assumption_days"":8,""published_at"":null,""week_convention"":""W-SUN""}"
anp.producer_importer.diesel_s10.br.weighted_mean,2024-12-01,2024-12-14T02:59:59Z,2026-08-14T23:52:49Z,3.89492,BRL/L,ANP,0,country,BR,Brasil,"{""availability_status"":""official_estimate_in_workbook"",""excludes_icms"":true,""period_end"":""2024-12-01"",""period_start"":""2024-11-25"",""product"":""Óleo Diesel S-10 (R$/litro)"",""publication_lag_days"":12,""weighted_average"":true}"
bcb.usd_brl.ptax.sell.weekly_last,2024-12-01,2024-12-03T02:59:59Z,2026-08-14T23:52:49Z,6.0535,BRL/USD,BCB,0,country,BR,Brasil,"{""aggregation"":""last business-day observation in W-SUN week"",""daily_observations"":5,""publication_lag_assumption_days"":1,""week_convention"":""W-SUN""}"
eia.brent.rbrte.weekly_last,2024-12-01,2024-12-05T02:59:59Z,2026-08-14T23:52:49Z,74.16,USD/bbl,EIA,0,global,GLOBAL,Global,"{""aggregation"":""last business-day observation in W-SUN week"",""daily_observations"":5,""publication_lag_assumption_days"":3,""series"":""RBRTE"",""week_convention"":""W-SUN""}"
anp.distribution.diesel_s10.br.mean,2024-12-07,2024-12-22T02:59:59Z,2026-08-14T23:52:49Z,5.48884457933,BRL/L,ANP,0,country,BR,Brasil,"{""availability_status"":""assumed_unverified"",""dispersion"":0.13638276215143733,""period_end"":""2024-12-07"",""period_start"":""2024-12-01"",""product"":""ÓLEO DIESEL B S10 - COMUM"",""publication_lag_assumption_days"":14,""revision_warning"":""Source labels observations as preliminary and revisable""}"
anp.diesel_s10.revenda.br.mean,2024-12-08,2024-12-17T02:59:59Z,2026-08-14T23:52:49Z,6.12642466253,BRL/L,ANP,0,country,BR,Brasil,"{""aggregation"":""station-day median, then unweighted national mean"",""availability_basis"":""conservative_lag_proxy"",""number_of_municipalities"":335,""number_of_states"":27,""number_of_station_days"":2741,""number_of_stations"":2741,""product"":""DIESEL S10"",""publication_lag_assumption_days"":8,""published_at"":null,""week_convention"":""W-SUN""}"
anp.producer_importer.diesel_s10.br.weighted_mean,2024-12-08,2024-12-21T02:59:59Z,2026-08-14T23:52:49Z,3.86974,BRL/L,ANP,0,country,BR,Brasil,"{""availability_status"":""official_estimate_in_workbook"",""excludes_icms"":true,""period_end"":""2024-12-08"",""period_start"":""2024-12-02"",""product"":""Óleo Diesel S-10 (R$/litro)"",""publication_lag_days"":12,""weighted_average"":true}"
bcb.usd_brl.ptax.sell.weekly_last,2024-12-08,2024-12-10T02:59:59Z,2026-08-14T23:52:49Z,6.0293,BRL/USD,BCB,0,country,BR,Brasil,"{""aggregation"":""last business-day observation in W-SUN week"",""daily_observations"":5,""publication_lag_assumption_days"":1,""week_convention"":""W-SUN""}"
eia.brent.rbrte.weekly_last,2024-12-08,2024-12-12T02:59:59Z,2026-08-14T23:52:49Z,73.78,USD/bbl,EIA,0,global,GLOBAL,Global,"{""aggregation"":""last business-day observation in W-SUN week"",""daily_observations"":5,""publication_lag_assumption_days"":3,""series"":""RBRTE"",""week_convention"":""W-SUN""}"
anp.distribution.diesel_s10.br.mean,2024-12-14,2024-12-29T02:59:59Z,2026-08-14T23:52:49Z,5.48432558332,BRL/L,ANP,0,country,BR,Brasil,"{""availability_status"":""assumed_unverified"",""dispersion"":0.1382262985457049,""period_end"":""2024-12-14"",""period_start"":""2024-12-08"",""product"":""ÓLEO DIESEL B S10 - COMUM"",""publication_lag_assumption_days"":14,""revision_warning"":""Source labels observations as preliminary and revisable""}"
anp.diesel_s10.revenda.br.mean,2024-12-15,2024-12-24T02:59:59Z,2026-08-14T23:52:49Z,6.13896851249,BRL/L,ANP,0,country,BR,Brasil,"{""aggregation"":""station-day median, then unweighted national mean"",""availability_basis"":""conservative_lag_proxy"",""number_of_municipalities"":337,""number_of_states"":27,""number_of_station_days"":2763,""number_of_stations"":2763,""product"":""DIESEL S10"",""publication_lag_assumption_days"":8,""published_at"":null,""week_convention"":""W-SUN""}"
anp.producer_importer.diesel_s10.br.weighted_mean,2024-12-15,2024-12-28T02:59:59Z,2026-08-14T23:52:49Z,3.91047,BRL/L,ANP,0,country,BR,Brasil,"{""availability_status"":""official_estimate_in_workbook"",""excludes_icms"":true,""period_end"":""2024-12-15"",""period_start"":""2024-12-09"",""product"":""Óleo Diesel S-10 (R$/litro)"",""publication_lag_days"":12,""weighted_average"":true}"
bcb.usd_brl.ptax.sell.weekly_last,2024-12-15,2024-12-17T02:59:59Z,2026-08-14T23:52:49Z,6.04,BRL/USD,BCB,0,country,BR,Brasil,"{""aggregation"":""last business-day observation in W-SUN week"",""daily_observations"":5,""publication_lag_assumption_days"":1,""week_convention"":""W-SUN""}"
eia.brent.rbrte.weekly_last,2024-12-15,2024-12-19T02:59:59Z,2026-08-14T23:52:49Z,74.89,USD/bbl,EIA,0,global,GLOBAL,Global,"{""aggregation"":""last business-day observation in W-SUN week"",""daily_observations"":5,""publication_lag_assumption_days"":3,""series"":""RBRTE"",""week_convention"":""W-SUN""}"
anp.distribution.diesel_s10.br.mean,2024-12-21,2025-01-05T02:59:59Z,2026-08-14T23:52:49Z,5.48619090218,BRL/L,ANP,0,country,BR,Brasil,"{""availability_status"":""assumed_unverified"",""dispersion"":0.14358433384571223,""period_end"":""2024-12-21"",""period_start"":""2024-12-15"",""product"":""ÓLEO DIESEL B S10 - COMUM"",""publication_lag_assumption_days"":14,""revision_warning"":""Source labels observations as preliminary and revisable""}"
anp.diesel_s10.revenda.br.mean,2024-12-22,2024-12-31T02:59:59Z,2026-08-14T23:52:49Z,6.13917664128,BRL/L,ANP,0,country,BR,Brasil,"{""aggregation"":""station-day median, then unweighted national mean"",""availability_basis"":""conservative_lag_proxy"",""number_of_municipalities"":334,""number_of_states"":27,""number_of_station_days"":2757,""number_of_stations"":2757,""product"":""DIESEL S10"",""publication_lag_assumption_days"":8,""published_at"":null,""week_convention"":""W-SUN""}"
anp.producer_importer.diesel_s10.br.weighted_mean,2024-12-22,2025-01-04T02:59:59Z,2026-08-14T23:52:49Z,4.00538,BRL/L,ANP,0,country,BR,Brasil,"{""availability_status"":""official_estimate_in_workbook"",""excludes_icms"":true,""period_end"":""2024-12-22"",""period_start"":""2024-12-16"",""product"":""Óleo Diesel S-10 (R$/litro)"",""publication_lag_days"":12,""weighted_average"":true}"
bcb.usd_brl.ptax.sell.weekly_last,2024-12-22,2024-12-24T02:59:59Z,2026-08-14T23:52:49Z,6.078,BRL/USD,BCB,0,country,BR,Brasil,"{""aggregation"":""last business-day observation in W-SUN week"",""daily_observations"":5,""publication_lag_assumption_days"":1,""week_convention"":""W-SUN""}"
eia.brent.rbrte.weekly_last,2024-12-22,2024-12-26T02:59:59Z,2026-08-14T23:52:49Z,73.19,USD/bbl,EIA,0,global,GLOBAL,Global,"{""aggregation"":""last business-day observation in W-SUN week"",""daily_observations"":5,""publication_lag_assumption_days"":3,""series"":""RBRTE"",""week_convention"":""W-SUN""}"
anp.distribution.diesel_s10.br.mean,2024-12-28,2025-01-12T02:59:59Z,2026-08-14T23:52:49Z,5.50518955961,BRL/L,ANP,0,country,BR,Brasil,"{""availability_status"":""assumed_unverified"",""dispersion"":0.1430610540421609,""period_end"":""2024-12-28"",""period_start"":""2024-12-22"",""product"":""ÓLEO DIESEL B S10 - COMUM"",""publication_lag_assumption_days"":14,""revision_warning"":""Source labels observations as preliminary and revisable""}"
anp.diesel_s10.revenda.br.mean,2024-12-29,2025-01-07T02:59:59Z,2026-08-14T23:52:49Z,6.16257771039,BRL/L,ANP,0,country,BR,Brasil,"{""aggregation"":""station-day median, then unweighted national mean"",""availability_basis"":""conservative_lag_proxy"",""number_of_municipalities"":319,""number_of_states"":27,""number_of_station_days"":2638,""number_of_stations"":2638,""product"":""DIESEL S10"",""publication_lag_assumption_days"":8,""published_at"":null,""week_convention"":""W-SUN""}"
anp.producer_importer.diesel_s10.br.weighted_mean,2024-12-29,2025-01-11T02:59:59Z,2026-08-14T23:52:49Z,3.91246,BRL/L,ANP,0,country,BR,Brasil,"{""availability_status"":""official_estimate_in_workbook"",""excludes_icms"":true,""period_end"":""2024-12-29"",""period_start"":""2024-12-23"",""product"":""Óleo Diesel S-10 (R$/litro)"",""publication_lag_days"":12,""weighted_average"":true}"
bcb.usd_brl.ptax.sell.weekly_last,2024-12-29,2024-12-31T02:59:59Z,2026-08-14T23:52:49Z,6.1991,BRL/USD,BCB,0,country,BR,Brasil,"{""aggregation"":""last business-day observation in W-SUN week"",""daily_observations"":4,""publication_lag_assumption_days"":1,""week_convention"":""W-SUN""}"
eia.brent.rbrte.weekly_last,2024-12-29,2025-01-02T02:59:59Z,2026-08-14T23:52:49Z,73.77,USD/bbl,EIA,0,global,GLOBAL,Global,"{""aggregation"":""last business-day observation in W-SUN week"",""daily_observations"":3,""publication_lag_assumption_days"":3,""series"":""RBRTE"",""week_convention"":""W-SUN""}"
anp.distribution.diesel_s10.br.mean,2025-01-04,2025-01-19T02:59:59Z,2026-08-14T23:52:49Z,5.53838070734,BRL/L,ANP,0,country,BR,Brasil,"{""availability_status"":""assumed_unverified"",""dispersion"":0.1447946204126597,""period_end"":""2025-01-04"",""period_start"":""2024-12-29"",""product"":""ÓLEO DIESEL B S10 - COMUM"",""publication_lag_assumption_days"":14,""revision_warning"":""Source labels observations as preliminary and revisable""}"
anp.diesel_s10.revenda.br.mean,2025-01-05,2025-01-14T02:59:59Z,2026-08-14T23:52:49Z,6.16119585339,BRL/L,ANP,0,country,BR,Brasil,"{""aggregation"":""station-day median, then unweighted national mean"",""availability_basis"":""conservative_lag_proxy"",""number_of_municipalities"":331,""number_of_states"":27,""number_of_station_days"":2701,""number_of_stations"":2701,""product"":""DIESEL S10"",""publication_lag_assumption_days"":8,""published_at"":null,""week_convention"":""W-SUN""}"
anp.producer_importer.diesel_s10.br.weighted_mean,2025-01-05,2025-01-18T02:59:59Z,2026-08-14T23:52:49Z,3.8827,BRL/L,ANP,0,country,BR,Brasil,"{""availability_status"":""official_estimate_in_workbook"",""excludes_icms"":true,""period_end"":""2025-01-05"",""period_start"":""2024-12-30"",""product"":""Óleo Diesel S-10 (R$/litro)"",""publication_lag_days"":12,""weighted_average"":true}"
bcb.usd_brl.ptax.sell.weekly_last,2025-01-05,2025-01-07T02:59:59Z,2026-08-14T23:52:49Z,6.1563,BRL/USD,BCB,0,country,BR,Brasil,"{""aggregation"":""last business-day observation in W-SUN week"",""daily_observations"":4,""publication_lag_assumption_days"":1,""week_convention"":""W-SUN""}"
eia.brent.rbrte.weekly_last,2025-01-05,2025-01-09T02:59:59Z,2026-08-14T23:52:49Z,76.72,USD/bbl,EIA,0,global,GLOBAL,Global,"{""aggregation"":""last business-day observation in W-SUN week"",""daily_observations"":4,""publication_lag_assumption_days"":3,""series"":""RBRTE"",""week_convention"":""W-SUN""}"
anp.distribution.diesel_s10.br.mean,2025-01-11,2025-01-26T02:59:59Z,2026-08-14T23:52:49Z,5.53327353705,BRL/L,ANP,0,country,BR,Brasil,"{""availability_status"":""assumed_unverified"",""dispersion"":0.14340519681295766,""period_end"":""2025-01-11"",""period_start"":""2025-01-05"",""product"":""ÓLEO DIESEL B S10 - COMUM"",""publication_lag_assumption_days"":14,""revision_warning"":""Source labels observations as preliminary and revisable""}"
anp.diesel_s10.revenda.br.mean,2025-01-12,2025-01-21T02:59:59Z,2026-08-14T23:52:49Z,6.162312566,BRL/L,ANP,0,country,BR,Brasil,"{""aggregation"":""station-day median, then unweighted national mean"",""availability_basis"":""conservative_lag_proxy"",""number_of_municipalities"":344,""number_of_states"":27,""number_of_station_days"":2841,""number_of_stations"":2841,""product"":""DIESEL S10"",""publication_lag_assumption_days"":8,""published_at"":null,""week_convention"":""W-SUN""}"
anp.producer_importer.diesel_s10.br.weighted_mean,2025-01-12,2025-01-25T02:59:59Z,2026-08-14T23:52:49Z,3.99135,BRL/L,ANP,0,country,BR,Brasil,"{""availability_status"":""official_estimate_in_workbook"",""excludes_icms"":true,""period_end"":""2025-01-12"",""period_start"":""2025-01-06"",""product"":""Óleo Diesel S-10 (R$/litro)"",""publication_lag_days"":12,""weighted_average"":true}"
bcb.usd_brl.ptax.sell.weekly_last,2025-01-12,2025-01-14T02:59:59Z,2026-08-14T23:52:49Z,6.0965,BRL/USD,BCB,0,country,BR,Brasil,"{""aggregation"":""last business-day observation in W-SUN week"",""daily_observations"":5,""publication_lag_assumption_days"":1,""week_convention"":""W-SUN""}"
eia.brent.rbrte.weekly_last,2025-01-12,2025-01-16T02:59:59Z,2026-08-14T23:52:49Z,79.76,USD/bbl,EIA,0,global,GLOBAL,Global,"{""aggregation"":""last business-day observation in W-SUN week"",""daily_observations"":5,""publication_lag_assumption_days"":3,""series"":""RBRTE"",""week_convention"":""W-SUN""}"
anp.distribution.diesel_s10.br.mean,2025-01-18,2025-02-02T02:59:59Z,2026-08-14T23:52:49Z,5.54128657709,BRL/L,ANP,0,country,BR,Brasil,"{""availability_status"":""assumed_unverified"",""dispersion"":0.14229336110536875,""period_end"":""2025-01-18"",""period_start"":""2025-01-12"",""product"":""ÓLEO DIESEL B S10 - COMUM"",""publication_lag_assumption_days"":14,""revision_warning"":""Source labels observations as preliminary and revisable""}"
anp.diesel_s10.revenda.br.mean,2025-01-19,2025-01-28T02:59:59Z,2026-08-14T23:52:49Z,6.17692930004,BRL/L,ANP,0,country,BR,Brasil,"{""aggregation"":""station-day median, then unweighted national mean"",""availability_basis"":""conservative_lag_proxy"",""number_of_municipalities"":339,""number_of_states"":27,""number_of_station_days"":2843,""number_of_stations"":2843,""product"":""DIESEL S10"",""publication_lag_assumption_days"":8,""published_at"":null,""week_convention"":""W-SUN""}"
anp.producer_importer.diesel_s10.br.weighted_mean,2025-01-19,2025-02-01T02:59:59Z,2026-08-14T23:52:49Z,3.96959,BRL/L,ANP,0,country,BR,Brasil,"{""availability_status"":""official_estimate_in_workbook"",""excludes_icms"":true,""period_end"":""2025-01-19"",""period_start"":""2025-01-13"",""product"":""Óleo Diesel S-10 (R$/litro)"",""publication_lag_days"":12,""weighted_average"":true}"
bcb.usd_brl.ptax.sell.weekly_last,2025-01-19,2025-01-21T02:59:59Z,2026-08-14T23:52:49Z,6.0609,BRL/USD,BCB,0,country,BR,Brasil,"{""aggregation"":""last business-day observation in W-SUN week"",""daily_observations"":5,""publication_lag_assumption_days"":1,""week_convention"":""W-SUN""}"
eia.brent.rbrte.weekly_last,2025-01-19,2025-01-23T02:59:59Z,2026-08-14T23:52:49Z,83.02,USD/bbl,EIA,0,global,GLOBAL,Global,"{""aggregation"":""last business-day observation in W-SUN week"",""daily_observations"":5,""publication_lag_assumption_days"":3,""series"":""RBRTE"",""week_convention"":""W-SUN""}"
anp.distribution.diesel_s10.br.mean,2025-01-25,2025-02-09T02:59:59Z,2026-08-14T23:52:49Z,5.55551001242,BRL/L,ANP,0,country,BR,Brasil,"{""availability_status"":""assumed_unverified"",""dispersion"":0.1463427386398561,""period_end"":""2025-01-25"",""period_start"":""2025-01-19"",""product"":""ÓLEO DIESEL B S10 - COMUM"",""publication_lag_assumption_days"":14,""revision_warning"":""Source labels observations as preliminary and revisable""}"
anp.diesel_s10.revenda.br.mean,2025-01-26,2025-02-04T02:59:59Z,2026-08-14T23:52:49Z,6.20010469436,BRL/L,ANP,0,country,BR,Brasil,"{""aggregation"":""station-day median, then unweighted national mean"",""availability_basis"":""conservative_lag_proxy"",""number_of_municipalities"":364,""number_of_states"":27,""number_of_station_days"":2961,""number_of_stations"":2961,""product"":""DIESEL S10"",""publication_lag_assumption_days"":8,""published_at"":null,""week_convention"":""W-SUN""}"
anp.producer_importer.diesel_s10.br.weighted_mean,2025-01-26,2025-02-08T02:59:59Z,2026-08-14T23:52:49Z,3.9247,BRL/L,ANP,0,country,BR,Brasil,"{""availability_status"":""official_estimate_in_workbook"",""excludes_icms"":true,""period_end"":""2025-01-26"",""period_start"":""2025-01-20"",""product"":""Óleo Diesel S-10 (R$/litro)"",""publication_lag_days"":12,""weighted_average"":true}"
bcb.usd_brl.ptax.sell.weekly_last,2025-01-26,2025-01-28T02:59:59Z,2026-08-14T23:52:49Z,5.8925,BRL/USD,BCB,0,country,BR,Brasil,"{""aggregation"":""last business-day observation in W-SUN week"",""daily_observations"":5,""publication_lag_assumption_days"":1,""week_convention"":""W-SUN""}"
eia.brent.rbrte.weekly_last,2025-01-26,2025-01-30T02:59:59Z,2026-08-14T23:52:49Z,78.71,USD/bbl,EIA,0,global,GLOBAL,Global,"{""aggregation"":""last business-day observation in W-SUN week"",""daily_observations"":5,""publication_lag_assumption_days"":3,""series"":""RBRTE"",""week_convention"":""W-SUN""}"
anp.distribution.diesel_s10.br.mean,2025-02-01,2025-02-16T02:59:59Z,2026-08-14T23:52:49Z,5.5889800664,BRL/L,ANP,0,country,BR,Brasil,"{""availability_status"":""assumed_unverified"",""dispersion"":0.156711441416135,""period_end"":""2025-02-01"",""period_start"":""2025-01-26"",""product"":""ÓLEO DIESEL B S10 - COMUM"",""publication_lag_assumption_days"":14,""revision_warning"":""Source labels observations as preliminary and revisable""}"
anp.diesel_s10.revenda.br.mean,2025-02-02,2025-02-11T02:59:59Z,2026-08-14T23:52:49Z,6.20770212766,BRL/L,ANP,0,country,BR,Brasil,"{""aggregation"":""station-day median, then unweighted national mean"",""availability_basis"":""conservative_lag_proxy"",""number_of_municipalities"":361,""number_of_states"":27,""number_of_station_days"":2820,""number_of_stations"":2820,""product"":""DIESEL S10"",""publication_lag_assumption_days"":8,""published_at"":null,""week_convention"":""W-SUN""}"
anp.producer_importer.diesel_s10.br.weighted_mean,2025-02-02,2025-02-15T02:59:59Z,2026-08-14T23:52:49Z,3.99641,BRL/L,ANP,0,country,BR,Brasil,"{""availability_status"":""official_estimate_in_workbook"",""excludes_icms"":true,""period_end"":""2025-02-02"",""period_start"":""2025-01-27"",""product"":""Óleo Diesel S-10 (R$/litro)"",""publication_lag_days"":12,""weighted_average"":true}"
bcb.usd_brl.ptax.sell.weekly_last,2025-02-02,2025-02-04T02:59:59Z,2026-08-14T23:52:49Z,5.8301,BRL/USD,BCB,0,country,BR,Brasil,"{""aggregation"":""last business-day observation in W-SUN week"",""daily_observations"":5,""publication_lag_assumption_days"":1,""week_convention"":""W-SUN""}"
eia.brent.rbrte.weekly_last,2025-02-02,2025-02-06T02:59:59Z,2026-08-14T23:52:49Z,77.11,USD/bbl,EIA,0,global,GLOBAL,Global,"{""aggregation"":""last business-day observation in W-SUN week"",""daily_observations"":5,""publication_lag_assumption_days"":3,""series"":""RBRTE"",""week_convention"":""W-SUN""}"
anp.distribution.diesel_s10.br.mean,2025-02-08,2025-02-23T02:59:59Z,2026-08-14T23:52:49Z,5.79512761077,BRL/L,ANP,0,country,BR,Brasil,"{""availability_status"":""assumed_unverified"",""dispersion"":0.13942805662101704,""period_end"":""2025-02-08"",""period_start"":""2025-02-02"",""product"":""ÓLEO DIESEL B S10 - COMUM"",""publication_lag_assumption_days"":14,""revision_warning"":""Source labels observations as preliminary and revisable""}"
anp.diesel_s10.revenda.br.mean,2025-02-09,2025-02-18T02:59:59Z,2026-08-14T23:52:49Z,6.45670020819,BRL/L,ANP,0,country,BR,Brasil,"{""aggregation"":""station-day median, then unweighted national mean"",""availability_basis"":""conservative_lag_proxy"",""number_of_municipalities"":366,""number_of_states"":27,""number_of_station_days"":2882,""number_of_stations"":2882,""product"":""DIESEL S10"",""publication_lag_assumption_days"":8,""published_at"":null,""week_convention"":""W-SUN""}"
anp.producer_importer.diesel_s10.br.weighted_mean,2025-02-09,2025-02-22T02:59:59Z,2026-08-14T23:52:49Z,4.12038,BRL/L,ANP,0,country,BR,Brasil,"{""availability_status"":""official_estimate_in_workbook"",""excludes_icms"":true,""period_end"":""2025-02-09"",""period_start"":""2025-02-03"",""product"":""Óleo Diesel S-10 (R$/litro)"",""publication_lag_days"":12,""weighted_average"":true}"
bcb.usd_brl.ptax.sell.weekly_last,2025-02-09,2025-02-11T02:59:59Z,2026-08-14T23:52:49Z,5.7557,BRL/USD,BCB,0,country,BR,Brasil,"{""aggregation"":""last business-day observation in W-SUN week"",""daily_observations"":5,""publication_lag_assumption_days"":1,""week_convention"":""W-SUN""}"
eia.brent.rbrte.weekly_last,2025-02-09,2025-02-13T02:59:59Z,2026-08-14T23:52:49Z,74.68,USD/bbl,EIA,0,global,GLOBAL,Global,"{""aggregation"":""last business-day observation in W-SUN week"",""daily_observations"":5,""publication_lag_assumption_days"":3,""series"":""RBRTE"",""week_convention"":""W-SUN""}"
anp.distribution.diesel_s10.br.mean,2025-02-15,2025-03-02T02:59:59Z,2026-08-14T23:52:49Z,5.76530259905,BRL/L,ANP,0,country,BR,Brasil,"{""availability_status"":""assumed_unverified"",""dispersion"":0.14327223321621474,""period_end"":""2025-02-15"",""period_start"":""2025-02-09"",""product"":""ÓLEO DIESEL B S10 - COMUM"",""publication_lag_assumption_days"":14,""revision_warning"":""Source labels observations as preliminary and revisable""}"
anp.diesel_s10.revenda.br.mean,2025-02-16,2025-02-25T02:59:59Z,2026-08-14T23:52:49Z,6.48836881868,BRL/L,ANP,0,country,BR,Brasil,"{""aggregation"":""station-day median, then unweighted national mean"",""availability_basis"":""conservative_lag_proxy"",""number_of_municipalities"":367,""number_of_states"":27,""number_of_station_days"":2912,""number_of_stations"":2912,""product"":""DIESEL S10"",""publication_lag_assumption_days"":8,""published_at"":null,""week_convention"":""W-SUN""}"
anp.producer_importer.diesel_s10.br.weighted_mean,2025-02-16,2025-03-01T02:59:59Z,2026-08-14T23:52:49Z,4.08244,BRL/L,ANP,0,country,BR,Brasil,"{""availability_status"":""official_estimate_in_workbook"",""excludes_icms"":true,""period_end"":""2025-02-16"",""period_start"":""2025-02-10"",""product"":""Óleo Diesel S-10 (R$/litro)"",""publication_lag_days"":12,""weighted_average"":true}"
bcb.usd_brl.ptax.sell.weekly_last,2025-02-16,2025-02-18T02:59:59Z,2026-08-14T23:52:49Z,5.7283,BRL/USD,BCB,0,country,BR,Brasil,"{""aggregation"":""last business-day observation in W-SUN week"",""daily_observations"":5,""publication_lag_assumption_days"":1,""week_convention"":""W-SUN""}"
eia.brent.rbrte.weekly_last,2025-02-16,2025-02-20T02:59:59Z,2026-08-14T23:52:49Z,75.19,USD/bbl,EIA,0,global,GLOBAL,Global,"{""aggregation"":""last business-day observation in W-SUN week"",""daily_observations"":5,""publication_lag_assumption_days"":3,""series"":""RBRTE"",""week_convention"":""W-SUN""}"
anp.distribution.diesel_s10.br.mean,2025-02-22,2025-03-09T02:59:59Z,2026-08-14T23:52:49Z,5.73728529198,BRL/L,ANP,0,country,BR,Brasil,"{""availability_status"":""assumed_unverified"",""dispersion"":0.14712421813426457,""period_end"":""2025-02-22"",""period_start"":""2025-02-16"",""product"":""ÓLEO DIESEL B S10 - COMUM"",""publication_lag_assumption_days"":14,""revision_warning"":""Source labels observations as preliminary and revisable""}"
anp.diesel_s10.revenda.br.mean,2025-02-23,2025-03-04T02:59:59Z,2026-08-14T23:52:49Z,6.49169357609,BRL/L,ANP,0,country,BR,Brasil,"{""aggregation"":""station-day median, then unweighted national mean"",""availability_basis"":""conservative_lag_proxy"",""number_of_municipalities"":371,""number_of_states"":27,""number_of_station_days"":2911,""number_of_stations"":2911,""product"":""DIESEL S10"",""publication_lag_assumption_days"":8,""published_at"":null,""week_convention"":""W-SUN""}"
anp.producer_importer.diesel_s10.br.weighted_mean,2025-02-23,2025-03-08T02:59:59Z,2026-08-14T23:52:49Z,4.07714,BRL/L,ANP,0,country,BR,Brasil,"{""availability_status"":""official_estimate_in_workbook"",""excludes_icms"":true,""period_end"":""2025-02-23"",""period_start"":""2025-02-17"",""product"":""Óleo Diesel S-10 (R$/litro)"",""publication_lag_days"":12,""weighted_average"":true}"
bcb.usd_brl.ptax.sell.weekly_last,2025-02-23,2025-02-25T02:59:59Z,2026-08-14T23:52:49Z,5.7027,BRL/USD,BCB,0,country,BR,Brasil,"{""aggregation"":""last business-day observation in W-SUN week"",""daily_observations"":5,""publication_lag_assumption_days"":1,""week_convention"":""W-SUN""}"
eia.brent.rbrte.weekly_last,2025-02-23,2025-02-27T02:59:59Z,2026-08-14T23:52:49Z,74.88,USD/bbl,EIA,0,global,GLOBAL,Global,"{""aggregation"":""last business-day observation in W-SUN week"",""daily_observations"":5,""publication_lag_assumption_days"":3,""series"":""RBRTE"",""week_convention"":""W-SUN""}"
anp.distribution.diesel_s10.br.mean,2025-03-01,2025-03-16T02:59:59Z,2026-08-14T23:52:49Z,5.71755157523,BRL/L,ANP,0,country,BR,Brasil,"{""availability_status"":""assumed_unverified"",""dispersion"":0.14563884435516894,""period_end"":""2025-03-01"",""period_start"":""2025-02-23"",""product"":""ÓLEO DIESEL B S10 - COMUM"",""publication_lag_assumption_days"":14,""revision_warning"":""Source labels observations as preliminary and revisable""}"
anp.diesel_s10.revenda.br.mean,2025-03-02,2025-03-11T02:59:59Z,2026-08-14T23:52:49Z,6.47998652745,BRL/L,ANP,0,country,BR,Brasil,"{""aggregation"":""station-day median, then unweighted national mean"",""availability_basis"":""conservative_lag_proxy"",""number_of_municipalities"":378,""number_of_states"":27,""number_of_station_days"":2969,""number_of_stations"":2969,""product"":""DIESEL S10"",""publication_lag_assumption_days"":8,""published_at"":null,""week_convention"":""W-SUN""}"
anp.producer_importer.diesel_s10.br.weighted_mean,2025-03-02,2025-03-15T02:59:59Z,2026-08-14T23:52:49Z,4.15564,BRL/L,ANP,0,country,BR,Brasil,"{""availability_status"":""official_estimate_in_workbook"",""excludes_icms"":true,""period_end"":""2025-03-02"",""period_start"":""2025-02-24"",""product"":""Óleo Diesel S-10 (R$/litro)"",""publication_lag_days"":12,""weighted_average"":true}"
bcb.usd_brl.ptax.sell.weekly_last,2025-03-02,2025-03-04T02:59:59Z,2026-08-14T23:52:49Z,5.8488,BRL/USD,BCB,0,country,BR,Brasil,"{""aggregation"":""last business-day observation in W-SUN week"",""daily_observations"":5,""publication_lag_assumption_days"":1,""week_convention"":""W-SUN""}"
eia.brent.rbrte.weekly_last,2025-03-02,2025-03-06T02:59:59Z,2026-08-14T23:52:49Z,74.76,USD/bbl,EIA,0,global,GLOBAL,Global,"{""aggregation"":""last business-day observation in W-SUN week"",""daily_observations"":5,""publication_lag_assumption_days"":3,""series"":""RBRTE"",""week_convention"":""W-SUN""}"
anp.distribution.diesel_s10.br.mean,2025-03-08,2025-03-23T02:59:59Z,2026-08-14T23:52:49Z,5.71636679791,BRL/L,ANP,0,country,BR,Brasil,"{""availability_status"":""assumed_unverified"",""dispersion"":0.1435015645934144,""period_end"":""2025-03-08"",""period_start"":""2025-03-02"",""product"":""ÓLEO DIESEL B S10 - COMUM"",""publication_lag_assumption_days"":14,""revision_warning"":""Source labels observations as preliminary and revisable""}"
anp.diesel_s10.revenda.br.mean,2025-03-09,2025-03-18T02:59:59Z,2026-08-14T23:52:49Z,6.46711732207,BRL/L,ANP,0,country,BR,Brasil,"{""aggregation"":""station-day median, then unweighted national mean"",""availability_basis"":""conservative_lag_proxy"",""number_of_municipalities"":379,""number_of_states"":27,""number_of_station_days"":3077,""number_of_stations"":3077,""product"":""DIESEL S10"",""publication_lag_assumption_days"":8,""published_at"":null,""week_convention"":""W-SUN""}"
anp.producer_importer.diesel_s10.br.weighted_mean,2025-03-09,2025-03-22T02:59:59Z,2026-08-14T23:52:49Z,4.07292,BRL/L,ANP,0,country,BR,Brasil,"{""availability_status"":""official_estimate_in_workbook"",""excludes_icms"":true,""period_end"":""2025-03-09"",""period_start"":""2025-03-03"",""product"":""Óleo Diesel S-10 (R$/litro)"",""publication_lag_days"":12,""weighted_average"":true}"
bcb.usd_brl.ptax.sell.weekly_last,2025-03-09,2025-03-11T02:59:59Z,2026-08-14T23:52:49Z,5.7688,BRL/USD,BCB,0,country,BR,Brasil,"{""aggregation"":""last business-day observation in W-SUN week"",""daily_observations"":3,""publication_lag_assumption_days"":1,""week_convention"":""W-SUN""}"
eia.brent.rbrte.weekly_last,2025-03-09,2025-03-13T02:59:59Z,2026-08-14T23:52:49Z,72.49,USD/bbl,EIA,0,global,GLOBAL,Global,"{""aggregation"":""last business-day observation in W-SUN week"",""daily_observations"":5,""publication_lag_assumption_days"":3,""series"":""RBRTE"",""week_convention"":""W-SUN""}"
anp.distribution.diesel_s10.br.mean,2025-03-15,2025-03-30T02:59:59Z,2026-08-14T23:52:49Z,5.68408920185,BRL/L,ANP,0,country,BR,Brasil,"{""availability_status"":""assumed_unverified"",""dispersion"":0.15577181797332088,""period_end"":""2025-03-15"",""period_start"":""2025-03-09"",""product"":""ÓLEO DIESEL B S10 - COMUM"",""publication_lag_assumption_days"":14,""revision_warning"":""Source labels observations as preliminary and revisable""}"
anp.diesel_s10.revenda.br.mean,2025-03-16,2025-03-25T02:59:59Z,2026-08-14T23:52:49Z,6.46511787819,BRL/L,ANP,0,country,BR,Brasil,"{""aggregation"":""station-day median, then unweighted national mean"",""availability_basis"":""conservative_lag_proxy"",""number_of_municipalities"":383,""number_of_states"":27,""number_of_station_days"":3054,""number_of_stations"":3054,""product"":""DIESEL S10"",""publication_lag_assumption_days"":8,""published_at"":null,""week_convention"":""W-SUN""}"
anp.producer_importer.diesel_s10.br.weighted_mean,2025-03-16,2025-03-29T02:59:59Z,2026-08-14T23:52:49Z,4.11601,BRL/L,ANP,0,country,BR,Brasil,"{""availability_status"":""official_estimate_in_workbook"",""excludes_icms"":true,""period_end"":""2025-03-16"",""period_start"":""2025-03-10"",""product"":""Óleo Diesel S-10 (R$/litro)"",""publication_lag_days"":12,""weighted_average"":true}"
bcb.usd_brl.ptax.sell.weekly_last,2025-03-16,2025-03-18T02:59:59Z,2026-08-14T23:52:49Z,5.7419,BRL/USD,BCB,0,country,BR,Brasil,"{""aggregation"":""last business-day observation in W-SUN week"",""daily_observations"":5,""publication_lag_assumption_days"":1,""week_convention"":""W-SUN""}"
eia.brent.rbrte.weekly_last,2025-03-16,2025-03-20T02:59:59Z,2026-08-14T23:52:49Z,71.94,USD/bbl,EIA,0,global,GLOBAL,Global,"{""aggregation"":""last business-day observation in W-SUN week"",""daily_observations"":5,""publication_lag_assumption_days"":3,""series"":""RBRTE"",""week_convention"":""W-SUN""}"
anp.distribution.diesel_s10.br.mean,2025-03-22,2025-04-06T02:59:59Z,2026-08-14T23:52:49Z,5.64710266831,BRL/L,ANP,0,country,BR,Brasil,"{""availability_status"":""assumed_unverified"",""dispersion"":0.16751729860075443,""period_end"":""2025-03-22"",""period_start"":""2025-03-16"",""product"":""ÓLEO DIESEL B S10 - COMUM"",""publication_lag_assumption_days"":14,""revision_warning"":""Source labels observations as preliminary and revisable""}"
anp.diesel_s10.revenda.br.mean,2025-03-23,2025-04-01T02:59:59Z,2026-08-14T23:52:49Z,6.46374333333,BRL/L,ANP,0,country,BR,Brasil,"{""aggregation"":""station-day median, then unweighted national mean"",""availability_basis"":""conservative_lag_proxy"",""number_of_municipalities"":382,""number_of_states"":27,""number_of_station_days"":3000,""number_of_stations"":3000,""product"":""DIESEL S10"",""publication_lag_assumption_days"":8,""published_at"":null,""week_convention"":""W-SUN""}"
anp.producer_importer.diesel_s10.br.weighted_mean,2025-03-23,2025-04-05T02:59:59Z,2026-08-14T23:52:49Z,4.07528,BRL/L,ANP,0,country,BR,Brasil,"{""availability_status"":""official_estimate_in_workbook"",""excludes_icms"":true,""period_end"":""2025-03-23"",""period_start"":""2025-03-17"",""product"":""Óleo Diesel S-10 (R$/litro)"",""publication_lag_days"":12,""weighted_average"":true}"
bcb.usd_brl.ptax.sell.weekly_last,2025-03-23,2025-03-25T02:59:59Z,2026-08-14T23:52:49Z,5.7241,BRL/USD,BCB,0,country,BR,Brasil,"{""aggregation"":""last business-day observation in W-SUN week"",""daily_observations"":5,""publication_lag_assumption_days"":1,""week_convention"":""W-SUN""}"
eia.brent.rbrte.weekly_last,2025-03-23,2025-03-27T02:59:59Z,2026-08-14T23:52:49Z,72.64,USD/bbl,EIA,0,global,GLOBAL,Global,"{""aggregation"":""last business-day observation in W-SUN week"",""daily_observations"":5,""publication_lag_assumption_days"":3,""series"":""RBRTE"",""week_convention"":""W-SUN""}"
anp.distribution.diesel_s10.br.mean,2025-03-29,2025-04-13T02:59:59Z,2026-08-14T23:52:49Z,5.61242138134,BRL/L,ANP,0,country,BR,Brasil,"{""availability_status"":""assumed_unverified"",""dispersion"":0.17378854676215463,""period_end"":""2025-03-29"",""period_start"":""2025-03-23"",""product"":""ÓLEO DIESEL B S10 - COMUM"",""publication_lag_assumption_days"":14,""revision_warning"":""Source labels observations as preliminary and revisable""}"
anp.diesel_s10.revenda.br.mean,2025-03-30,2025-04-08T02:59:59Z,2026-08-14T23:52:49Z,6.44248943776,BRL/L,ANP,0,country,BR,Brasil,"{""aggregation"":""station-day median, then unweighted national mean"",""availability_basis"":""conservative_lag_proxy"",""number_of_municipalities"":390,""number_of_states"":27,""number_of_station_days"":3077,""number_of_stations"":3077,""product"":""DIESEL S10"",""publication_lag_assumption_days"":8,""published_at"":null,""week_convention"":""W-SUN""}"
anp.producer_importer.diesel_s10.br.weighted_mean,2025-03-30,2025-04-12T02:59:59Z,2026-08-14T23:52:49Z,4.0965,BRL/L,ANP,0,country,BR,Brasil,"{""availability_status"":""official_estimate_in_workbook"",""excludes_icms"":true,""period_end"":""2025-03-30"",""period_start"":""2025-03-24"",""product"":""Óleo Diesel S-10 (R$/litro)"",""publication_lag_days"":12,""weighted_average"":true}"
bcb.usd_brl.ptax.sell.weekly_last,2025-03-30,2025-04-01T02:59:59Z,2026-08-14T23:52:49Z,5.766,BRL/USD,BCB,0,country,BR,Brasil,"{""aggregation"":""last business-day observation in W-SUN week"",""daily_observations"":5,""publication_lag_assumption_days"":1,""week_convention"":""W-SUN""}"
eia.brent.rbrte.weekly_last,2025-03-30,2025-04-03T02:59:59Z,2026-08-14T23:52:49Z,74.69,USD/bbl,EIA,0,global,GLOBAL,Global,"{""aggregation"":""last business-day observation in W-SUN week"",""daily_observations"":5,""publication_lag_assumption_days"":3,""series"":""RBRTE"",""week_convention"":""W-SUN""}"
anp.distribution.diesel_s10.br.mean,2025-04-05,2025-04-20T02:59:59Z,2026-08-14T23:52:49Z,5.52691136003,BRL/L,ANP,0,country,BR,Brasil,"{""availability_status"":""assumed_unverified"",""dispersion"":0.16484609868049369,""period_end"":""2025-04-05"",""period_start"":""2025-03-30"",""product"":""ÓLEO DIESEL B S10 - COMUM"",""publication_lag_assumption_days"":14,""revision_warning"":""Source labels observations as preliminary and revisable""}"
anp.diesel_s10.revenda.br.mean,2025-04-06,2025-04-15T02:59:59Z,2026-08-14T23:52:49Z,6.4303803056,BRL/L,ANP,0,country,BR,Brasil,"{""aggregation"":""station-day median, then unweighted national mean"",""availability_basis"":""conservative_lag_proxy"",""number_of_municipalities"":372,""number_of_states"":27,""number_of_station_days"":2945,""number_of_stations"":2945,""product"":""DIESEL S10"",""publication_lag_assumption_days"":8,""published_at"":null,""week_convention"":""W-SUN""}"
anp.producer_importer.diesel_s10.br.weighted_mean,2025-04-06,2025-04-19T02:59:59Z,2026-08-14T23:52:49Z,3.99979,BRL/L,ANP,0,country,BR,Brasil,"{""availability_status"":""official_estimate_in_workbook"",""excludes_icms"":true,""period_end"":""2025-04-06"",""period_start"":""2025-03-31"",""product"":""Óleo Diesel S-10 (R$/litro)"",""publication_lag_days"":12,""weighted_average"":true}"
bcb.usd_brl.ptax.sell.weekly_last,2025-04-06,2025-04-08T02:59:59Z,2026-08-14T23:52:49Z,5.7777,BRL/USD,BCB,0,country,BR,Brasil,"{""aggregation"":""last business-day observation in W-SUN week"",""daily_observations"":5,""publication_lag_assumption_days"":1,""week_convention"":""W-SUN""}"
eia.brent.rbrte.weekly_last,2025-04-06,2025-04-10T02:59:59Z,2026-08-14T23:52:49Z,68.36,USD/bbl,EIA,0,global,GLOBAL,Global,"{""aggregation"":""last business-day observation in W-SUN week"",""daily_observations"":5,""publication_lag_assumption_days"":3,""series"":""RBRTE"",""week_convention"":""W-SUN""}"
anp.distribution.diesel_s10.br.mean,2025-04-12,2025-04-27T02:59:59Z,2026-08-14T23:52:49Z,5.46268837631,BRL/L,ANP,0,country,BR,Brasil,"{""availability_status"":""assumed_unverified"",""dispersion"":0.17686171341536655,""period_end"":""2025-04-12"",""period_start"":""2025-04-06"",""product"":""ÓLEO DIESEL B S10 - COMUM"",""publication_lag_assumption_days"":14,""revision_warning"":""Source labels observations as preliminary and revisable""}"
anp.diesel_s10.revenda.br.mean,2025-04-13,2025-04-22T02:59:59Z,2026-08-14T23:52:49Z,6.37965252255,BRL/L,ANP,0,country,BR,Brasil,"{""aggregation"":""station-day median, then unweighted national mean"",""availability_basis"":""conservative_lag_proxy"",""number_of_municipalities"":377,""number_of_states"":27,""number_of_station_days"":2993,""number_of_stations"":2993,""product"":""DIESEL S10"",""publication_lag_assumption_days"":8,""published_at"":null,""week_convention"":""W-SUN""}"
anp.producer_importer.diesel_s10.br.weighted_mean,2025-04-13,2025-04-26T02:59:59Z,2026-08-14T23:52:49Z,3.94721,BRL/L,ANP,0,country,BR,Brasil,"{""availability_status"":""official_estimate_in_workbook"",""excludes_icms"":true,""period_end"":""2025-04-13"",""period_start"":""2025-04-07"",""product"":""Óleo Diesel S-10 (R$/litro)"",""publication_lag_days"":12,""weighted_average"":true}"
bcb.usd_brl.ptax.sell.weekly_last,2025-04-13,2025-04-15T02:59:59Z,2026-08-14T23:52:49Z,5.8737,BRL/USD,BCB,0,country,BR,Brasil,"{""aggregation"":""last business-day observation in W-SUN week"",""daily_observations"":5,""publication_lag_assumption_days"":1,""week_convention"":""W-SUN""}"
eia.brent.rbrte.weekly_last,2025-04-13,2025-04-17T02:59:59Z,2026-08-14T23:52:49Z,66.83,USD/bbl,EIA,0,global,GLOBAL,Global,"{""aggregation"":""last business-day observation in W-SUN week"",""daily_observations"":5,""publication_lag_assumption_days"":3,""series"":""RBRTE"",""week_convention"":""W-SUN""}"
anp.distribution.diesel_s10.br.mean,2025-04-19,2025-05-04T02:59:59Z,2026-08-14T23:52:49Z,5.42528860581,BRL/L,ANP,0,country,BR,Brasil,"{""availability_status"":""assumed_unverified"",""dispersion"":0.17769583215373047,""period_end"":""2025-04-19"",""period_start"":""2025-04-13"",""product"":""ÓLEO DIESEL B S10 - COMUM"",""publication_lag_assumption_days"":14,""revision_warning"":""Source labels observations as preliminary and revisable""}"
anp.diesel_s10.revenda.br.mean,2025-04-20,2025-04-29T02:59:59Z,2026-08-14T23:52:49Z,6.34384716733,BRL/L,ANP,0,country,BR,Brasil,"{""aggregation"":""station-day median, then unweighted national mean"",""availability_basis"":""conservative_lag_proxy"",""number_of_municipalities"":383,""number_of_states"":27,""number_of_station_days"":3036,""number_of_stations"":3036,""product"":""DIESEL S10"",""publication_lag_assumption_days"":8,""published_at"":null,""week_convention"":""W-SUN""}"
anp.producer_importer.diesel_s10.br.weighted_mean,2025-04-20,2025-05-03T02:59:59Z,2026-08-14T23:52:49Z,3.8413,BRL/L,ANP,0,country,BR,Brasil,"{""availability_status"":""official_estimate_in_workbook"",""excludes_icms"":true,""period_end"":""2025-04-20"",""period_start"":""2025-04-14"",""product"":""Óleo Diesel S-10 (R$/litro)"",""publication_lag_days"":12,""weighted_average"":true}"
bcb.usd_brl.ptax.sell.weekly_last,2025-04-20,2025-04-22T02:59:59Z,2026-08-14T23:52:49Z,5.8559,BRL/USD,BCB,0,country,BR,Brasil,"{""aggregation"":""last business-day observation in W-SUN week"",""daily_observations"":4,""publication_lag_assumption_days"":1,""week_convention"":""W-SUN""}"
eia.brent.rbrte.weekly_last,2025-04-20,2025-04-24T02:59:59Z,2026-08-14T23:52:49Z,69.33,USD/bbl,EIA,0,global,GLOBAL,Global,"{""aggregation"":""last business-day observation in W-SUN week"",""daily_observations"":4,""publication_lag_assumption_days"":3,""series"":""RBRTE"",""week_convention"":""W-SUN""}"
anp.distribution.diesel_s10.br.mean,2025-04-26,2025-05-11T02:59:59Z,2026-08-14T23:52:49Z,5.37291038462,BRL/L,ANP,0,country,BR,Brasil,"{""availability_status"":""assumed_unverified"",""dispersion"":0.17310359203991305,""period_end"":""2025-04-26"",""period_start"":""2025-04-20"",""product"":""ÓLEO DIESEL B S10 - COMUM"",""publication_lag_assumption_days"":14,""revision_warning"":""Source labels observations as preliminary and revisable""}"
anp.diesel_s10.revenda.br.mean,2025-04-27,2025-05-06T02:59:59Z,2026-08-14T23:52:49Z,6.31302555366,BRL/L,ANP,0,country,BR,Brasil,"{""aggregation"":""station-day median, then unweighted national mean"",""availability_basis"":""conservative_lag_proxy"",""number_of_municipalities"":373,""number_of_states"":27,""number_of_station_days"":2935,""number_of_stations"":2935,""product"":""DIESEL S10"",""publication_lag_assumption_days"":8,""published_at"":null,""week_convention"":""W-SUN""}"
anp.producer_importer.diesel_s10.br.weighted_mean,2025-04-27,2025-05-10T02:59:59Z,2026-08-14T23:52:49Z,3.81589,BRL/L,ANP,0,country,BR,Brasil,"{""availability_status"":""official_estimate_in_workbook"",""excludes_icms"":true,""period_end"":""2025-04-27"",""period_start"":""2025-04-21"",""product"":""Óleo Diesel S-10 (R$/litro)"",""publication_lag_days"":12,""weighted_average"":true}"
bcb.usd_brl.ptax.sell.weekly_last,2025-04-27,2025-04-29T02:59:59Z,2026-08-14T23:52:49Z,5.6846,BRL/USD,BCB,0,country,BR,Brasil,"{""aggregation"":""last business-day observation in W-SUN week"",""daily_observations"":4,""publication_lag_assumption_days"":1,""week_convention"":""W-SUN""}"
eia.brent.rbrte.weekly_last,2025-04-27,2025-05-01T02:59:59Z,2026-08-14T23:52:49Z,66.99,USD/bbl,EIA,0,global,GLOBAL,Global,"{""aggregation"":""last business-day observation in W-SUN week"",""daily_observations"":4,""publication_lag_assumption_days"":3,""series"":""RBRTE"",""week_convention"":""W-SUN""}"
anp.distribution.diesel_s10.br.mean,2025-05-03,2025-05-18T02:59:59Z,2026-08-14T23:52:49Z,5.34904733946,BRL/L,ANP,0,country,BR,Brasil,"{""availability_status"":""assumed_unverified"",""dispersion"":0.16191856763020968,""period_end"":""2025-05-03"",""period_start"":""2025-04-27"",""product"":""ÓLEO DIESEL B S10 - COMUM"",""publication_lag_assumption_days"":14,""revision_warning"":""Source labels observations as preliminary and revisable""}"
anp.diesel_s10.revenda.br.mean,2025-05-04,2025-05-13T02:59:59Z,2026-08-14T23:52:49Z,6.28486522025,BRL/L,ANP,0,country,BR,Brasil,"{""aggregation"":""station-day median, then unweighted national mean"",""availability_basis"":""conservative_lag_proxy"",""number_of_municipalities"":376,""number_of_states"":27,""number_of_station_days"":3042,""number_of_stations"":3042,""product"":""DIESEL S10"",""publication_lag_assumption_days"":8,""published_at"":null,""week_convention"":""W-SUN""}"
anp.producer_importer.diesel_s10.br.weighted_mean,2025-05-04,2025-05-17T02:59:59Z,2026-08-14T23:52:49Z,3.83628,BRL/L,ANP,0,country,BR,Brasil,"{""availability_status"":""official_estimate_in_workbook"",""excludes_icms"":true,""period_end"":""2025-05-04"",""period_start"":""2025-04-28"",""product"":""Óleo Diesel S-10 (R$/litro)"",""publication_lag_days"":12,""weighted_average"":true}"
bcb.usd_brl.ptax.sell.weekly_last,2025-05-04,2025-05-06T02:59:59Z,2026-08-14T23:52:49Z,5.6394,BRL/USD,BCB,0,country,BR,Brasil,"{""aggregation"":""last business-day observation in W-SUN week"",""daily_observations"":4,""publication_lag_assumption_days"":1,""week_convention"":""W-SUN""}"
eia.brent.rbrte.weekly_last,2025-05-04,2025-05-08T02:59:59Z,2026-08-14T23:52:49Z,61.57,USD/bbl,EIA,0,global,GLOBAL,Global,"{""aggregation"":""last business-day observation in W-SUN week"",""daily_observations"":5,""publication_lag_assumption_days"":3,""series"":""RBRTE"",""week_convention"":""W-SUN""}"
anp.distribution.diesel_s10.br.mean,2025-05-10,2025-05-25T02:59:59Z,2026-08-14T23:52:49Z,5.25475163373,BRL/L,ANP,0,country,BR,Brasil,"{""availability_status"":""assumed_unverified"",""dispersion"":0.16831757596080643,""period_end"":""2025-05-10"",""period_start"":""2025-05-04"",""product"":""ÓLEO DIESEL B S10 - COMUM"",""publication_lag_assumption_days"":14,""revision_warning"":""Source labels observations as preliminary and revisable""}"
anp.diesel_s10.revenda.br.mean,2025-05-11,2025-05-20T02:59:59Z,2026-08-14T23:52:49Z,6.25255170113,BRL/L,ANP,0,country,BR,Brasil,"{""aggregation"":""station-day median, then unweighted national mean"",""availability_basis"":""conservative_lag_proxy"",""number_of_municipalities"":375,""number_of_states"":27,""number_of_station_days"":2998,""number_of_stations"":2998,""product"":""DIESEL S10"",""publication_lag_assumption_days"":8,""published_at"":null,""week_convention"":""W-SUN""}"
anp.producer_importer.diesel_s10.br.weighted_mean,2025-05-11,2025-05-24T02:59:59Z,2026-08-14T23:52:49Z,3.69303,BRL/L,ANP,0,country,BR,Brasil,"{""availability_status"":""official_estimate_in_workbook"",""excludes_icms"":true,""period_end"":""2025-05-11"",""period_start"":""2025-05-05"",""product"":""Óleo Diesel S-10 (R$/litro)"",""publication_lag_days"":12,""weighted_average"":true}"
bcb.usd_brl.ptax.sell.weekly_last,2025-05-11,2025-05-13T02:59:59Z,2026-08-14T23:52:49Z,5.6511,BRL/USD,BCB,0,country,BR,Brasil,"{""aggregation"":""last business-day observation in W-SUN week"",""daily_observations"":5,""publication_lag_assumption_days"":1,""week_convention"":""W-SUN""}"
eia.brent.rbrte.weekly_last,2025-05-11,2025-05-15T02:59:59Z,2026-08-14T23:52:49Z,64.26,USD/bbl,EIA,0,global,GLOBAL,Global,"{""aggregation"":""last business-day observation in W-SUN week"",""daily_observations"":4,""publication_lag_assumption_days"":3,""series"":""RBRTE"",""week_convention"":""W-SUN""}"
anp.distribution.diesel_s10.br.mean,2025-05-17,2025-06-01T02:59:59Z,2026-08-14T23:52:49Z,5.21150306674,BRL/L,ANP,0,country,BR,Brasil,"{""availability_status"":""assumed_unverified"",""dispersion"":0.16759673275482256,""period_end"":""2025-05-17"",""period_start"":""2025-05-11"",""product"":""ÓLEO DIESEL B S10 - COMUM"",""publication_lag_assumption_days"":14,""revision_warning"":""Source labels observations as preliminary and revisable""}"
anp.diesel_s10.revenda.br.mean,2025-05-18,2025-05-27T02:59:59Z,2026-08-14T23:52:49Z,6.20280201342,BRL/L,ANP,0,country,BR,Brasil,"{""aggregation"":""station-day median, then unweighted national mean"",""availability_basis"":""conservative_lag_proxy"",""number_of_municipalities"":376,""number_of_states"":27,""number_of_station_days"":2980,""number_of_stations"":2980,""product"":""DIESEL S10"",""publication_lag_assumption_days"":8,""published_at"":null,""week_convention"":""W-SUN""}"
anp.producer_importer.diesel_s10.br.weighted_mean,2025-05-18,2025-05-31T02:59:59Z,2026-08-14T23:52:49Z,3.64906,BRL/L,ANP,0,country,BR,Brasil,"{""availability_status"":""official_estimate_in_workbook"",""excludes_icms"":true,""period_end"":""2025-05-18"",""period_start"":""2025-05-12"",""product"":""Óleo Diesel S-10 (R$/litro)"",""publication_lag_days"":12,""weighted_average"":true}"
bcb.usd_brl.ptax.sell.weekly_last,2025-05-18,2025-05-20T02:59:59Z,2026-08-14T23:52:49Z,5.6925,BRL/USD,BCB,0,country,BR,Brasil,"{""aggregation"":""last business-day observation in W-SUN week"",""daily_observations"":5,""publication_lag_assumption_days"":1,""week_convention"":""W-SUN""}"
eia.brent.rbrte.weekly_last,2025-05-18,2025-05-22T02:59:59Z,2026-08-14T23:52:49Z,65.2,USD/bbl,EIA,0,global,GLOBAL,Global,"{""aggregation"":""last business-day observation in W-SUN week"",""daily_observations"":5,""publication_lag_assumption_days"":3,""series"":""RBRTE"",""week_convention"":""W-SUN""}"
anp.distribution.diesel_s10.br.mean,2025-05-24,2025-06-08T02:59:59Z,2026-08-14T23:52:49Z,5.19241616001,BRL/L,ANP,0,country,BR,Brasil,"{""availability_status"":""assumed_unverified"",""dispersion"":0.17014234250282684,""period_end"":""2025-05-24"",""period_start"":""2025-05-18"",""product"":""ÓLEO DIESEL B S10 - COMUM"",""publication_lag_assumption_days"":14,""revision_warning"":""Source labels observations as preliminary and revisable""}"
anp.diesel_s10.revenda.br.mean,2025-05-25,2025-06-03T02:59:59Z,2026-08-14T23:52:49Z,6.16283327765,BRL/L,ANP,0,country,BR,Brasil,"{""aggregation"":""station-day median, then unweighted national mean"",""availability_basis"":""conservative_lag_proxy"",""number_of_municipalities"":371,""number_of_states"":27,""number_of_station_days"":2993,""number_of_stations"":2993,""product"":""DIESEL S10"",""publication_lag_assumption_days"":8,""published_at"":null,""week_convention"":""W-SUN""}"
anp.producer_importer.diesel_s10.br.weighted_mean,2025-05-25,2025-06-07T02:59:59Z,2026-08-14T23:52:49Z,3.64504,BRL/L,ANP,0,country,BR,Brasil,"{""availability_status"":""official_estimate_in_workbook"",""excludes_icms"":true,""period_end"":""2025-05-25"",""period_start"":""2025-05-19"",""product"":""Óleo Diesel S-10 (R$/litro)"",""publication_lag_days"":12,""weighted_average"":true}"
bcb.usd_brl.ptax.sell.weekly_last,2025-05-25,2025-05-27T02:59:59Z,2026-08-14T23:52:49Z,5.6932,BRL/USD,BCB,0,country,BR,Brasil,"{""aggregation"":""last business-day observation in W-SUN week"",""daily_observations"":5,""publication_lag_assumption_days"":1,""week_convention"":""W-SUN""}"
eia.brent.rbrte.weekly_last,2025-05-25,2025-05-29T02:59:59Z,2026-08-14T23:52:49Z,65.41,USD/bbl,EIA,0,global,GLOBAL,Global,"{""aggregation"":""last business-day observation in W-SUN week"",""daily_observations"":5,""publication_lag_assumption_days"":3,""series"":""RBRTE"",""week_convention"":""W-SUN""}"
anp.distribution.diesel_s10.br.mean,2025-05-31,2025-06-15T02:59:59Z,2026-08-14T23:52:49Z,5.17394706764,BRL/L,ANP,0,country,BR,Brasil,"{""availability_status"":""assumed_unverified"",""dispersion"":0.17201510950174845,""period_end"":""2025-05-31"",""period_start"":""2025-05-25"",""product"":""ÓLEO DIESEL B S10 - COMUM"",""publication_lag_assumption_days"":14,""revision_warning"":""Source labels observations as preliminary and revisable""}"
anp.diesel_s10.revenda.br.mean,2025-06-01,2025-06-10T02:59:59Z,2026-08-14T23:52:49Z,6.13179512846,BRL/L,ANP,0,country,BR,Brasil,"{""aggregation"":""station-day median, then unweighted national mean"",""availability_basis"":""conservative_lag_proxy"",""number_of_municipalities"":377,""number_of_states"":27,""number_of_station_days"":2997,""number_of_stations"":2997,""product"":""DIESEL S10"",""publication_lag_assumption_days"":8,""published_at"":null,""week_convention"":""W-SUN""}"
anp.producer_importer.diesel_s10.br.weighted_mean,2025-06-01,2025-06-14T02:59:59Z,2026-08-14T23:52:49Z,3.66461,BRL/L,ANP,0,country,BR,Brasil,"{""availability_status"":""official_estimate_in_workbook"",""excludes_icms"":true,""period_end"":""2025-06-01"",""period_start"":""2025-05-26"",""product"":""Óleo Diesel S-10 (R$/litro)"",""publication_lag_days"":12,""weighted_average"":true}"
bcb.usd_brl.ptax.sell.weekly_last,2025-06-01,2025-06-03T02:59:59Z,2026-08-14T23:52:49Z,5.7087,BRL/USD,BCB,0,country,BR,Brasil,"{""aggregation"":""last business-day observation in W-SUN week"",""daily_observations"":5,""publication_lag_assumption_days"":1,""week_convention"":""W-SUN""}"
eia.brent.rbrte.weekly_last,2025-06-01,2025-06-05T02:59:59Z,2026-08-14T23:52:49Z,64.32,USD/bbl,EIA,0,global,GLOBAL,Global,"{""aggregation"":""last business-day observation in W-SUN week"",""daily_observations"":4,""publication_lag_assumption_days"":3,""series"":""RBRTE"",""week_convention"":""W-SUN""}"
anp.distribution.diesel_s10.br.mean,2025-06-07,2025-06-22T02:59:59Z,2026-08-14T23:52:49Z,5.19817231789,BRL/L,ANP,0,country,BR,Brasil,"{""availability_status"":""assumed_unverified"",""dispersion"":0.1571117978025261,""period_end"":""2025-06-07"",""period_start"":""2025-06-01"",""product"":""ÓLEO DIESEL B S10 - COMUM"",""publication_lag_assumption_days"":14,""revision_warning"":""Source labels observations as preliminary and revisable""}"
anp.diesel_s10.revenda.br.mean,2025-06-08,2025-06-17T02:59:59Z,2026-08-14T23:52:49Z,6.11707765668,BRL/L,ANP,0,country,BR,Brasil,"{""aggregation"":""station-day median, then unweighted national mean"",""availability_basis"":""conservative_lag_proxy"",""number_of_municipalities"":370,""number_of_states"":27,""number_of_station_days"":2936,""number_of_stations"":2936,""product"":""DIESEL S10"",""publication_lag_assumption_days"":8,""published_at"":null,""week_convention"":""W-SUN""}"
anp.producer_importer.diesel_s10.br.weighted_mean,2025-06-08,2025-06-21T02:59:59Z,2026-08-14T23:52:49Z,3.63171,BRL/L,ANP,0,country,BR,Brasil,"{""availability_status"":""official_estimate_in_workbook"",""excludes_icms"":true,""period_end"":""2025-06-08"",""period_start"":""2025-06-02"",""product"":""Óleo Diesel S-10 (R$/litro)"",""publication_lag_days"":12,""weighted_average"":true}"
bcb.usd_brl.ptax.sell.weekly_last,2025-06-08,2025-06-10T02:59:59Z,2026-08-14T23:52:49Z,5.5947,BRL/USD,BCB,0,country,BR,Brasil,"{""aggregation"":""last business-day observation in W-SUN week"",""daily_observations"":5,""publication_lag_assumption_days"":1,""week_convention"":""W-SUN""}"
eia.brent.rbrte.weekly_last,2025-06-08,2025-06-12T02:59:59Z,2026-08-14T23:52:49Z,68.02,USD/bbl,EIA,0,global,GLOBAL,Global,"{""aggregation"":""last business-day observation in W-SUN week"",""daily_observations"":5,""publication_lag_assumption_days"":3,""series"":""RBRTE"",""week_convention"":""W-SUN""}"
anp.distribution.diesel_s10.br.mean,2025-06-14,2025-06-29T02:59:59Z,2026-08-14T23:52:49Z,5.19085162131,BRL/L,ANP,0,country,BR,Brasil,"{""availability_status"":""assumed_unverified"",""dispersion"":0.1585949195419554,""period_end"":""2025-06-14"",""period_start"":""2025-06-08"",""product"":""ÓLEO DIESEL B S10 - COMUM"",""publication_lag_assumption_days"":14,""revision_warning"":""Source labels observations as preliminary and revisable""}"
anp.diesel_s10.revenda.br.mean,2025-06-15,2025-06-24T02:59:59Z,2026-08-14T23:52:49Z,6.08551488197,BRL/L,ANP,0,country,BR,Brasil,"{""aggregation"":""station-day median, then unweighted national mean"",""availability_basis"":""conservative_lag_proxy"",""number_of_municipalities"":368,""number_of_states"":27,""number_of_station_days"":2923,""number_of_stations"":2923,""product"":""DIESEL S10"",""publication_lag_assumption_days"":8,""published_at"":null,""week_convention"":""W-SUN""}"
anp.producer_importer.diesel_s10.br.weighted_mean,2025-06-15,2025-06-28T02:59:59Z,2026-08-14T23:52:49Z,3.69715,BRL/L,ANP,0,country,BR,Brasil,"{""availability_status"":""official_estimate_in_workbook"",""excludes_icms"":true,""period_end"":""2025-06-15"",""period_start"":""2025-06-09"",""product"":""Óleo Diesel S-10 (R$/litro)"",""publication_lag_days"":12,""weighted_average"":true}"
bcb.usd_brl.ptax.sell.weekly_last,2025-06-15,2025-06-17T02:59:59Z,2026-08-14T23:52:49Z,5.5652,BRL/USD,BCB,0,country,BR,Brasil,"{""aggregation"":""last business-day observation in W-SUN week"",""daily_observations"":5,""publication_lag_assumption_days"":1,""week_convention"":""W-SUN""}"
eia.brent.rbrte.weekly_last,2025-06-15,2025-06-19T02:59:59Z,2026-08-14T23:52:49Z,76,USD/bbl,EIA,0,global,GLOBAL,Global,"{""aggregation"":""last business-day observation in W-SUN week"",""daily_observations"":5,""publication_lag_assumption_days"":3,""series"":""RBRTE"",""week_convention"":""W-SUN""}"
anp.distribution.diesel_s10.br.mean,2025-06-21,2025-07-06T02:59:59Z,2026-08-14T23:52:49Z,5.24670549238,BRL/L,ANP,0,country,BR,Brasil,"{""availability_status"":""assumed_unverified"",""dispersion"":0.14603096229979914,""period_end"":""2025-06-21"",""period_start"":""2025-06-15"",""product"":""ÓLEO DIESEL B S10 - COMUM"",""publication_lag_assumption_days"":14,""revision_warning"":""Source labels observations as preliminary and revisable""}"
anp.diesel_s10.revenda.br.mean,2025-06-22,2025-07-01T02:59:59Z,2026-08-14T23:52:49Z,6.08724079127,BRL/L,ANP,0,country,BR,Brasil,"{""aggregation"":""station-day median, then unweighted national mean"",""availability_basis"":""conservative_lag_proxy"",""number_of_municipalities"":361,""number_of_states"":27,""number_of_station_days"":2932,""number_of_stations"":2932,""product"":""DIESEL S10"",""publication_lag_assumption_days"":8,""published_at"":null,""week_convention"":""W-SUN""}"
anp.producer_importer.diesel_s10.br.weighted_mean,2025-06-22,2025-07-05T02:59:59Z,2026-08-14T23:52:49Z,3.69004938744,BRL/L,ANP,0,country,BR,Brasil,"{""availability_status"":""official_estimate_in_workbook"",""excludes_icms"":true,""period_end"":""2025-06-22"",""period_start"":""2025-06-16"",""product"":""Óleo Diesel S-10 (R$/litro)"",""publication_lag_days"":12,""weighted_average"":true}"
bcb.usd_brl.ptax.sell.weekly_last,2025-06-22,2025-06-24T02:59:59Z,2026-08-14T23:52:49Z,5.4957,BRL/USD,BCB,0,country,BR,Brasil,"{""aggregation"":""last business-day observation in W-SUN week"",""daily_observations"":4,""publication_lag_assumption_days"":1,""week_convention"":""W-SUN""}"
eia.brent.rbrte.weekly_last,2025-06-22,2025-06-26T02:59:59Z,2026-08-14T23:52:49Z,78.73,USD/bbl,EIA,0,global,GLOBAL,Global,"{""aggregation"":""last business-day observation in W-SUN week"",""daily_observations"":5,""publication_lag_assumption_days"":3,""series"":""RBRTE"",""week_convention"":""W-SUN""}"
anp.distribution.diesel_s10.br.mean,2025-06-28,2025-07-13T02:59:59Z,2026-08-14T23:52:49Z,5.29304379863,BRL/L,ANP,0,country,BR,Brasil,"{""availability_status"":""assumed_unverified"",""dispersion"":0.13952326080904234,""period_end"":""2025-06-28"",""period_start"":""2025-06-22"",""product"":""ÓLEO DIESEL B S10 - COMUM"",""publication_lag_assumption_days"":14,""revision_warning"":""Source labels observations as preliminary and revisable""}"
anp.diesel_s10.revenda.br.mean,2025-06-29,2025-07-08T02:59:59Z,2026-08-14T23:52:49Z,6.09794478528,BRL/L,ANP,0,country,BR,Brasil,"{""aggregation"":""station-day median, then unweighted national mean"",""availability_basis"":""conservative_lag_proxy"",""number_of_municipalities"":368,""number_of_states"":27,""number_of_station_days"":2934,""number_of_stations"":2934,""product"":""DIESEL S10"",""publication_lag_assumption_days"":8,""published_at"":null,""week_convention"":""W-SUN""}"
anp.producer_importer.diesel_s10.br.weighted_mean,2025-06-29,2025-07-12T02:59:59Z,2026-08-14T23:52:49Z,3.64599,BRL/L,ANP,0,country,BR,Brasil,"{""availability_status"":""official_estimate_in_workbook"",""excludes_icms"":true,""period_end"":""2025-06-29"",""period_start"":""2025-06-23"",""product"":""Óleo Diesel S-10 (R$/litro)"",""publication_lag_days"":12,""weighted_average"":true}"
bcb.usd_brl.ptax.sell.weekly_last,2025-06-29,2025-07-01T02:59:59Z,2026-08-14T23:52:49Z,5.4759,BRL/USD,BCB,0,country,BR,Brasil,"{""aggregation"":""last business-day observation in W-SUN week"",""daily_observations"":5,""publication_lag_assumption_days"":1,""week_convention"":""W-SUN""}"
eia.brent.rbrte.weekly_last,2025-06-29,2025-07-03T02:59:59Z,2026-08-14T23:52:49Z,69.37,USD/bbl,EIA,0,global,GLOBAL,Global,"{""aggregation"":""last business-day observation in W-SUN week"",""daily_observations"":5,""publication_lag_assumption_days"":3,""series"":""RBRTE"",""week_convention"":""W-SUN""}"
anp.distribution.diesel_s10.br.mean,2025-07-05,2025-07-20T02:59:59Z,2026-08-14T23:52:49Z,5.2672290016,BRL/L,ANP,0,country,BR,Brasil,"{""availability_status"":""assumed_unverified"",""dispersion"":0.13931525219999905,""period_end"":""2025-07-05"",""period_start"":""2025-06-29"",""product"":""ÓLEO DIESEL B S10 - COMUM"",""publication_lag_assumption_days"":14,""revision_warning"":""Source labels observations as preliminary and revisable""}"
anp.diesel_s10.revenda.br.mean,2025-07-06,2025-07-15T02:59:59Z,2026-08-14T23:52:49Z,6.10095445412,BRL/L,ANP,0,country,BR,Brasil,"{""aggregation"":""station-day median, then unweighted national mean"",""availability_basis"":""conservative_lag_proxy"",""number_of_municipalities"":371,""number_of_states"":27,""number_of_station_days"":2986,""number_of_stations"":2986,""product"":""DIESEL S10"",""publication_lag_assumption_days"":8,""published_at"":null,""week_convention"":""W-SUN""}"
anp.producer_importer.diesel_s10.br.weighted_mean,2025-07-06,2025-07-19T02:59:59Z,2026-08-14T23:52:49Z,3.65965,BRL/L,ANP,0,country,BR,Brasil,"{""availability_status"":""official_estimate_in_workbook"",""excludes_icms"":true,""period_end"":""2025-07-06"",""period_start"":""2025-06-30"",""product"":""Óleo Diesel S-10 (R$/litro)"",""publication_lag_days"":12,""weighted_average"":true}"
bcb.usd_brl.ptax.sell.weekly_last,2025-07-06,2025-07-08T02:59:59Z,2026-08-14T23:52:49Z,5.409,BRL/USD,BCB,0,country,BR,Brasil,"{""aggregation"":""last business-day observation in W-SUN week"",""daily_observations"":5,""publication_lag_assumption_days"":1,""week_convention"":""W-SUN""}"
eia.brent.rbrte.weekly_last,2025-07-06,2025-07-10T02:59:59Z,2026-08-14T23:52:49Z,71.03,USD/bbl,EIA,0,global,GLOBAL,Global,"{""aggregation"":""last business-day observation in W-SUN week"",""daily_observations"":5,""publication_lag_assumption_days"":3,""series"":""RBRTE"",""week_convention"":""W-SUN""}"
anp.distribution.diesel_s10.br.mean,2025-07-12,2025-07-27T02:59:59Z,2026-08-14T23:52:49Z,5.25886797946,BRL/L,ANP,0,country,BR,Brasil,"{""availability_status"":""assumed_unverified"",""dispersion"":0.13677874226329567,""period_end"":""2025-07-12"",""period_start"":""2025-07-06"",""product"":""ÓLEO DIESEL B S10 - COMUM"",""publication_lag_assumption_days"":14,""revision_warning"":""Source labels observations as preliminary and revisable""}"
anp.diesel_s10.revenda.br.mean,2025-07-13,2025-07-22T02:59:59Z,2026-08-14T23:52:49Z,6.09263576617,BRL/L,ANP,0,country,BR,Brasil,"{""aggregation"":""station-day median, then unweighted national mean"",""availability_basis"":""conservative_lag_proxy"",""number_of_municipalities"":362,""number_of_states"":27,""number_of_station_days"":2891,""number_of_stations"":2891,""product"":""DIESEL S10"",""publication_lag_assumption_days"":8,""published_at"":null,""week_convention"":""W-SUN""}"
anp.producer_importer.diesel_s10.br.weighted_mean,2025-07-13,2025-07-26T02:59:59Z,2026-08-14T23:52:49Z,3.71062,BRL/L,ANP,0,country,BR,Brasil,"{""availability_status"":""official_estimate_in_workbook"",""excludes_icms"":true,""period_end"":""2025-07-13"",""period_start"":""2025-07-07"",""product"":""Óleo Diesel S-10 (R$/litro)"",""publication_lag_days"":12,""weighted_average"":true}"
bcb.usd_brl.ptax.sell.weekly_last,2025-07-13,2025-07-15T02:59:59Z,2026-08-14T23:52:49Z,5.5722,BRL/USD,BCB,0,country,BR,Brasil,"{""aggregation"":""last business-day observation in W-SUN week"",""daily_observations"":5,""publication_lag_assumption_days"":1,""week_convention"":""W-SUN""}"
eia.brent.rbrte.weekly_last,2025-07-13,2025-07-17T02:59:59Z,2026-08-14T23:52:49Z,72.06,USD/bbl,EIA,0,global,GLOBAL,Global,"{""aggregation"":""last business-day observation in W-SUN week"",""daily_observations"":5,""publication_lag_assumption_days"":3,""series"":""RBRTE"",""week_convention"":""W-SUN""}"
anp.distribution.diesel_s10.br.mean,2025-07-19,2025-08-03T02:59:59Z,2026-08-14T23:52:49Z,5.26817005956,BRL/L,ANP,0,country,BR,Brasil,"{""availability_status"":""assumed_unverified"",""dispersion"":0.13628232541908653,""period_end"":""2025-07-19"",""period_start"":""2025-07-13"",""product"":""ÓLEO DIESEL B S10 - COMUM"",""publication_lag_assumption_days"":14,""revision_warning"":""Source labels observations as preliminary and revisable""}"
anp.diesel_s10.revenda.br.mean,2025-07-20,2025-07-29T02:59:59Z,2026-08-14T23:52:49Z,6.10172229089,BRL/L,ANP,0,country,BR,Brasil,"{""aggregation"":""station-day median, then unweighted national mean"",""availability_basis"":""conservative_lag_proxy"",""number_of_municipalities"":279,""number_of_states"":27,""number_of_station_days"":2427,""number_of_stations"":2427,""product"":""DIESEL S10"",""publication_lag_assumption_days"":8,""published_at"":null,""week_convention"":""W-SUN""}"
anp.producer_importer.diesel_s10.br.weighted_mean,2025-07-20,2025-08-02T02:59:59Z,2026-08-14T23:52:49Z,3.63116,BRL/L,ANP,0,country,BR,Brasil,"{""availability_status"":""official_estimate_in_workbook"",""excludes_icms"":true,""period_end"":""2025-07-20"",""period_start"":""2025-07-14"",""product"":""Óleo Diesel S-10 (R$/litro)"",""publication_lag_days"":12,""weighted_average"":true}"
bcb.usd_brl.ptax.sell.weekly_last,2025-07-20,2025-07-22T02:59:59Z,2026-08-14T23:52:49Z,5.5466,BRL/USD,BCB,0,country,BR,Brasil,"{""aggregation"":""last business-day observation in W-SUN week"",""daily_observations"":5,""publication_lag_assumption_days"":1,""week_convention"":""W-SUN""}"
eia.brent.rbrte.weekly_last,2025-07-20,2025-07-24T02:59:59Z,2026-08-14T23:52:49Z,71.06,USD/bbl,EIA,0,global,GLOBAL,Global,"{""aggregation"":""last business-day observation in W-SUN week"",""daily_observations"":5,""publication_lag_assumption_days"":3,""series"":""RBRTE"",""week_convention"":""W-SUN""}"
anp.distribution.diesel_s10.br.mean,2025-07-26,2025-08-10T02:59:59Z,2026-08-14T23:52:49Z,5.30425160354,BRL/L,ANP,0,country,BR,Brasil,"{""availability_status"":""assumed_unverified"",""dispersion"":0.1335406376445095,""period_end"":""2025-07-26"",""period_start"":""2025-07-20"",""product"":""ÓLEO DIESEL B S10 - COMUM"",""publication_lag_assumption_days"":14,""revision_warning"":""Source labels observations as preliminary and revisable""}"
anp.diesel_s10.revenda.br.mean,2025-07-27,2025-08-05T02:59:59Z,2026-08-14T23:52:49Z,6.10074027073,BRL/L,ANP,0,country,BR,Brasil,"{""aggregation"":""station-day median, then unweighted national mean"",""availability_basis"":""conservative_lag_proxy"",""number_of_municipalities"":274,""number_of_states"":27,""number_of_station_days"":2364,""number_of_stations"":2364,""product"":""DIESEL S10"",""publication_lag_assumption_days"":8,""published_at"":null,""week_convention"":""W-SUN""}"
anp.producer_importer.diesel_s10.br.weighted_mean,2025-07-27,2025-08-09T02:59:59Z,2026-08-14T23:52:49Z,3.6696,BRL/L,ANP,0,country,BR,Brasil,"{""availability_status"":""official_estimate_in_workbook"",""excludes_icms"":true,""period_end"":""2025-07-27"",""period_start"":""2025-07-21"",""product"":""Óleo Diesel S-10 (R$/litro)"",""publication_lag_days"":12,""weighted_average"":true}"
bcb.usd_brl.ptax.sell.weekly_last,2025-07-27,2025-07-29T02:59:59Z,2026-08-14T23:52:49Z,5.5426,BRL/USD,BCB,0,country,BR,Brasil,"{""aggregation"":""last business-day observation in W-SUN week"",""daily_observations"":5,""publication_lag_assumption_days"":1,""week_convention"":""W-SUN""}"
eia.brent.rbrte.weekly_last,2025-07-27,2025-07-31T02:59:59Z,2026-08-14T23:52:49Z,69.23,USD/bbl,EIA,0,global,GLOBAL,Global,"{""aggregation"":""last business-day observation in W-SUN week"",""daily_observations"":5,""publication_lag_assumption_days"":3,""series"":""RBRTE"",""week_convention"":""W-SUN""}"
anp.distribution.diesel_s10.br.mean,2025-08-02,2025-08-17T02:59:59Z,2026-08-14T23:52:49Z,5.36652347056,BRL/L,ANP,0,country,BR,Brasil,"{""availability_status"":""assumed_unverified"",""dispersion"":0.13557432953214965,""period_end"":""2025-08-02"",""period_start"":""2025-07-27"",""product"":""ÓLEO DIESEL B S10 - COMUM"",""publication_lag_assumption_days"":14,""revision_warning"":""Source labels observations as preliminary and revisable""}"
anp.diesel_s10.revenda.br.mean,2025-08-03,2025-08-12T02:59:59Z,2026-08-14T23:52:49Z,6.10150190921,BRL/L,ANP,0,country,BR,Brasil,"{""aggregation"":""station-day median, then unweighted national mean"",""availability_basis"":""conservative_lag_proxy"",""number_of_municipalities"":271,""number_of_states"":27,""number_of_station_days"":2357,""number_of_stations"":2357,""product"":""DIESEL S10"",""publication_lag_assumption_days"":8,""published_at"":null,""week_convention"":""W-SUN""}"
anp.producer_importer.diesel_s10.br.weighted_mean,2025-08-03,2025-08-16T02:59:59Z,2026-08-14T23:52:49Z,3.66677,BRL/L,ANP,0,country,BR,Brasil,"{""availability_status"":""official_estimate_in_workbook"",""excludes_icms"":true,""period_end"":""2025-08-03"",""period_start"":""2025-07-28"",""product"":""Óleo Diesel S-10 (R$/litro)"",""publication_lag_days"":12,""weighted_average"":true}"
bcb.usd_brl.ptax.sell.weekly_last,2025-08-03,2025-08-05T02:59:59Z,2026-08-14T23:52:49Z,5.5436,BRL/USD,BCB,0,country,BR,Brasil,"{""aggregation"":""last business-day observation in W-SUN week"",""daily_observations"":5,""publication_lag_assumption_days"":1,""week_convention"":""W-SUN""}"
eia.brent.rbrte.weekly_last,2025-08-03,2025-08-07T02:59:59Z,2026-08-14T23:52:49Z,70.55,USD/bbl,EIA,0,global,GLOBAL,Global,"{""aggregation"":""last business-day observation in W-SUN week"",""daily_observations"":5,""publication_lag_assumption_days"":3,""series"":""RBRTE"",""week_convention"":""W-SUN""}"
anp.distribution.diesel_s10.br.mean,2025-08-09,2025-08-24T02:59:59Z,2026-08-14T23:52:49Z,5.39713832877,BRL/L,ANP,0,country,BR,Brasil,"{""availability_status"":""assumed_unverified"",""dispersion"":0.1278027112351666,""period_end"":""2025-08-09"",""period_start"":""2025-08-03"",""product"":""ÓLEO DIESEL B S10 - COMUM"",""publication_lag_assumption_days"":14,""revision_warning"":""Source labels observations as preliminary and revisable""}"
anp.diesel_s10.revenda.br.mean,2025-08-10,2025-08-19T02:59:59Z,2026-08-14T23:52:49Z,6.11730496454,BRL/L,ANP,0,country,BR,Brasil,"{""aggregation"":""station-day median, then unweighted national mean"",""availability_basis"":""conservative_lag_proxy"",""number_of_municipalities"":279,""number_of_states"":27,""number_of_station_days"":2397,""number_of_stations"":2397,""product"":""DIESEL S10"",""publication_lag_assumption_days"":8,""published_at"":null,""week_convention"":""W-SUN""}"
anp.producer_importer.diesel_s10.br.weighted_mean,2025-08-10,2025-08-23T02:59:59Z,2026-08-14T23:52:49Z,3.68232352385,BRL/L,ANP,0,country,BR,Brasil,"{""availability_status"":""official_estimate_in_workbook"",""excludes_icms"":true,""period_end"":""2025-08-10"",""period_start"":""2025-08-04"",""product"":""Óleo Diesel S-10 (R$/litro)"",""publication_lag_days"":12,""weighted_average"":true}"
bcb.usd_brl.ptax.sell.weekly_last,2025-08-10,2025-08-12T02:59:59Z,2026-08-14T23:52:49Z,5.4254,BRL/USD,BCB,0,country,BR,Brasil,"{""aggregation"":""last business-day observation in W-SUN week"",""daily_observations"":5,""publication_lag_assumption_days"":1,""week_convention"":""W-SUN""}"
eia.brent.rbrte.weekly_last,2025-08-10,2025-08-14T02:59:59Z,2026-08-14T23:52:49Z,67.17,USD/bbl,EIA,0,global,GLOBAL,Global,"{""aggregation"":""last business-day observation in W-SUN week"",""daily_observations"":5,""publication_lag_assumption_days"":3,""series"":""RBRTE"",""week_convention"":""W-SUN""}"
anp.distribution.diesel_s10.br.mean,2025-08-16,2025-08-31T02:59:59Z,2026-08-14T23:52:49Z,5.38412072019,BRL/L,ANP,0,country,BR,Brasil,"{""availability_status"":""assumed_unverified"",""dispersion"":0.12756871730083533,""period_end"":""2025-08-16"",""period_start"":""2025-08-10"",""product"":""ÓLEO DIESEL B S10 - COMUM"",""publication_lag_assumption_days"":14,""revision_warning"":""Source labels observations as preliminary and revisable""}"
anp.diesel_s10.revenda.br.mean,2025-08-17,2025-08-26T02:59:59Z,2026-08-14T23:52:49Z,6.12400838574,BRL/L,ANP,0,country,BR,Brasil,"{""aggregation"":""station-day median, then unweighted national mean"",""availability_basis"":""conservative_lag_proxy"",""number_of_municipalities"":273,""number_of_states"":27,""number_of_station_days"":2385,""number_of_stations"":2385,""product"":""DIESEL S10"",""publication_lag_assumption_days"":8,""published_at"":null,""week_convention"":""W-SUN""}"
anp.producer_importer.diesel_s10.br.weighted_mean,2025-08-17,2025-08-30T02:59:59Z,2026-08-14T23:52:49Z,3.69574,BRL/L,ANP,0,country,BR,Brasil,"{""availability_status"":""official_estimate_in_workbook"",""excludes_icms"":true,""period_end"":""2025-08-17"",""period_start"":""2025-08-11"",""product"":""Óleo Diesel S-10 (R$/litro)"",""publication_lag_days"":12,""weighted_average"":true}"
bcb.usd_brl.ptax.sell.weekly_last,2025-08-17,2025-08-19T02:59:59Z,2026-08-14T23:52:49Z,5.3928,BRL/USD,BCB,0,country,BR,Brasil,"{""aggregation"":""last business-day observation in W-SUN week"",""daily_observations"":5,""publication_lag_assumption_days"":1,""week_convention"":""W-SUN""}"
eia.brent.rbrte.weekly_last,2025-08-17,2025-08-21T02:59:59Z,2026-08-14T23:52:49Z,67.3,USD/bbl,EIA,0,global,GLOBAL,Global,"{""aggregation"":""last business-day observation in W-SUN week"",""daily_observations"":5,""publication_lag_assumption_days"":3,""series"":""RBRTE"",""week_convention"":""W-SUN""}"
anp.distribution.diesel_s10.br.mean,2025-08-23,2025-09-07T02:59:59Z,2026-08-14T23:52:49Z,5.36299471958,BRL/L,ANP,0,country,BR,Brasil,"{""availability_status"":""assumed_unverified"",""dispersion"":0.13452203543728183,""period_end"":""2025-08-23"",""period_start"":""2025-08-17"",""product"":""ÓLEO DIESEL B S10 - COMUM"",""publication_lag_assumption_days"":14,""revision_warning"":""Source labels observations as preliminary and revisable""}"
anp.diesel_s10.revenda.br.mean,2025-08-24,2025-09-02T02:59:59Z,2026-08-14T23:52:49Z,6.13038011696,BRL/L,ANP,0,country,BR,Brasil,"{""aggregation"":""station-day median, then unweighted national mean"",""availability_basis"":""conservative_lag_proxy"",""number_of_municipalities"":276,""number_of_states"":27,""number_of_station_days"":2394,""number_of_stations"":2394,""product"":""DIESEL S10"",""publication_lag_assumption_days"":8,""published_at"":null,""week_convention"":""W-SUN""}"
anp.producer_importer.diesel_s10.br.weighted_mean,2025-08-24,2025-09-06T02:59:59Z,2026-08-14T23:52:49Z,3.76269,BRL/L,ANP,0,country,BR,Brasil,"{""availability_status"":""official_estimate_in_workbook"",""excludes_icms"":true,""period_end"":""2025-08-24"",""period_start"":""2025-08-18"",""product"":""Óleo Diesel S-10 (R$/litro)"",""publication_lag_days"":12,""weighted_average"":true}"
bcb.usd_brl.ptax.sell.weekly_last,2025-08-24,2025-08-26T02:59:59Z,2026-08-14T23:52:49Z,5.4392,BRL/USD,BCB,0,country,BR,Brasil,"{""aggregation"":""last business-day observation in W-SUN week"",""daily_observations"":5,""publication_lag_assumption_days"":1,""week_convention"":""W-SUN""}"
eia.brent.rbrte.weekly_last,2025-08-24,2025-08-28T02:59:59Z,2026-08-14T23:52:49Z,68.29,USD/bbl,EIA,0,global,GLOBAL,Global,"{""aggregation"":""last business-day observation in W-SUN week"",""daily_observations"":5,""publication_lag_assumption_days"":3,""series"":""RBRTE"",""week_convention"":""W-SUN""}"
anp.distribution.diesel_s10.br.mean,2025-08-30,2025-09-14T02:59:59Z,2026-08-14T23:52:49Z,5.34619865507,BRL/L,ANP,0,country,BR,Brasil,"{""availability_status"":""assumed_unverified"",""dispersion"":0.13805205101353293,""period_end"":""2025-08-30"",""period_start"":""2025-08-24"",""product"":""ÓLEO DIESEL B S10 - COMUM"",""publication_lag_assumption_days"":14,""revision_warning"":""Source labels observations as preliminary and revisable""}"
anp.diesel_s10.revenda.br.mean,2025-08-31,2025-09-09T02:59:59Z,2026-08-14T23:52:49Z,6.12335634167,BRL/L,ANP,0,country,BR,Brasil,"{""aggregation"":""station-day median, then unweighted national mean"",""availability_basis"":""conservative_lag_proxy"",""number_of_municipalities"":266,""number_of_states"":27,""number_of_station_days"":2318,""number_of_stations"":2318,""product"":""DIESEL S10"",""publication_lag_assumption_days"":8,""published_at"":null,""week_convention"":""W-SUN""}"
anp.producer_importer.diesel_s10.br.weighted_mean,2025-08-31,2025-09-13T02:59:59Z,2026-08-14T23:52:49Z,3.75479,BRL/L,ANP,0,country,BR,Brasil,"{""availability_status"":""official_estimate_in_workbook"",""excludes_icms"":true,""period_end"":""2025-08-31"",""period_start"":""2025-08-25"",""product"":""Óleo Diesel S-10 (R$/litro)"",""publication_lag_days"":12,""weighted_average"":true}"
bcb.usd_brl.ptax.sell.weekly_last,2025-08-31,2025-09-02T02:59:59Z,2026-08-14T23:52:49Z,5.4264,BRL/USD,BCB,0,country,BR,Brasil,"{""aggregation"":""last business-day observation in W-SUN week"",""daily_observations"":5,""publication_lag_assumption_days"":1,""week_convention"":""W-SUN""}"
eia.brent.rbrte.weekly_last,2025-08-31,2025-09-04T02:59:59Z,2026-08-14T23:52:49Z,67.83,USD/bbl,EIA,0,global,GLOBAL,Global,"{""aggregation"":""last business-day observation in W-SUN week"",""daily_observations"":4,""publication_lag_assumption_days"":3,""series"":""RBRTE"",""week_convention"":""W-SUN""}"
anp.distribution.diesel_s10.br.mean,2025-09-06,2025-09-21T02:59:59Z,2026-08-14T23:52:49Z,5.34837844714,BRL/L,ANP,0,country,BR,Brasil,"{""availability_status"":""assumed_unverified"",""dispersion"":0.12652107522091202,""period_end"":""2025-09-06"",""period_start"":""2025-08-31"",""product"":""ÓLEO DIESEL B S10 - COMUM"",""publication_lag_assumption_days"":14,""revision_warning"":""Source labels observations as preliminary and revisable""}"
anp.diesel_s10.revenda.br.mean,2025-09-07,2025-09-16T02:59:59Z,2026-08-14T23:52:49Z,6.12454344949,BRL/L,ANP,0,country,BR,Brasil,"{""aggregation"":""station-day median, then unweighted national mean"",""availability_basis"":""conservative_lag_proxy"",""number_of_municipalities"":264,""number_of_states"":27,""number_of_station_days"":2267,""number_of_stations"":2267,""product"":""DIESEL S10"",""publication_lag_assumption_days"":8,""published_at"":null,""week_convention"":""W-SUN""}"
anp.producer_importer.diesel_s10.br.weighted_mean,2025-09-07,2025-09-20T02:59:59Z,2026-08-14T23:52:49Z,3.74975,BRL/L,ANP,0,country,BR,Brasil,"{""availability_status"":""official_estimate_in_workbook"",""excludes_icms"":true,""period_end"":""2025-09-07"",""period_start"":""2025-09-01"",""product"":""Óleo Diesel S-10 (R$/litro)"",""publication_lag_days"":12,""weighted_average"":true}"
bcb.usd_brl.ptax.sell.weekly_last,2025-09-07,2025-09-09T02:59:59Z,2026-08-14T23:52:49Z,5.3968,BRL/USD,BCB,0,country,BR,Brasil,"{""aggregation"":""last business-day observation in W-SUN week"",""daily_observations"":5,""publication_lag_assumption_days"":1,""week_convention"":""W-SUN""}"
eia.brent.rbrte.weekly_last,2025-09-07,2025-09-11T02:59:59Z,2026-08-14T23:52:49Z,64.92,USD/bbl,EIA,0,global,GLOBAL,Global,"{""aggregation"":""last business-day observation in W-SUN week"",""daily_observations"":5,""publication_lag_assumption_days"":3,""series"":""RBRTE"",""week_convention"":""W-SUN""}"
anp.distribution.diesel_s10.br.mean,2025-09-13,2025-09-28T02:59:59Z,2026-08-14T23:52:49Z,5.34423343614,BRL/L,ANP,0,country,BR,Brasil,"{""availability_status"":""assumed_unverified"",""dispersion"":0.1285174063041102,""period_end"":""2025-09-13"",""period_start"":""2025-09-07"",""product"":""ÓLEO DIESEL B S10 - COMUM"",""publication_lag_assumption_days"":14,""revision_warning"":""Source labels observations as preliminary and revisable""}"
anp.diesel_s10.revenda.br.mean,2025-09-14,2025-09-23T02:59:59Z,2026-08-14T23:52:49Z,6.11933333333,BRL/L,ANP,0,country,BR,Brasil,"{""aggregation"":""station-day median, then unweighted national mean"",""availability_basis"":""conservative_lag_proxy"",""number_of_municipalities"":291,""number_of_states"":27,""number_of_station_days"":2430,""number_of_stations"":2430,""product"":""DIESEL S10"",""publication_lag_assumption_days"":8,""published_at"":null,""week_convention"":""W-SUN""}"
anp.producer_importer.diesel_s10.br.weighted_mean,2025-09-14,2025-09-27T02:59:59Z,2026-08-14T23:52:49Z,3.62588,BRL/L,ANP,0,country,BR,Brasil,"{""availability_status"":""official_estimate_in_workbook"",""excludes_icms"":true,""period_end"":""2025-09-14"",""period_start"":""2025-09-08"",""product"":""Óleo Diesel S-10 (R$/litro)"",""publication_lag_days"":12,""weighted_average"":true}"
bcb.usd_brl.ptax.sell.weekly_last,2025-09-14,2025-09-16T02:59:59Z,2026-08-14T23:52:49Z,5.3677,BRL/USD,BCB,0,country,BR,Brasil,"{""aggregation"":""last business-day observation in W-SUN week"",""daily_observations"":5,""publication_lag_assumption_days"":1,""week_convention"":""W-SUN""}"
eia.brent.rbrte.weekly_last,2025-09-14,2025-09-18T02:59:59Z,2026-08-14T23:52:49Z,67.87,USD/bbl,EIA,0,global,GLOBAL,Global,"{""aggregation"":""last business-day observation in W-SUN week"",""daily_observations"":5,""publication_lag_assumption_days"":3,""series"":""RBRTE"",""week_convention"":""W-SUN""}"
anp.distribution.diesel_s10.br.mean,2025-09-20,2025-10-05T02:59:59Z,2026-08-14T23:52:49Z,5.34361950801,BRL/L,ANP,0,country,BR,Brasil,"{""availability_status"":""assumed_unverified"",""dispersion"":0.12815399664810584,""period_end"":""2025-09-20"",""period_start"":""2025-09-14"",""product"":""ÓLEO DIESEL B S10 - COMUM"",""publication_lag_assumption_days"":14,""revision_warning"":""Source labels observations as preliminary and revisable""}"
anp.diesel_s10.revenda.br.mean,2025-09-21,2025-09-30T02:59:59Z,2026-08-14T23:52:49Z,6.11049206995,BRL/L,ANP,0,country,BR,Brasil,"{""aggregation"":""station-day median, then unweighted national mean"",""availability_basis"":""conservative_lag_proxy"",""number_of_municipalities"":295,""number_of_states"":27,""number_of_station_days"":2459,""number_of_stations"":2459,""product"":""DIESEL S10"",""publication_lag_assumption_days"":8,""published_at"":null,""week_convention"":""W-SUN""}"
anp.producer_importer.diesel_s10.br.weighted_mean,2025-09-21,2025-10-04T02:59:59Z,2026-08-14T23:52:49Z,3.71169,BRL/L,ANP,0,country,BR,Brasil,"{""availability_status"":""official_estimate_in_workbook"",""excludes_icms"":true,""period_end"":""2025-09-21"",""period_start"":""2025-09-15"",""product"":""Óleo Diesel S-10 (R$/litro)"",""publication_lag_days"":12,""weighted_average"":true}"
bcb.usd_brl.ptax.sell.weekly_last,2025-09-21,2025-09-23T02:59:59Z,2026-08-14T23:52:49Z,5.3276,BRL/USD,BCB,0,country,BR,Brasil,"{""aggregation"":""last business-day observation in W-SUN week"",""daily_observations"":5,""publication_lag_assumption_days"":1,""week_convention"":""W-SUN""}"
eia.brent.rbrte.weekly_last,2025-09-21,2025-09-25T02:59:59Z,2026-08-14T23:52:49Z,67.05,USD/bbl,EIA,0,global,GLOBAL,Global,"{""aggregation"":""last business-day observation in W-SUN week"",""daily_observations"":5,""publication_lag_assumption_days"":3,""series"":""RBRTE"",""week_convention"":""W-SUN""}"
anp.distribution.diesel_s10.br.mean,2025-09-27,2025-10-12T02:59:59Z,2026-08-14T23:52:49Z,5.34434041375,BRL/L,ANP,0,country,BR,Brasil,"{""availability_status"":""assumed_unverified"",""dispersion"":0.13111453634187806,""period_end"":""2025-09-27"",""period_start"":""2025-09-21"",""product"":""ÓLEO DIESEL B S10 - COMUM"",""publication_lag_assumption_days"":14,""revision_warning"":""Source labels observations as preliminary and revisable""}"
anp.diesel_s10.revenda.br.mean,2025-09-28,2025-10-07T02:59:59Z,2026-08-14T23:52:49Z,6.11855608079,BRL/L,ANP,0,country,BR,Brasil,"{""aggregation"":""station-day median, then unweighted national mean"",""availability_basis"":""conservative_lag_proxy"",""number_of_municipalities"":281,""number_of_states"":27,""number_of_station_days"":2327,""number_of_stations"":2327,""product"":""DIESEL S10"",""publication_lag_assumption_days"":8,""published_at"":null,""week_convention"":""W-SUN""}"
anp.producer_importer.diesel_s10.br.weighted_mean,2025-09-28,2025-10-11T02:59:59Z,2026-08-14T23:52:49Z,3.74448,BRL/L,ANP,0,country,BR,Brasil,"{""availability_status"":""official_estimate_in_workbook"",""excludes_icms"":true,""period_end"":""2025-09-28"",""period_start"":""2025-09-22"",""product"":""Óleo Diesel S-10 (R$/litro)"",""publication_lag_days"":12,""weighted_average"":true}"
bcb.usd_brl.ptax.sell.weekly_last,2025-09-28,2025-09-30T02:59:59Z,2026-08-14T23:52:49Z,5.3445,BRL/USD,BCB,0,country,BR,Brasil,"{""aggregation"":""last business-day observation in W-SUN week"",""daily_observations"":5,""publication_lag_assumption_days"":1,""week_convention"":""W-SUN""}"
eia.brent.rbrte.weekly_last,2025-09-28,2025-10-02T02:59:59Z,2026-08-14T23:52:49Z,71.15,USD/bbl,EIA,0,global,GLOBAL,Global,"{""aggregation"":""last business-day observation in W-SUN week"",""daily_observations"":5,""publication_lag_assumption_days"":3,""series"":""RBRTE"",""week_convention"":""W-SUN""}"
anp.distribution.diesel_s10.br.mean,2025-10-04,2025-10-19T02:59:59Z,2026-08-14T23:52:49Z,5.35947119096,BRL/L,ANP,0,country,BR,Brasil,"{""availability_status"":""assumed_unverified"",""dispersion"":0.12173029256317257,""period_end"":""2025-10-04"",""period_start"":""2025-09-28"",""product"":""ÓLEO DIESEL B S10 - COMUM"",""publication_lag_assumption_days"":14,""revision_warning"":""Source labels observations as preliminary and revisable""}"
anp.diesel_s10.revenda.br.mean,2025-10-05,2025-10-14T02:59:59Z,2026-08-14T23:52:49Z,6.11201245621,BRL/L,ANP,0,country,BR,Brasil,"{""aggregation"":""station-day median, then unweighted national mean"",""availability_basis"":""conservative_lag_proxy"",""number_of_municipalities"":311,""number_of_states"":27,""number_of_station_days"":2569,""number_of_stations"":2569,""product"":""DIESEL S10"",""publication_lag_assumption_days"":8,""published_at"":null,""week_convention"":""W-SUN""}"
anp.producer_importer.diesel_s10.br.weighted_mean,2025-10-05,2025-10-18T02:59:59Z,2026-08-14T23:52:49Z,3.68259,BRL/L,ANP,0,country,BR,Brasil,"{""availability_status"":""official_estimate_in_workbook"",""excludes_icms"":true,""period_end"":""2025-10-05"",""period_start"":""2025-09-29"",""product"":""Óleo Diesel S-10 (R$/litro)"",""publication_lag_days"":12,""weighted_average"":true}"
bcb.usd_brl.ptax.sell.weekly_last,2025-10-05,2025-10-07T02:59:59Z,2026-08-14T23:52:49Z,5.3498,BRL/USD,BCB,0,country,BR,Brasil,"{""aggregation"":""last business-day observation in W-SUN week"",""daily_observations"":5,""publication_lag_assumption_days"":1,""week_convention"":""W-SUN""}"
eia.brent.rbrte.weekly_last,2025-10-05,2025-10-09T02:59:59Z,2026-08-14T23:52:49Z,66.13,USD/bbl,EIA,0,global,GLOBAL,Global,"{""aggregation"":""last business-day observation in W-SUN week"",""daily_observations"":5,""publication_lag_assumption_days"":3,""series"":""RBRTE"",""week_convention"":""W-SUN""}"
anp.distribution.diesel_s10.br.mean,2025-10-11,2025-10-26T02:59:59Z,2026-08-14T23:52:49Z,5.35946805652,BRL/L,ANP,0,country,BR,Brasil,"{""availability_status"":""assumed_unverified"",""dispersion"":0.11908430082076508,""period_end"":""2025-10-11"",""period_start"":""2025-10-05"",""product"":""ÓLEO DIESEL B S10 - COMUM"",""publication_lag_assumption_days"":14,""revision_warning"":""Source labels observations as preliminary and revisable""}"
anp.diesel_s10.revenda.br.mean,2025-10-12,2025-10-21T02:59:59Z,2026-08-14T23:52:49Z,6.11118850846,BRL/L,ANP,0,country,BR,Brasil,"{""aggregation"":""station-day median, then unweighted national mean"",""availability_basis"":""conservative_lag_proxy"",""number_of_municipalities"":304,""number_of_states"":27,""number_of_station_days"":2541,""number_of_stations"":2541,""product"":""DIESEL S10"",""publication_lag_assumption_days"":8,""published_at"":null,""week_convention"":""W-SUN""}"
anp.producer_importer.diesel_s10.br.weighted_mean,2025-10-12,2025-10-25T02:59:59Z,2026-08-14T23:52:49Z,3.711,BRL/L,ANP,0,country,BR,Brasil,"{""availability_status"":""official_estimate_in_workbook"",""excludes_icms"":true,""period_end"":""2025-10-12"",""period_start"":""2025-10-06"",""product"":""Óleo Diesel S-10 (R$/litro)"",""publication_lag_days"":12,""weighted_average"":true}"
bcb.usd_brl.ptax.sell.weekly_last,2025-10-12,2025-10-14T02:59:59Z,2026-08-14T23:52:49Z,5.4446,BRL/USD,BCB,0,country,BR,Brasil,"{""aggregation"":""last business-day observation in W-SUN week"",""daily_observations"":5,""publication_lag_assumption_days"":1,""week_convention"":""W-SUN""}"
eia.brent.rbrte.weekly_last,2025-10-12,2025-10-16T02:59:59Z,2026-08-14T23:52:49Z,64.41,USD/bbl,EIA,0,global,GLOBAL,Global,"{""aggregation"":""last business-day observation in W-SUN week"",""daily_observations"":5,""publication_lag_assumption_days"":3,""series"":""RBRTE"",""week_convention"":""W-SUN""}"
anp.distribution.diesel_s10.br.mean,2025-10-18,2025-11-02T02:59:59Z,2026-08-14T23:52:49Z,5.3496108563,BRL/L,ANP,0,country,BR,Brasil,"{""availability_status"":""assumed_unverified"",""dispersion"":0.12000930481566277,""period_end"":""2025-10-18"",""period_start"":""2025-10-12"",""product"":""ÓLEO DIESEL B S10 - COMUM"",""publication_lag_assumption_days"":14,""revision_warning"":""Source labels observations as preliminary and revisable""}"
anp.diesel_s10.revenda.br.mean,2025-10-19,2025-10-28T02:59:59Z,2026-08-14T23:52:49Z,6.09851274249,BRL/L,ANP,0,country,BR,Brasil,"{""aggregation"":""station-day median, then unweighted national mean"",""availability_basis"":""conservative_lag_proxy"",""number_of_municipalities"":314,""number_of_states"":27,""number_of_station_days"":2629,""number_of_stations"":2629,""product"":""DIESEL S10"",""publication_lag_assumption_days"":8,""published_at"":null,""week_convention"":""W-SUN""}"
anp.producer_importer.diesel_s10.br.weighted_mean,2025-10-19,2025-11-01T02:59:59Z,2026-08-14T23:52:49Z,3.78415,BRL/L,ANP,0,country,BR,Brasil,"{""availability_status"":""official_estimate_in_workbook"",""excludes_icms"":true,""period_end"":""2025-10-19"",""period_start"":""2025-10-13"",""product"":""Óleo Diesel S-10 (R$/litro)"",""publication_lag_days"":12,""weighted_average"":true}"
bcb.usd_brl.ptax.sell.weekly_last,2025-10-19,2025-10-21T02:59:59Z,2026-08-14T23:52:49Z,5.439,BRL/USD,BCB,0,country,BR,Brasil,"{""aggregation"":""last business-day observation in W-SUN week"",""daily_observations"":5,""publication_lag_assumption_days"":1,""week_convention"":""W-SUN""}"
eia.brent.rbrte.weekly_last,2025-10-19,2025-10-23T02:59:59Z,2026-08-14T23:52:49Z,61.23,USD/bbl,EIA,0,global,GLOBAL,Global,"{""aggregation"":""last business-day observation in W-SUN week"",""daily_observations"":5,""publication_lag_assumption_days"":3,""series"":""RBRTE"",""week_convention"":""W-SUN""}"
anp.distribution.diesel_s10.br.mean,2025-10-25,2025-11-09T02:59:59Z,2026-08-14T23:52:49Z,5.34426381163,BRL/L,ANP,0,country,BR,Brasil,"{""availability_status"":""assumed_unverified"",""dispersion"":0.11752226727392671,""period_end"":""2025-10-25"",""period_start"":""2025-10-19"",""product"":""ÓLEO DIESEL B S10 - COMUM"",""publication_lag_assumption_days"":14,""revision_warning"":""Source labels observations as preliminary and revisable""}"
anp.diesel_s10.revenda.br.mean,2025-10-26,2025-11-04T02:59:59Z,2026-08-14T23:52:49Z,6.10629643815,BRL/L,ANP,0,country,BR,Brasil,"{""aggregation"":""station-day median, then unweighted national mean"",""availability_basis"":""conservative_lag_proxy"",""number_of_municipalities"":315,""number_of_states"":27,""number_of_station_days"":2611,""number_of_stations"":2611,""product"":""DIESEL S10"",""publication_lag_assumption_days"":8,""published_at"":null,""week_convention"":""W-SUN""}"
anp.producer_importer.diesel_s10.br.weighted_mean,2025-10-26,2025-11-08T02:59:59Z,2026-08-14T23:52:49Z,3.71054,BRL/L,ANP,0,country,BR,Brasil,"{""availability_status"":""official_estimate_in_workbook"",""excludes_icms"":true,""period_end"":""2025-10-26"",""period_start"":""2025-10-20"",""product"":""Óleo Diesel S-10 (R$/litro)"",""publication_lag_days"":12,""weighted_average"":true}"
bcb.usd_brl.ptax.sell.weekly_last,2025-10-26,2025-10-28T02:59:59Z,2026-08-14T23:52:49Z,5.3797,BRL/USD,BCB,0,country,BR,Brasil,"{""aggregation"":""last business-day observation in W-SUN week"",""daily_observations"":5,""publication_lag_assumption_days"":1,""week_convention"":""W-SUN""}"
eia.brent.rbrte.weekly_last,2025-10-26,2025-10-30T02:59:59Z,2026-08-14T23:52:49Z,65.8,USD/bbl,EIA,0,global,GLOBAL,Global,"{""aggregation"":""last business-day observation in W-SUN week"",""daily_observations"":5,""publication_lag_assumption_days"":3,""series"":""RBRTE"",""week_convention"":""W-SUN""}"
anp.distribution.diesel_s10.br.mean,2025-11-01,2025-11-16T02:59:59Z,2026-08-14T23:52:49Z,5.35785618787,BRL/L,ANP,0,country,BR,Brasil,"{""availability_status"":""assumed_unverified"",""dispersion"":0.11801107984019946,""period_end"":""2025-11-01"",""period_start"":""2025-10-26"",""product"":""ÓLEO DIESEL B S10 - COMUM"",""publication_lag_assumption_days"":14,""revision_warning"":""Source labels observations as preliminary and revisable""}"
anp.diesel_s10.revenda.br.mean,2025-11-02,2025-11-11T02:59:59Z,2026-08-14T23:52:49Z,6.09646318199,BRL/L,ANP,0,country,BR,Brasil,"{""aggregation"":""station-day median, then unweighted national mean"",""availability_basis"":""conservative_lag_proxy"",""number_of_municipalities"":316,""number_of_states"":27,""number_of_station_days"":2621,""number_of_stations"":2621,""product"":""DIESEL S10"",""publication_lag_assumption_days"":8,""published_at"":null,""week_convention"":""W-SUN""}"
anp.producer_importer.diesel_s10.br.weighted_mean,2025-11-02,2025-11-15T02:59:59Z,2026-08-14T23:52:49Z,3.82548,BRL/L,ANP,0,country,BR,Brasil,"{""availability_status"":""official_estimate_in_workbook"",""excludes_icms"":true,""period_end"":""2025-11-02"",""period_start"":""2025-10-27"",""product"":""Óleo Diesel S-10 (R$/litro)"",""publication_lag_days"":12,""weighted_average"":true}"
bcb.usd_brl.ptax.sell.weekly_last,2025-11-02,2025-11-04T02:59:59Z,2026-08-14T23:52:49Z,5.3843,BRL/USD,BCB,0,country,BR,Brasil,"{""aggregation"":""last business-day observation in W-SUN week"",""daily_observations"":5,""publication_lag_assumption_days"":1,""week_convention"":""W-SUN""}"
eia.brent.rbrte.weekly_last,2025-11-02,2025-11-06T02:59:59Z,2026-08-14T23:52:49Z,65.44,USD/bbl,EIA,0,global,GLOBAL,Global,"{""aggregation"":""last business-day observation in W-SUN week"",""daily_observations"":5,""publication_lag_assumption_days"":3,""series"":""RBRTE"",""week_convention"":""W-SUN""}"
anp.distribution.diesel_s10.br.mean,2025-11-08,2025-11-23T02:59:59Z,2026-08-14T23:52:49Z,5.37765980474,BRL/L,ANP,0,country,BR,Brasil,"{""availability_status"":""assumed_unverified"",""dispersion"":0.11455634303018687,""period_end"":""2025-11-08"",""period_start"":""2025-11-02"",""product"":""ÓLEO DIESEL B S10 - COMUM"",""publication_lag_assumption_days"":14,""revision_warning"":""Source labels observations as preliminary and revisable""}"
anp.diesel_s10.revenda.br.mean,2025-11-09,2025-11-18T02:59:59Z,2026-08-14T23:52:49Z,6.11034191176,BRL/L,ANP,0,country,BR,Brasil,"{""aggregation"":""station-day median, then unweighted national mean"",""availability_basis"":""conservative_lag_proxy"",""number_of_municipalities"":346,""number_of_states"":27,""number_of_station_days"":2720,""number_of_stations"":2720,""product"":""DIESEL S10"",""publication_lag_assumption_days"":8,""published_at"":null,""week_convention"":""W-SUN""}"
anp.producer_importer.diesel_s10.br.weighted_mean,2025-11-09,2025-11-22T02:59:59Z,2026-08-14T23:52:49Z,3.89357,BRL/L,ANP,0,country,BR,Brasil,"{""availability_status"":""official_estimate_in_workbook"",""excludes_icms"":true,""period_end"":""2025-11-09"",""period_start"":""2025-11-03"",""product"":""Óleo Diesel S-10 (R$/litro)"",""publication_lag_days"":12,""weighted_average"":true}"
bcb.usd_brl.ptax.sell.weekly_last,2025-11-09,2025-11-11T02:59:59Z,2026-08-14T23:52:49Z,5.3567,BRL/USD,BCB,0,country,BR,Brasil,"{""aggregation"":""last business-day observation in W-SUN week"",""daily_observations"":5,""publication_lag_assumption_days"":1,""week_convention"":""W-SUN""}"
eia.brent.rbrte.weekly_last,2025-11-09,2025-11-13T02:59:59Z,2026-08-14T23:52:49Z,63.72,USD/bbl,EIA,0,global,GLOBAL,Global,"{""aggregation"":""last business-day observation in W-SUN week"",""daily_observations"":5,""publication_lag_assumption_days"":3,""series"":""RBRTE"",""week_convention"":""W-SUN""}"
anp.distribution.diesel_s10.br.mean,2025-11-15,2025-11-30T02:59:59Z,2026-08-14T23:52:49Z,5.38953799459,BRL/L,ANP,0,country,BR,Brasil,"{""availability_status"":""assumed_unverified"",""dispersion"":0.11501931780001072,""period_end"":""2025-11-15"",""period_start"":""2025-11-09"",""product"":""ÓLEO DIESEL B S10 - COMUM"",""publication_lag_assumption_days"":14,""revision_warning"":""Source labels observations as preliminary and revisable""}"
anp.diesel_s10.revenda.br.mean,2025-11-16,2025-11-25T02:59:59Z,2026-08-14T23:52:49Z,6.10477001087,BRL/L,ANP,0,country,BR,Brasil,"{""aggregation"":""station-day median, then unweighted national mean"",""availability_basis"":""conservative_lag_proxy"",""number_of_municipalities"":358,""number_of_states"":27,""number_of_station_days"":2761,""number_of_stations"":2761,""product"":""DIESEL S10"",""publication_lag_assumption_days"":8,""published_at"":null,""week_convention"":""W-SUN""}"
anp.producer_importer.diesel_s10.br.weighted_mean,2025-11-16,2025-11-29T02:59:59Z,2026-08-14T23:52:49Z,3.8446,BRL/L,ANP,0,country,BR,Brasil,"{""availability_status"":""official_estimate_in_workbook"",""excludes_icms"":true,""period_end"":""2025-11-16"",""period_start"":""2025-11-10"",""product"":""Óleo Diesel S-10 (R$/litro)"",""publication_lag_days"":12,""weighted_average"":true}"
bcb.usd_brl.ptax.sell.weekly_last,2025-11-16,2025-11-18T02:59:59Z,2026-08-14T23:52:49Z,5.2952,BRL/USD,BCB,0,country,BR,Brasil,"{""aggregation"":""last business-day observation in W-SUN week"",""daily_observations"":5,""publication_lag_assumption_days"":1,""week_convention"":""W-SUN""}"
eia.brent.rbrte.weekly_last,2025-11-16,2025-11-20T02:59:59Z,2026-08-14T23:52:49Z,63.45,USD/bbl,EIA,0,global,GLOBAL,Global,"{""aggregation"":""last business-day observation in W-SUN week"",""daily_observations"":5,""publication_lag_assumption_days"":3,""series"":""RBRTE"",""week_convention"":""W-SUN""}"
anp.distribution.diesel_s10.br.mean,2025-11-22,2025-12-07T02:59:59Z,2026-08-14T23:52:49Z,5.40844538616,BRL/L,ANP,0,country,BR,Brasil,"{""availability_status"":""assumed_unverified"",""dispersion"":0.11869417397671236,""period_end"":""2025-11-22"",""period_start"":""2025-11-16"",""product"":""ÓLEO DIESEL B S10 - COMUM"",""publication_lag_assumption_days"":14,""revision_warning"":""Source labels observations as preliminary and revisable""}"
anp.diesel_s10.revenda.br.mean,2025-11-23,2025-12-02T02:59:59Z,2026-08-14T23:52:49Z,6.10810916875,BRL/L,ANP,0,country,BR,Brasil,"{""aggregation"":""station-day median, then unweighted national mean"",""availability_basis"":""conservative_lag_proxy"",""number_of_municipalities"":356,""number_of_states"":27,""number_of_station_days"":2803,""number_of_stations"":2803,""product"":""DIESEL S10"",""publication_lag_assumption_days"":8,""published_at"":null,""week_convention"":""W-SUN""}"
anp.producer_importer.diesel_s10.br.weighted_mean,2025-11-23,2025-12-06T02:59:59Z,2026-08-14T23:52:49Z,3.79097,BRL/L,ANP,0,country,BR,Brasil,"{""availability_status"":""official_estimate_in_workbook"",""excludes_icms"":true,""period_end"":""2025-11-23"",""period_start"":""2025-11-17"",""product"":""Óleo Diesel S-10 (R$/litro)"",""publication_lag_days"":12,""weighted_average"":true}"
bcb.usd_brl.ptax.sell.weekly_last,2025-11-23,2025-11-25T02:59:59Z,2026-08-14T23:52:49Z,5.3902,BRL/USD,BCB,0,country,BR,Brasil,"{""aggregation"":""last business-day observation in W-SUN week"",""daily_observations"":4,""publication_lag_assumption_days"":1,""week_convention"":""W-SUN""}"
eia.brent.rbrte.weekly_last,2025-11-23,2025-11-27T02:59:59Z,2026-08-14T23:52:49Z,62.78,USD/bbl,EIA,0,global,GLOBAL,Global,"{""aggregation"":""last business-day observation in W-SUN week"",""daily_observations"":5,""publication_lag_assumption_days"":3,""series"":""RBRTE"",""week_convention"":""W-SUN""}"
anp.distribution.diesel_s10.br.mean,2025-11-29,2025-12-14T02:59:59Z,2026-08-14T23:52:49Z,5.41560548497,BRL/L,ANP,0,country,BR,Brasil,"{""availability_status"":""assumed_unverified"",""dispersion"":0.11549161179035339,""period_end"":""2025-11-29"",""period_start"":""2025-11-23"",""product"":""ÓLEO DIESEL B S10 - COMUM"",""publication_lag_assumption_days"":14,""revision_warning"":""Source labels observations as preliminary and revisable""}"
anp.diesel_s10.revenda.br.mean,2025-11-30,2025-12-09T02:59:59Z,2026-08-14T23:52:49Z,6.10911244696,BRL/L,ANP,0,country,BR,Brasil,"{""aggregation"":""station-day median, then unweighted national mean"",""availability_basis"":""conservative_lag_proxy"",""number_of_municipalities"":368,""number_of_states"":27,""number_of_station_days"":2828,""number_of_stations"":2828,""product"":""DIESEL S10"",""publication_lag_assumption_days"":8,""published_at"":null,""week_convention"":""W-SUN""}"
anp.producer_importer.diesel_s10.br.weighted_mean,2025-11-30,2025-12-13T02:59:59Z,2026-08-14T23:52:49Z,3.81011,BRL/L,ANP,0,country,BR,Brasil,"{""availability_status"":""official_estimate_in_workbook"",""excludes_icms"":true,""period_end"":""2025-11-30"",""period_start"":""2025-11-24"",""product"":""Óleo Diesel S-10 (R$/litro)"",""publication_lag_days"":12,""weighted_average"":true}"
bcb.usd_brl.ptax.sell.weekly_last,2025-11-30,2025-12-02T02:59:59Z,2026-08-14T23:52:49Z,5.3338,BRL/USD,BCB,0,country,BR,Brasil,"{""aggregation"":""last business-day observation in W-SUN week"",""daily_observations"":5,""publication_lag_assumption_days"":1,""week_convention"":""W-SUN""}"
eia.brent.rbrte.weekly_last,2025-11-30,2025-12-04T02:59:59Z,2026-08-14T23:52:49Z,64.07,USD/bbl,EIA,0,global,GLOBAL,Global,"{""aggregation"":""last business-day observation in W-SUN week"",""daily_observations"":5,""publication_lag_assumption_days"":3,""series"":""RBRTE"",""week_convention"":""W-SUN""}"
anp.distribution.diesel_s10.br.mean,2025-12-06,2025-12-21T02:59:59Z,2026-08-14T23:52:49Z,5.39756418718,BRL/L,ANP,0,country,BR,Brasil,"{""availability_status"":""assumed_unverified"",""dispersion"":0.11520676508965946,""period_end"":""2025-12-06"",""period_start"":""2025-11-30"",""product"":""ÓLEO DIESEL B S10 - COMUM"",""publication_lag_assumption_days"":14,""revision_warning"":""Source labels observations as preliminary and revisable""}"
anp.diesel_s10.revenda.br.mean,2025-12-07,2025-12-16T02:59:59Z,2026-08-14T23:52:49Z,6.10833213256,BRL/L,ANP,0,country,BR,Brasil,"{""aggregation"":""station-day median, then unweighted national mean"",""availability_basis"":""conservative_lag_proxy"",""number_of_municipalities"":362,""number_of_states"":27,""number_of_station_days"":2776,""number_of_stations"":2776,""product"":""DIESEL S10"",""publication_lag_assumption_days"":8,""published_at"":null,""week_convention"":""W-SUN""}"
anp.producer_importer.diesel_s10.br.weighted_mean,2025-12-07,2025-12-20T02:59:59Z,2026-08-14T23:52:49Z,3.80184,BRL/L,ANP,0,country,BR,Brasil,"{""availability_status"":""official_estimate_in_workbook"",""excludes_icms"":true,""period_end"":""2025-12-07"",""period_start"":""2025-12-01"",""product"":""Óleo Diesel S-10 (R$/litro)"",""publication_lag_days"":12,""weighted_average"":true}"
bcb.usd_brl.ptax.sell.weekly_last,2025-12-07,2025-12-09T02:59:59Z,2026-08-14T23:52:49Z,5.3405,BRL/USD,BCB,0,country,BR,Brasil,"{""aggregation"":""last business-day observation in W-SUN week"",""daily_observations"":5,""publication_lag_assumption_days"":1,""week_convention"":""W-SUN""}"
eia.brent.rbrte.weekly_last,2025-12-07,2025-12-11T02:59:59Z,2026-08-14T23:52:49Z,64.42,USD/bbl,EIA,0,global,GLOBAL,Global,"{""aggregation"":""last business-day observation in W-SUN week"",""daily_observations"":5,""publication_lag_assumption_days"":3,""series"":""RBRTE"",""week_convention"":""W-SUN""}"
anp.distribution.diesel_s10.br.mean,2025-12-13,2025-12-28T02:59:59Z,2026-08-14T23:52:49Z,5.39161863149,BRL/L,ANP,0,country,BR,Brasil,"{""availability_status"":""assumed_unverified"",""dispersion"":0.12024663707355754,""period_end"":""2025-12-13"",""period_start"":""2025-12-07"",""product"":""ÓLEO DIESEL B S10 - COMUM"",""publication_lag_assumption_days"":14,""revision_warning"":""Source labels observations as preliminary and revisable""}"
anp.diesel_s10.revenda.br.mean,2025-12-14,2025-12-23T02:59:59Z,2026-08-14T23:52:49Z,6.11778540462,BRL/L,ANP,0,country,BR,Brasil,"{""aggregation"":""station-day median, then unweighted national mean"",""availability_basis"":""conservative_lag_proxy"",""number_of_municipalities"":355,""number_of_states"":27,""number_of_station_days"":2768,""number_of_stations"":2768,""product"":""DIESEL S10"",""publication_lag_assumption_days"":8,""published_at"":null,""week_convention"":""W-SUN""}"
anp.producer_importer.diesel_s10.br.weighted_mean,2025-12-14,2025-12-27T02:59:59Z,2026-08-14T23:52:49Z,3.7609,BRL/L,ANP,0,country,BR,Brasil,"{""availability_status"":""official_estimate_in_workbook"",""excludes_icms"":true,""period_end"":""2025-12-14"",""period_start"":""2025-12-08"",""product"":""Óleo Diesel S-10 (R$/litro)"",""publication_lag_days"":12,""weighted_average"":true}"
bcb.usd_brl.ptax.sell.weekly_last,2025-12-14,2025-12-16T02:59:59Z,2026-08-14T23:52:49Z,5.4011,BRL/USD,BCB,0,country,BR,Brasil,"{""aggregation"":""last business-day observation in W-SUN week"",""daily_observations"":5,""publication_lag_assumption_days"":1,""week_convention"":""W-SUN""}"
eia.brent.rbrte.weekly_last,2025-12-14,2025-12-18T02:59:59Z,2026-08-14T23:52:49Z,62.11,USD/bbl,EIA,0,global,GLOBAL,Global,"{""aggregation"":""last business-day observation in W-SUN week"",""daily_observations"":5,""publication_lag_assumption_days"":3,""series"":""RBRTE"",""week_convention"":""W-SUN""}"
anp.distribution.diesel_s10.br.mean,2025-12-20,2026-01-04T02:59:59Z,2026-08-14T23:52:49Z,5.3807113372,BRL/L,ANP,0,country,BR,Brasil,"{""availability_status"":""assumed_unverified"",""dispersion"":0.12583164502993321,""period_end"":""2025-12-20"",""period_start"":""2025-12-14"",""product"":""ÓLEO DIESEL B S10 - COMUM"",""publication_lag_assumption_days"":14,""revision_warning"":""Source labels observations as preliminary and revisable""}"
anp.diesel_s10.revenda.br.mean,2025-12-21,2025-12-30T02:59:59Z,2026-08-14T23:52:49Z,6.11084333098,BRL/L,ANP,0,country,BR,Brasil,"{""aggregation"":""station-day median, then unweighted national mean"",""availability_basis"":""conservative_lag_proxy"",""number_of_municipalities"":370,""number_of_states"":26,""number_of_station_days"":2834,""number_of_stations"":2834,""product"":""DIESEL S10"",""publication_lag_assumption_days"":8,""published_at"":null,""week_convention"":""W-SUN""}"
anp.producer_importer.diesel_s10.br.weighted_mean,2025-12-21,2026-01-03T02:59:59Z,2026-08-14T23:52:49Z,3.65492,BRL/L,ANP,0,country,BR,Brasil,"{""availability_status"":""official_estimate_in_workbook"",""excludes_icms"":true,""period_end"":""2025-12-21"",""period_start"":""2025-12-15"",""product"":""Óleo Diesel S-10 (R$/litro)"",""publication_lag_days"":12,""weighted_average"":true}"
bcb.usd_brl.ptax.sell.weekly_last,2025-12-21,2025-12-23T02:59:59Z,2026-08-14T23:52:49Z,5.516,BRL/USD,BCB,0,country,BR,Brasil,"{""aggregation"":""last business-day observation in W-SUN week"",""daily_observations"":5,""publication_lag_assumption_days"":1,""week_convention"":""W-SUN""}"
eia.brent.rbrte.weekly_last,2025-12-21,2025-12-25T02:59:59Z,2026-08-14T23:52:49Z,61.35,USD/bbl,EIA,0,global,GLOBAL,Global,"{""aggregation"":""last business-day observation in W-SUN week"",""daily_observations"":5,""publication_lag_assumption_days"":3,""series"":""RBRTE"",""week_convention"":""W-SUN""}"
anp.distribution.diesel_s10.br.mean,2025-12-27,2026-01-11T02:59:59Z,2026-08-14T23:52:49Z,5.38500260669,BRL/L,ANP,0,country,BR,Brasil,"{""availability_status"":""assumed_unverified"",""dispersion"":0.129215146003059,""period_end"":""2025-12-27"",""period_start"":""2025-12-21"",""product"":""ÓLEO DIESEL B S10 - COMUM"",""publication_lag_assumption_days"":14,""revision_warning"":""Source labels observations as preliminary and revisable""}"
anp.diesel_s10.revenda.br.mean,2025-12-28,2026-01-06T02:59:59Z,2026-08-14T23:52:49Z,6.10961006735,BRL/L,ANP,0,country,BR,Brasil,"{""aggregation"":""station-day median, then unweighted national mean"",""availability_basis"":""conservative_lag_proxy"",""number_of_municipalities"":350,""number_of_states"":27,""number_of_station_days"":2821,""number_of_stations"":2821,""product"":""DIESEL S10"",""publication_lag_assumption_days"":8,""published_at"":null,""week_convention"":""W-SUN""}"
anp.producer_importer.diesel_s10.br.weighted_mean,2025-12-28,2026-01-10T02:59:59Z,2026-08-14T23:52:49Z,3.59087,BRL/L,ANP,0,country,BR,Brasil,"{""availability_status"":""official_estimate_in_workbook"",""excludes_icms"":true,""period_end"":""2025-12-28"",""period_start"":""2025-12-22"",""product"":""Óleo Diesel S-10 (R$/litro)"",""publication_lag_days"":12,""weighted_average"":true}"
bcb.usd_brl.ptax.sell.weekly_last,2025-12-28,2025-12-30T02:59:59Z,2026-08-14T23:52:49Z,5.5413,BRL/USD,BCB,0,country,BR,Brasil,"{""aggregation"":""last business-day observation in W-SUN week"",""daily_observations"":4,""publication_lag_assumption_days"":1,""week_convention"":""W-SUN""}"
eia.brent.rbrte.weekly_last,2025-12-28,2026-01-01T02:59:59Z,2026-08-14T23:52:49Z,63.7,USD/bbl,EIA,0,global,GLOBAL,Global,"{""aggregation"":""last business-day observation in W-SUN week"",""daily_observations"":3,""publication_lag_assumption_days"":3,""series"":""RBRTE"",""week_convention"":""W-SUN""}"
anp.distribution.diesel_s10.br.mean,2026-01-03,2026-01-18T02:59:59Z,2026-08-14T23:52:49Z,5.40779837619,BRL/L,ANP,0,country,BR,Brasil,"{""availability_status"":""assumed_unverified"",""dispersion"":0.1399412830697009,""period_end"":""2026-01-03"",""period_start"":""2025-12-28"",""product"":""ÓLEO DIESEL B S10 - COMUM"",""publication_lag_assumption_days"":14,""revision_warning"":""Source labels observations as preliminary and revisable""}"
anp.diesel_s10.revenda.br.mean,2026-01-04,2026-01-13T02:59:59Z,2026-08-14T23:52:49Z,6.12537642586,BRL/L,ANP,0,country,BR,Brasil,"{""aggregation"":""station-day median, then unweighted national mean"",""availability_basis"":""conservative_lag_proxy"",""number_of_municipalities"":327,""number_of_states"":26,""number_of_station_days"":2630,""number_of_stations"":2630,""product"":""DIESEL S10"",""publication_lag_assumption_days"":8,""published_at"":null,""week_convention"":""W-SUN""}"
anp.producer_importer.diesel_s10.br.weighted_mean,2026-01-04,2026-01-17T02:59:59Z,2026-08-14T23:52:49Z,3.65976,BRL/L,ANP,0,country,BR,Brasil,"{""availability_status"":""official_estimate_in_workbook"",""excludes_icms"":true,""period_end"":""2026-01-04"",""period_start"":""2025-12-29"",""product"":""Óleo Diesel S-10 (R$/litro)"",""publication_lag_days"":12,""weighted_average"":true}"
bcb.usd_brl.ptax.sell.weekly_last,2026-01-04,2026-01-06T02:59:59Z,2026-08-14T23:52:49Z,5.4372,BRL/USD,BCB,0,country,BR,Brasil,"{""aggregation"":""last business-day observation in W-SUN week"",""daily_observations"":4,""publication_lag_assumption_days"":1,""week_convention"":""W-SUN""}"
eia.brent.rbrte.weekly_last,2026-01-04,2026-01-08T02:59:59Z,2026-08-14T23:52:49Z,61.98,USD/bbl,EIA,0,global,GLOBAL,Global,"{""aggregation"":""last business-day observation in W-SUN week"",""daily_observations"":4,""publication_lag_assumption_days"":3,""series"":""RBRTE"",""week_convention"":""W-SUN""}"
anp.distribution.diesel_s10.br.mean,2026-01-10,2026-01-25T02:59:59Z,2026-08-14T23:52:49Z,5.40062220668,BRL/L,ANP,0,country,BR,Brasil,"{""availability_status"":""assumed_unverified"",""dispersion"":0.14512772306212504,""period_end"":""2026-01-10"",""period_start"":""2026-01-04"",""product"":""ÓLEO DIESEL B S10 - COMUM"",""publication_lag_assumption_days"":14,""revision_warning"":""Source labels observations as preliminary and revisable""}"
anp.diesel_s10.revenda.br.mean,2026-01-11,2026-01-20T02:59:59Z,2026-08-14T23:52:49Z,6.15208025343,BRL/L,ANP,0,country,BR,Brasil,"{""aggregation"":""station-day median, then unweighted national mean"",""availability_basis"":""conservative_lag_proxy"",""number_of_municipalities"":354,""number_of_states"":26,""number_of_station_days"":2841,""number_of_stations"":2841,""product"":""DIESEL S10"",""publication_lag_assumption_days"":8,""published_at"":null,""week_convention"":""W-SUN""}"
anp.producer_importer.diesel_s10.br.weighted_mean,2026-01-11,2026-01-24T02:59:59Z,2026-08-14T23:52:49Z,3.66149,BRL/L,ANP,0,country,BR,Brasil,"{""availability_status"":""official_estimate_in_workbook"",""excludes_icms"":true,""period_end"":""2026-01-11"",""period_start"":""2026-01-05"",""product"":""Óleo Diesel S-10 (R$/litro)"",""publication_lag_days"":12,""weighted_average"":true}"
bcb.usd_brl.ptax.sell.weekly_last,2026-01-11,2026-01-13T02:59:59Z,2026-08-14T23:52:49Z,5.3707,BRL/USD,BCB,0,country,BR,Brasil,"{""aggregation"":""last business-day observation in W-SUN week"",""daily_observations"":5,""publication_lag_assumption_days"":1,""week_convention"":""W-SUN""}"
eia.brent.rbrte.weekly_last,2026-01-11,2026-01-15T02:59:59Z,2026-08-14T23:52:49Z,65.11,USD/bbl,EIA,0,global,GLOBAL,Global,"{""aggregation"":""last business-day observation in W-SUN week"",""daily_observations"":5,""publication_lag_assumption_days"":3,""series"":""RBRTE"",""week_convention"":""W-SUN""}"
anp.distribution.diesel_s10.br.mean,2026-01-17,2026-02-01T02:59:59Z,2026-08-14T23:52:49Z,5.36020852331,BRL/L,ANP,0,country,BR,Brasil,"{""availability_status"":""assumed_unverified"",""dispersion"":0.15489153381155207,""period_end"":""2026-01-17"",""period_start"":""2026-01-11"",""product"":""ÓLEO DIESEL B S10 - COMUM"",""publication_lag_assumption_days"":14,""revision_warning"":""Source labels observations as preliminary and revisable""}"
anp.diesel_s10.revenda.br.mean,2026-01-18,2026-01-27T02:59:59Z,2026-08-14T23:52:49Z,6.16368403361,BRL/L,ANP,0,country,BR,Brasil,"{""aggregation"":""station-day median, then unweighted national mean"",""availability_basis"":""conservative_lag_proxy"",""number_of_municipalities"":376,""number_of_states"":26,""number_of_station_days"":2975,""number_of_stations"":2975,""product"":""DIESEL S10"",""publication_lag_assumption_days"":8,""published_at"":null,""week_convention"":""W-SUN""}"
anp.producer_importer.diesel_s10.br.weighted_mean,2026-01-18,2026-01-31T02:59:59Z,2026-08-14T23:52:49Z,3.56255,BRL/L,ANP,0,country,BR,Brasil,"{""availability_status"":""official_estimate_in_workbook"",""excludes_icms"":true,""period_end"":""2026-01-18"",""period_start"":""2026-01-12"",""product"":""Óleo Diesel S-10 (R$/litro)"",""publication_lag_days"":12,""weighted_average"":true}"
bcb.usd_brl.ptax.sell.weekly_last,2026-01-18,2026-01-20T02:59:59Z,2026-08-14T23:52:49Z,5.3798,BRL/USD,BCB,0,country,BR,Brasil,"{""aggregation"":""last business-day observation in W-SUN week"",""daily_observations"":5,""publication_lag_assumption_days"":1,""week_convention"":""W-SUN""}"
eia.brent.rbrte.weekly_last,2026-01-18,2026-01-22T02:59:59Z,2026-08-14T23:52:49Z,66.97,USD/bbl,EIA,0,global,GLOBAL,Global,"{""aggregation"":""last business-day observation in W-SUN week"",""daily_observations"":5,""publication_lag_assumption_days"":3,""series"":""RBRTE"",""week_convention"":""W-SUN""}"
anp.distribution.diesel_s10.br.mean,2026-01-24,2026-02-08T02:59:59Z,2026-08-14T23:52:49Z,5.33647666786,BRL/L,ANP,0,country,BR,Brasil,"{""availability_status"":""assumed_unverified"",""dispersion"":0.15932421663355065,""period_end"":""2026-01-24"",""period_start"":""2026-01-18"",""product"":""ÓLEO DIESEL B S10 - COMUM"",""publication_lag_assumption_days"":14,""revision_warning"":""Source labels observations as preliminary and revisable""}"
anp.diesel_s10.revenda.br.mean,2026-01-25,2026-02-03T02:59:59Z,2026-08-14T23:52:49Z,6.1711479851,BRL/L,ANP,0,country,BR,Brasil,"{""aggregation"":""station-day median, then unweighted national mean"",""availability_basis"":""conservative_lag_proxy"",""number_of_municipalities"":372,""number_of_states"":26,""number_of_station_days"":2953,""number_of_stations"":2953,""product"":""DIESEL S10"",""publication_lag_assumption_days"":8,""published_at"":null,""week_convention"":""W-SUN""}"
anp.producer_importer.diesel_s10.br.weighted_mean,2026-01-25,2026-02-07T02:59:59Z,2026-08-14T23:52:49Z,3.69098,BRL/L,ANP,0,country,BR,Brasil,"{""availability_status"":""official_estimate_in_workbook"",""excludes_icms"":true,""period_end"":""2026-01-25"",""period_start"":""2026-01-19"",""product"":""Óleo Diesel S-10 (R$/litro)"",""publication_lag_days"":12,""weighted_average"":true}"
bcb.usd_brl.ptax.sell.weekly_last,2026-01-25,2026-01-27T02:59:59Z,2026-08-14T23:52:49Z,5.2879,BRL/USD,BCB,0,country,BR,Brasil,"{""aggregation"":""last business-day observation in W-SUN week"",""daily_observations"":5,""publication_lag_assumption_days"":1,""week_convention"":""W-SUN""}"
eia.brent.rbrte.weekly_last,2026-01-25,2026-01-29T02:59:59Z,2026-08-14T23:52:49Z,68.16,USD/bbl,EIA,0,global,GLOBAL,Global,"{""aggregation"":""last business-day observation in W-SUN week"",""daily_observations"":5,""publication_lag_assumption_days"":3,""series"":""RBRTE"",""week_convention"":""W-SUN""}"
anp.distribution.diesel_s10.br.mean,2026-01-31,2026-02-15T02:59:59Z,2026-08-14T23:52:49Z,5.3233599319,BRL/L,ANP,0,country,BR,Brasil,"{""availability_status"":""assumed_unverified"",""dispersion"":0.16083859126608788,""period_end"":""2026-01-31"",""period_start"":""2026-01-25"",""product"":""ÓLEO DIESEL B S10 - COMUM"",""publication_lag_assumption_days"":14,""revision_warning"":""Source labels observations as preliminary and revisable""}"
anp.diesel_s10.revenda.br.mean,2026-02-01,2026-02-10T02:59:59Z,2026-08-14T23:52:49Z,6.15932,BRL/L,ANP,0,country,BR,Brasil,"{""aggregation"":""station-day median, then unweighted national mean"",""availability_basis"":""conservative_lag_proxy"",""number_of_municipalities"":380,""number_of_states"":27,""number_of_station_days"":3000,""number_of_stations"":3000,""product"":""DIESEL S10"",""publication_lag_assumption_days"":8,""published_at"":null,""week_convention"":""W-SUN""}"
anp.producer_importer.diesel_s10.br.weighted_mean,2026-02-01,2026-02-14T02:59:59Z,2026-08-14T23:52:49Z,3.88568,BRL/L,ANP,0,country,BR,Brasil,"{""availability_status"":""official_estimate_in_workbook"",""excludes_icms"":true,""period_end"":""2026-02-01"",""period_start"":""2026-01-26"",""product"":""Óleo Diesel S-10 (R$/litro)"",""publication_lag_days"":12,""weighted_average"":true}"
bcb.usd_brl.ptax.sell.weekly_last,2026-02-01,2026-02-03T02:59:59Z,2026-08-14T23:52:49Z,5.2301,BRL/USD,BCB,0,country,BR,Brasil,"{""aggregation"":""last business-day observation in W-SUN week"",""daily_observations"":5,""publication_lag_assumption_days"":1,""week_convention"":""W-SUN""}"
eia.brent.rbrte.weekly_last,2026-02-01,2026-02-05T02:59:59Z,2026-08-14T23:52:49Z,72.25,USD/bbl,EIA,0,global,GLOBAL,Global,"{""aggregation"":""last business-day observation in W-SUN week"",""daily_observations"":5,""publication_lag_assumption_days"":3,""series"":""RBRTE"",""week_convention"":""W-SUN""}"
anp.distribution.diesel_s10.br.mean,2026-02-07,2026-02-22T02:59:59Z,2026-08-14T23:52:49Z,5.32790922951,BRL/L,ANP,0,country,BR,Brasil,"{""availability_status"":""assumed_unverified"",""dispersion"":0.14681483951131638,""period_end"":""2026-02-07"",""period_start"":""2026-02-01"",""product"":""ÓLEO DIESEL B S10 - COMUM"",""publication_lag_assumption_days"":14,""revision_warning"":""Source labels observations as preliminary and revisable""}"
anp.diesel_s10.revenda.br.mean,2026-02-08,2026-02-17T02:59:59Z,2026-08-14T23:52:49Z,6.16617445055,BRL/L,ANP,0,country,BR,Brasil,"{""aggregation"":""station-day median, then unweighted national mean"",""availability_basis"":""conservative_lag_proxy"",""number_of_municipalities"":371,""number_of_states"":27,""number_of_station_days"":2912,""number_of_stations"":2912,""product"":""DIESEL S10"",""publication_lag_assumption_days"":8,""published_at"":null,""week_convention"":""W-SUN""}"
anp.producer_importer.diesel_s10.br.weighted_mean,2026-02-08,2026-02-21T02:59:59Z,2026-08-14T23:52:49Z,3.83837,BRL/L,ANP,0,country,BR,Brasil,"{""availability_status"":""official_estimate_in_workbook"",""excludes_icms"":true,""period_end"":""2026-02-08"",""period_start"":""2026-02-02"",""product"":""Óleo Diesel S-10 (R$/litro)"",""publication_lag_days"":12,""weighted_average"":true}"
bcb.usd_brl.ptax.sell.weekly_last,2026-02-08,2026-02-10T02:59:59Z,2026-08-14T23:52:49Z,5.2341,BRL/USD,BCB,0,country,BR,Brasil,"{""aggregation"":""last business-day observation in W-SUN week"",""daily_observations"":5,""publication_lag_assumption_days"":1,""week_convention"":""W-SUN""}"
eia.brent.rbrte.weekly_last,2026-02-08,2026-02-12T02:59:59Z,2026-08-14T23:52:49Z,70.45,USD/bbl,EIA,0,global,GLOBAL,Global,"{""aggregation"":""last business-day observation in W-SUN week"",""daily_observations"":5,""publication_lag_assumption_days"":3,""series"":""RBRTE"",""week_convention"":""W-SUN""}"
anp.distribution.diesel_s10.br.mean,2026-02-14,2026-03-01T02:59:59Z,2026-08-14T23:52:49Z,5.31638944603,BRL/L,ANP,0,country,BR,Brasil,"{""availability_status"":""assumed_unverified"",""dispersion"":0.15331031426194502,""period_end"":""2026-02-14"",""period_start"":""2026-02-08"",""product"":""ÓLEO DIESEL B S10 - COMUM"",""publication_lag_assumption_days"":14,""revision_warning"":""Source labels observations as preliminary and revisable""}"
anp.diesel_s10.revenda.br.mean,2026-02-15,2026-02-24T02:59:59Z,2026-08-14T23:52:49Z,6.15656387665,BRL/L,ANP,0,country,BR,Brasil,"{""aggregation"":""station-day median, then unweighted national mean"",""availability_basis"":""conservative_lag_proxy"",""number_of_municipalities"":378,""number_of_states"":27,""number_of_station_days"":2951,""number_of_stations"":2951,""product"":""DIESEL S10"",""publication_lag_assumption_days"":8,""published_at"":null,""week_convention"":""W-SUN""}"
anp.producer_importer.diesel_s10.br.weighted_mean,2026-02-15,2026-02-28T02:59:59Z,2026-08-14T23:52:49Z,3.78119,BRL/L,ANP,0,country,BR,Brasil,"{""availability_status"":""official_estimate_in_workbook"",""excludes_icms"":true,""period_end"":""2026-02-15"",""period_start"":""2026-02-09"",""product"":""Óleo Diesel S-10 (R$/litro)"",""publication_lag_days"":12,""weighted_average"":true}"
bcb.usd_brl.ptax.sell.weekly_last,2026-02-15,2026-02-17T02:59:59Z,2026-08-14T23:52:49Z,5.2288,BRL/USD,BCB,0,country,BR,Brasil,"{""aggregation"":""last business-day observation in W-SUN week"",""daily_observations"":5,""publication_lag_assumption_days"":1,""week_convention"":""W-SUN""}"
eia.brent.rbrte.weekly_last,2026-02-15,2026-02-19T02:59:59Z,2026-08-14T23:52:49Z,69.96,USD/bbl,EIA,0,global,GLOBAL,Global,"{""aggregation"":""last business-day observation in W-SUN week"",""daily_observations"":5,""publication_lag_assumption_days"":3,""series"":""RBRTE"",""week_convention"":""W-SUN""}"
anp.distribution.diesel_s10.br.mean,2026-02-21,2026-03-08T02:59:59Z,2026-08-14T23:52:49Z,5.31271906907,BRL/L,ANP,0,country,BR,Brasil,"{""availability_status"":""assumed_unverified"",""dispersion"":0.15200034610439522,""period_end"":""2026-02-21"",""period_start"":""2026-02-15"",""product"":""ÓLEO DIESEL B S10 - COMUM"",""publication_lag_assumption_days"":14,""revision_warning"":""Source labels observations as preliminary and revisable""}"
anp.diesel_s10.revenda.br.mean,2026-02-22,2026-03-03T02:59:59Z,2026-08-14T23:52:49Z,6.14817660937,BRL/L,ANP,0,country,BR,Brasil,"{""aggregation"":""station-day median, then unweighted national mean"",""availability_basis"":""conservative_lag_proxy"",""number_of_municipalities"":380,""number_of_states"":27,""number_of_station_days"":2967,""number_of_stations"":2966,""product"":""DIESEL S10"",""publication_lag_assumption_days"":8,""published_at"":null,""week_convention"":""W-SUN""}"
anp.producer_importer.diesel_s10.br.weighted_mean,2026-02-22,2026-03-07T02:59:59Z,2026-08-14T23:52:49Z,3.85128,BRL/L,ANP,0,country,BR,Brasil,"{""availability_status"":""official_estimate_in_workbook"",""excludes_icms"":true,""period_end"":""2026-02-22"",""period_start"":""2026-02-16"",""product"":""Óleo Diesel S-10 (R$/litro)"",""publication_lag_days"":12,""weighted_average"":true}"
bcb.usd_brl.ptax.sell.weekly_last,2026-02-22,2026-02-24T02:59:59Z,2026-08-14T23:52:49Z,5.2006,BRL/USD,BCB,0,country,BR,Brasil,"{""aggregation"":""last business-day observation in W-SUN week"",""daily_observations"":3,""publication_lag_assumption_days"":1,""week_convention"":""W-SUN""}"
eia.brent.rbrte.weekly_last,2026-02-22,2026-02-26T02:59:59Z,2026-08-14T23:52:49Z,72.75,USD/bbl,EIA,0,global,GLOBAL,Global,"{""aggregation"":""last business-day observation in W-SUN week"",""daily_observations"":5,""publication_lag_assumption_days"":3,""series"":""RBRTE"",""week_convention"":""W-SUN""}"
anp.distribution.diesel_s10.br.mean,2026-02-28,2026-03-15T02:59:59Z,2026-08-14T23:52:49Z,5.31530594074,BRL/L,ANP,0,country,BR,Brasil,"{""availability_status"":""assumed_unverified"",""dispersion"":0.1561763178936125,""period_end"":""2026-02-28"",""period_start"":""2026-02-22"",""product"":""ÓLEO DIESEL B S10 - COMUM"",""publication_lag_assumption_days"":14,""revision_warning"":""Source labels observations as preliminary and revisable""}"
anp.diesel_s10.revenda.br.mean,2026-03-01,2026-03-10T02:59:59Z,2026-08-14T23:52:49Z,6.13868080875,BRL/L,ANP,0,country,BR,Brasil,"{""aggregation"":""station-day median, then unweighted national mean"",""availability_basis"":""conservative_lag_proxy"",""number_of_municipalities"":379,""number_of_states"":27,""number_of_station_days"":3017,""number_of_stations"":3017,""product"":""DIESEL S10"",""publication_lag_assumption_days"":8,""published_at"":null,""week_convention"":""W-SUN""}"
anp.producer_importer.diesel_s10.br.weighted_mean,2026-03-01,2026-03-14T02:59:59Z,2026-08-14T23:52:49Z,3.94518,BRL/L,ANP,0,country,BR,Brasil,"{""availability_status"":""official_estimate_in_workbook"",""excludes_icms"":true,""period_end"":""2026-03-01"",""period_start"":""2026-02-23"",""product"":""Óleo Diesel S-10 (R$/litro)"",""publication_lag_days"":12,""weighted_average"":true}"
bcb.usd_brl.ptax.sell.weekly_last,2026-03-01,2026-03-03T02:59:59Z,2026-08-14T23:52:49Z,5.1495,BRL/USD,BCB,0,country,BR,Brasil,"{""aggregation"":""last business-day observation in W-SUN week"",""daily_observations"":5,""publication_lag_assumption_days"":1,""week_convention"":""W-SUN""}"
eia.brent.rbrte.weekly_last,2026-03-01,2026-03-05T02:59:59Z,2026-08-14T23:52:49Z,71.32,USD/bbl,EIA,0,global,GLOBAL,Global,"{""aggregation"":""last business-day observation in W-SUN week"",""daily_observations"":5,""publication_lag_assumption_days"":3,""series"":""RBRTE"",""week_convention"":""W-SUN""}"
anp.distribution.diesel_s10.br.mean,2026-03-07,2026-03-22T02:59:59Z,2026-08-14T23:52:49Z,5.55819410347,BRL/L,ANP,0,country,BR,Brasil,"{""availability_status"":""assumed_unverified"",""dispersion"":0.2882958303793665,""period_end"":""2026-03-07"",""period_start"":""2026-03-01"",""product"":""ÓLEO DIESEL B S10 - COMUM"",""publication_lag_assumption_days"":14,""revision_warning"":""Source labels observations as preliminary and revisable""}"
anp.diesel_s10.revenda.br.mean,2026-03-08,2026-03-17T02:59:59Z,2026-08-14T23:52:49Z,6.18360934891,BRL/L,ANP,0,country,BR,Brasil,"{""aggregation"":""station-day median, then unweighted national mean"",""availability_basis"":""conservative_lag_proxy"",""number_of_municipalities"":385,""number_of_states"":27,""number_of_station_days"":2995,""number_of_stations"":2995,""product"":""DIESEL S10"",""publication_lag_assumption_days"":8,""published_at"":null,""week_convention"":""W-SUN""}"
anp.producer_importer.diesel_s10.br.weighted_mean,2026-03-08,2026-03-21T02:59:59Z,2026-08-14T23:52:49Z,4.70755,BRL/L,ANP,0,country,BR,Brasil,"{""availability_status"":""official_estimate_in_workbook"",""excludes_icms"":true,""period_end"":""2026-03-08"",""period_start"":""2026-03-02"",""product"":""Óleo Diesel S-10 (R$/litro)"",""publication_lag_days"":12,""weighted_average"":true}"
bcb.usd_brl.ptax.sell.weekly_last,2026-03-08,2026-03-10T02:59:59Z,2026-08-14T23:52:49Z,5.2878,BRL/USD,BCB,0,country,BR,Brasil,"{""aggregation"":""last business-day observation in W-SUN week"",""daily_observations"":5,""publication_lag_assumption_days"":1,""week_convention"":""W-SUN""}"
eia.brent.rbrte.weekly_last,2026-03-08,2026-03-12T02:59:59Z,2026-08-14T23:52:49Z,95.74,USD/bbl,EIA,0,global,GLOBAL,Global,"{""aggregation"":""last business-day observation in W-SUN week"",""daily_observations"":5,""publication_lag_assumption_days"":3,""series"":""RBRTE"",""week_convention"":""W-SUN""}"
anp.distribution.diesel_s10.br.mean,2026-03-14,2026-03-29T02:59:59Z,2026-08-14T23:52:49Z,6.16008720328,BRL/L,ANP,0,country,BR,Brasil,"{""availability_status"":""assumed_unverified"",""dispersion"":0.5026863655986535,""period_end"":""2026-03-14"",""period_start"":""2026-03-08"",""product"":""ÓLEO DIESEL B S10 - COMUM"",""publication_lag_assumption_days"":14,""revision_warning"":""Source labels observations as preliminary and revisable""}"
anp.diesel_s10.revenda.br.mean,2026-03-15,2026-03-24T02:59:59Z,2026-08-14T23:52:49Z,6.86378704342,BRL/L,ANP,0,country,BR,Brasil,"{""aggregation"":""station-day median, then unweighted national mean"",""availability_basis"":""conservative_lag_proxy"",""number_of_municipalities"":368,""number_of_states"":27,""number_of_station_days"":2902,""number_of_stations"":2902,""product"":""DIESEL S10"",""publication_lag_assumption_days"":8,""published_at"":null,""week_convention"":""W-SUN""}"
anp.producer_importer.diesel_s10.br.weighted_mean,2026-03-15,2026-03-28T02:59:59Z,2026-08-14T23:52:49Z,5.3562,BRL/L,ANP,0,country,BR,Brasil,"{""availability_status"":""official_estimate_in_workbook"",""excludes_icms"":true,""period_end"":""2026-03-15"",""period_start"":""2026-03-09"",""product"":""Óleo Diesel S-10 (R$/litro)"",""publication_lag_days"":12,""weighted_average"":true}"
bcb.usd_brl.ptax.sell.weekly_last,2026-03-15,2026-03-17T02:59:59Z,2026-08-14T23:52:49Z,5.2541,BRL/USD,BCB,0,country,BR,Brasil,"{""aggregation"":""last business-day observation in W-SUN week"",""daily_observations"":5,""publication_lag_assumption_days"":1,""week_convention"":""W-SUN""}"
eia.brent.rbrte.weekly_last,2026-03-15,2026-03-19T02:59:59Z,2026-08-14T23:52:49Z,103.23,USD/bbl,EIA,0,global,GLOBAL,Global,"{""aggregation"":""last business-day observation in W-SUN week"",""daily_observations"":5,""publication_lag_assumption_days"":3,""series"":""RBRTE"",""week_convention"":""W-SUN""}"
anp.distribution.diesel_s10.br.mean,2026-03-21,2026-04-05T02:59:59Z,2026-08-14T23:52:49Z,6.53647242984,BRL/L,ANP,0,country,BR,Brasil,"{""availability_status"":""assumed_unverified"",""dispersion"":0.41316146637480033,""period_end"":""2026-03-21"",""period_start"":""2026-03-15"",""product"":""ÓLEO DIESEL B S10 - COMUM"",""publication_lag_assumption_days"":14,""revision_warning"":""Source labels observations as preliminary and revisable""}"
anp.diesel_s10.revenda.br.mean,2026-03-22,2026-03-31T02:59:59Z,2026-08-14T23:52:49Z,7.34299046322,BRL/L,ANP,0,country,BR,Brasil,"{""aggregation"":""station-day median, then unweighted national mean"",""availability_basis"":""conservative_lag_proxy"",""number_of_municipalities"":381,""number_of_states"":27,""number_of_station_days"":2936,""number_of_stations"":2936,""product"":""DIESEL S10"",""publication_lag_assumption_days"":8,""published_at"":null,""week_convention"":""W-SUN""}"
anp.producer_importer.diesel_s10.br.weighted_mean,2026-03-22,2026-04-04T02:59:59Z,2026-08-14T23:52:49Z,5.29293,BRL/L,ANP,0,country,BR,Brasil,"{""availability_status"":""official_estimate_in_workbook"",""excludes_icms"":true,""period_end"":""2026-03-22"",""period_start"":""2026-03-16"",""product"":""Óleo Diesel S-10 (R$/litro)"",""publication_lag_days"":12,""weighted_average"":true}"
bcb.usd_brl.ptax.sell.weekly_last,2026-03-22,2026-03-24T02:59:59Z,2026-08-14T23:52:49Z,5.28,BRL/USD,BCB,0,country,BR,Brasil,"{""aggregation"":""last business-day observation in W-SUN week"",""daily_observations"":5,""publication_lag_assumption_days"":1,""week_convention"":""W-SUN""}"
eia.brent.rbrte.weekly_last,2026-03-22,2026-03-26T02:59:59Z,2026-08-14T23:52:49Z,118.42,USD/bbl,EIA,0,global,GLOBAL,Global,"{""aggregation"":""last business-day observation in W-SUN week"",""daily_observations"":5,""publication_lag_assumption_days"":3,""series"":""RBRTE"",""week_convention"":""W-SUN""}"
anp.distribution.diesel_s10.br.mean,2026-03-28,2026-04-12T02:59:59Z,2026-08-14T23:52:49Z,6.68973708843,BRL/L,ANP,0,country,BR,Brasil,"{""availability_status"":""assumed_unverified"",""dispersion"":0.3840842110686091,""period_end"":""2026-03-28"",""period_start"":""2026-03-22"",""product"":""ÓLEO DIESEL B S10 - COMUM"",""publication_lag_assumption_days"":14,""revision_warning"":""Source labels observations as preliminary and revisable""}"
anp.diesel_s10.revenda.br.mean,2026-03-29,2026-04-07T02:59:59Z,2026-08-14T23:52:49Z,7.57249668435,BRL/L,ANP,0,country,BR,Brasil,"{""aggregation"":""station-day median, then unweighted national mean"",""availability_basis"":""conservative_lag_proxy"",""number_of_municipalities"":387,""number_of_states"":27,""number_of_station_days"":3016,""number_of_stations"":3016,""product"":""DIESEL S10"",""publication_lag_assumption_days"":8,""published_at"":null,""week_convention"":""W-SUN""}"
anp.producer_importer.diesel_s10.br.weighted_mean,2026-03-29,2026-04-11T02:59:59Z,2026-08-14T23:52:49Z,5.43334,BRL/L,ANP,0,country,BR,Brasil,"{""availability_status"":""official_estimate_in_workbook"",""excludes_icms"":true,""period_end"":""2026-03-29"",""period_start"":""2026-03-23"",""product"":""Óleo Diesel S-10 (R$/litro)"",""publication_lag_days"":12,""weighted_average"":true}"
bcb.usd_brl.ptax.sell.weekly_last,2026-03-29,2026-03-31T02:59:59Z,2026-08-14T23:52:49Z,5.2376,BRL/USD,BCB,0,country,BR,Brasil,"{""aggregation"":""last business-day observation in W-SUN week"",""daily_observations"":5,""publication_lag_assumption_days"":1,""week_convention"":""W-SUN""}"
eia.brent.rbrte.weekly_last,2026-03-29,2026-04-02T02:59:59Z,2026-08-14T23:52:49Z,121.47,USD/bbl,EIA,0,global,GLOBAL,Global,"{""aggregation"":""last business-day observation in W-SUN week"",""daily_observations"":5,""publication_lag_assumption_days"":3,""series"":""RBRTE"",""week_convention"":""W-SUN""}"
anp.distribution.diesel_s10.br.mean,2026-04-04,2026-04-19T02:59:59Z,2026-08-14T23:52:49Z,6.70568252659,BRL/L,ANP,0,country,BR,Brasil,"{""availability_status"":""assumed_unverified"",""dispersion"":0.33986706415922024,""period_end"":""2026-04-04"",""period_start"":""2026-03-29"",""product"":""ÓLEO DIESEL B S10 - COMUM"",""publication_lag_assumption_days"":14,""revision_warning"":""Source labels observations as preliminary and revisable""}"
anp.diesel_s10.revenda.br.mean,2026-04-05,2026-04-14T02:59:59Z,2026-08-14T23:52:49Z,7.58364067797,BRL/L,ANP,0,country,BR,Brasil,"{""aggregation"":""station-day median, then unweighted national mean"",""availability_basis"":""conservative_lag_proxy"",""number_of_municipalities"":382,""number_of_states"":27,""number_of_station_days"":2950,""number_of_stations"":2950,""product"":""DIESEL S10"",""publication_lag_assumption_days"":8,""published_at"":null,""week_convention"":""W-SUN""}"
anp.producer_importer.diesel_s10.br.weighted_mean,2026-04-05,2026-04-18T02:59:59Z,2026-08-14T23:52:49Z,5.45356,BRL/L,ANP,0,country,BR,Brasil,"{""availability_status"":""official_estimate_in_workbook"",""excludes_icms"":true,""period_end"":""2026-04-05"",""period_start"":""2026-03-30"",""product"":""Óleo Diesel S-10 (R$/litro)"",""publication_lag_days"":12,""weighted_average"":true}"
bcb.usd_brl.ptax.sell.weekly_last,2026-04-05,2026-04-07T02:59:59Z,2026-08-14T23:52:49Z,5.1655,BRL/USD,BCB,0,country,BR,Brasil,"{""aggregation"":""last business-day observation in W-SUN week"",""daily_observations"":4,""publication_lag_assumption_days"":1,""week_convention"":""W-SUN""}"
eia.brent.rbrte.weekly_last,2026-04-05,2026-04-09T02:59:59Z,2026-08-14T23:52:49Z,127.61,USD/bbl,EIA,0,global,GLOBAL,Global,"{""aggregation"":""last business-day observation in W-SUN week"",""daily_observations"":4,""publication_lag_assumption_days"":3,""series"":""RBRTE"",""week_convention"":""W-SUN""}"
anp.distribution.diesel_s10.br.mean,2026-04-11,2026-04-26T02:59:59Z,2026-08-14T23:52:49Z,6.64625302922,BRL/L,ANP,0,country,BR,Brasil,"{""availability_status"":""assumed_unverified"",""dispersion"":0.3377029672818242,""period_end"":""2026-04-11"",""period_start"":""2026-04-05"",""product"":""ÓLEO DIESEL B S10 - COMUM"",""publication_lag_assumption_days"":14,""revision_warning"":""Source labels observations as preliminary and revisable""}"
anp.diesel_s10.revenda.br.mean,2026-04-12,2026-04-21T02:59:59Z,2026-08-14T23:52:49Z,7.58370444667,BRL/L,ANP,0,country,BR,Brasil,"{""aggregation"":""station-day median, then unweighted national mean"",""availability_basis"":""conservative_lag_proxy"",""number_of_municipalities"":382,""number_of_states"":27,""number_of_station_days"":2991,""number_of_stations"":2991,""product"":""DIESEL S10"",""publication_lag_assumption_days"":8,""published_at"":null,""week_convention"":""W-SUN""}"
anp.producer_importer.diesel_s10.br.weighted_mean,2026-04-12,2026-04-25T02:59:59Z,2026-08-14T23:52:49Z,5.43997,BRL/L,ANP,0,country,BR,Brasil,"{""availability_status"":""official_estimate_in_workbook"",""excludes_icms"":true,""period_end"":""2026-04-12"",""period_start"":""2026-04-06"",""product"":""Óleo Diesel S-10 (R$/litro)"",""publication_lag_days"":12,""weighted_average"":true}"
bcb.usd_brl.ptax.sell.weekly_last,2026-04-12,2026-04-14T02:59:59Z,2026-08-14T23:52:49Z,5.0229,BRL/USD,BCB,0,country,BR,Brasil,"{""aggregation"":""last business-day observation in W-SUN week"",""daily_observations"":5,""publication_lag_assumption_days"":1,""week_convention"":""W-SUN""}"
eia.brent.rbrte.weekly_last,2026-04-12,2026-04-16T02:59:59Z,2026-08-14T23:52:49Z,119.07,USD/bbl,EIA,0,global,GLOBAL,Global,"{""aggregation"":""last business-day observation in W-SUN week"",""daily_observations"":4,""publication_lag_assumption_days"":3,""series"":""RBRTE"",""week_convention"":""W-SUN""}"
anp.distribution.diesel_s10.br.mean,2026-04-18,2026-05-03T02:59:59Z,2026-08-14T23:52:49Z,6.46874869264,BRL/L,ANP,0,country,BR,Brasil,"{""availability_status"":""assumed_unverified"",""dispersion"":0.3152040579910643,""period_end"":""2026-04-18"",""period_start"":""2026-04-12"",""product"":""ÓLEO DIESEL B S10 - COMUM"",""publication_lag_assumption_days"":14,""revision_warning"":""Source labels observations as preliminary and revisable""}"
anp.diesel_s10.revenda.br.mean,2026-04-19,2026-04-28T02:59:59Z,2026-08-14T23:52:49Z,7.52018396846,BRL/L,ANP,0,country,BR,Brasil,"{""aggregation"":""station-day median, then unweighted national mean"",""availability_basis"":""conservative_lag_proxy"",""number_of_municipalities"":393,""number_of_states"":27,""number_of_station_days"":3044,""number_of_stations"":3044,""product"":""DIESEL S10"",""publication_lag_assumption_days"":8,""published_at"":null,""week_convention"":""W-SUN""}"
anp.producer_importer.diesel_s10.br.weighted_mean,2026-04-19,2026-05-02T02:59:59Z,2026-08-14T23:52:49Z,5.26756,BRL/L,ANP,0,country,BR,Brasil,"{""availability_status"":""official_estimate_in_workbook"",""excludes_icms"":true,""period_end"":""2026-04-19"",""period_start"":""2026-04-13"",""product"":""Óleo Diesel S-10 (R$/litro)"",""publication_lag_days"":12,""weighted_average"":true}"
bcb.usd_brl.ptax.sell.weekly_last,2026-04-19,2026-04-21T02:59:59Z,2026-08-14T23:52:49Z,4.9695,BRL/USD,BCB,0,country,BR,Brasil,"{""aggregation"":""last business-day observation in W-SUN week"",""daily_observations"":5,""publication_lag_assumption_days"":1,""week_convention"":""W-SUN""}"
eia.brent.rbrte.weekly_last,2026-04-19,2026-04-23T02:59:59Z,2026-08-14T23:52:49Z,98.63,USD/bbl,EIA,0,global,GLOBAL,Global,"{""aggregation"":""last business-day observation in W-SUN week"",""daily_observations"":5,""publication_lag_assumption_days"":3,""series"":""RBRTE"",""week_convention"":""W-SUN""}"
anp.distribution.diesel_s10.br.mean,2026-04-25,2026-05-10T02:59:59Z,2026-08-14T23:52:49Z,6.29219174212,BRL/L,ANP,0,country,BR,Brasil,"{""availability_status"":""assumed_unverified"",""dispersion"":0.30204776119084,""period_end"":""2026-04-25"",""period_start"":""2026-04-19"",""product"":""ÓLEO DIESEL B S10 - COMUM"",""publication_lag_assumption_days"":14,""revision_warning"":""Source labels observations as preliminary and revisable""}"
anp.diesel_s10.revenda.br.mean,2026-04-26,2026-05-05T02:59:59Z,2026-08-14T23:52:49Z,7.41128471061,BRL/L,ANP,0,country,BR,Brasil,"{""aggregation"":""station-day median, then unweighted national mean"",""availability_basis"":""conservative_lag_proxy"",""number_of_municipalities"":379,""number_of_states"":27,""number_of_station_days"":2989,""number_of_stations"":2989,""product"":""DIESEL S10"",""publication_lag_assumption_days"":8,""published_at"":null,""week_convention"":""W-SUN""}"
anp.producer_importer.diesel_s10.br.weighted_mean,2026-04-26,2026-05-09T02:59:59Z,2026-08-14T23:52:49Z,4.21201,BRL/L,ANP,0,country,BR,Brasil,"{""availability_status"":""official_estimate_in_workbook"",""excludes_icms"":true,""period_end"":""2026-04-26"",""period_start"":""2026-04-20"",""product"":""Óleo Diesel S-10 (R$/litro)"",""publication_lag_days"":12,""weighted_average"":true}"
bcb.usd_brl.ptax.sell.weekly_last,2026-04-26,2026-04-28T02:59:59Z,2026-08-14T23:52:49Z,5.0083,BRL/USD,BCB,0,country,BR,Brasil,"{""aggregation"":""last business-day observation in W-SUN week"",""daily_observations"":4,""publication_lag_assumption_days"":1,""week_convention"":""W-SUN""}"
eia.brent.rbrte.weekly_last,2026-04-26,2026-04-30T02:59:59Z,2026-08-14T23:52:49Z,111.86,USD/bbl,EIA,0,global,GLOBAL,Global,"{""aggregation"":""last business-day observation in W-SUN week"",""daily_observations"":5,""publication_lag_assumption_days"":3,""series"":""RBRTE"",""week_convention"":""W-SUN""}"
anp.distribution.diesel_s10.br.mean,2026-05-02,2026-05-17T02:59:59Z,2026-08-14T23:52:49Z,6.25698418506,BRL/L,ANP,0,country,BR,Brasil,"{""availability_status"":""assumed_unverified"",""dispersion"":0.28374689734857234,""period_end"":""2026-05-02"",""period_start"":""2026-04-26"",""product"":""ÓLEO DIESEL B S10 - COMUM"",""publication_lag_assumption_days"":14,""revision_warning"":""Source labels observations as preliminary and revisable""}"
anp.diesel_s10.revenda.br.mean,2026-05-03,2026-05-12T02:59:59Z,2026-08-14T23:52:49Z,7.30389448925,BRL/L,ANP,0,country,BR,Brasil,"{""aggregation"":""station-day median, then unweighted national mean"",""availability_basis"":""conservative_lag_proxy"",""number_of_municipalities"":380,""number_of_states"":27,""number_of_station_days"":2976,""number_of_stations"":2976,""product"":""DIESEL S10"",""publication_lag_assumption_days"":8,""published_at"":null,""week_convention"":""W-SUN""}"
anp.producer_importer.diesel_s10.br.weighted_mean,2026-05-03,2026-05-16T02:59:59Z,2026-08-14T23:52:49Z,4.02476,BRL/L,ANP,0,country,BR,Brasil,"{""availability_status"":""official_estimate_in_workbook"",""excludes_icms"":true,""period_end"":""2026-05-03"",""period_start"":""2026-04-27"",""product"":""Óleo Diesel S-10 (R$/litro)"",""publication_lag_days"":12,""weighted_average"":true}"
bcb.usd_brl.ptax.sell.weekly_last,2026-05-03,2026-05-05T02:59:59Z,2026-08-14T23:52:49Z,4.9886,BRL/USD,BCB,0,country,BR,Brasil,"{""aggregation"":""last business-day observation in W-SUN week"",""daily_observations"":4,""publication_lag_assumption_days"":1,""week_convention"":""W-SUN""}"
eia.brent.rbrte.weekly_last,2026-05-03,2026-05-07T02:59:59Z,2026-08-14T23:52:49Z,118.26,USD/bbl,EIA,0,global,GLOBAL,Global,"{""aggregation"":""last business-day observation in W-SUN week"",""daily_observations"":5,""publication_lag_assumption_days"":3,""series"":""RBRTE"",""week_convention"":""W-SUN""}"
anp.distribution.diesel_s10.br.mean,2026-05-09,2026-05-24T02:59:59Z,2026-08-14T23:52:49Z,6.30076162863,BRL/L,ANP,0,country,BR,Brasil,"{""availability_status"":""assumed_unverified"",""dispersion"":0.2816531610599661,""period_end"":""2026-05-09"",""period_start"":""2026-05-03"",""product"":""ÓLEO DIESEL B S10 - COMUM"",""publication_lag_assumption_days"":14,""revision_warning"":""Source labels observations as preliminary and revisable""}"
anp.diesel_s10.revenda.br.mean,2026-05-10,2026-05-19T02:59:59Z,2026-08-14T23:52:49Z,7.26326428333,BRL/L,ANP,0,country,BR,Brasil,"{""aggregation"":""station-day median, then unweighted national mean"",""availability_basis"":""conservative_lag_proxy"",""number_of_municipalities"":378,""number_of_states"":27,""number_of_station_days"":2993,""number_of_stations"":2993,""product"":""DIESEL S10"",""publication_lag_assumption_days"":8,""published_at"":null,""week_convention"":""W-SUN""}"
anp.producer_importer.diesel_s10.br.weighted_mean,2026-05-10,2026-05-23T02:59:59Z,2026-08-14T23:52:49Z,5.43615,BRL/L,ANP,0,country,BR,Brasil,"{""availability_status"":""official_estimate_in_workbook"",""excludes_icms"":true,""period_end"":""2026-05-10"",""period_start"":""2026-05-04"",""product"":""Óleo Diesel S-10 (R$/litro)"",""publication_lag_days"":12,""weighted_average"":true}"
bcb.usd_brl.ptax.sell.weekly_last,2026-05-10,2026-05-12T02:59:59Z,2026-08-14T23:52:49Z,4.8999,BRL/USD,BCB,0,country,BR,Brasil,"{""aggregation"":""last business-day observation in W-SUN week"",""daily_observations"":5,""publication_lag_assumption_days"":1,""week_convention"":""W-SUN""}"
eia.brent.rbrte.weekly_last,2026-05-10,2026-05-14T02:59:59Z,2026-08-14T23:52:49Z,103.48,USD/bbl,EIA,0,global,GLOBAL,Global,"{""aggregation"":""last business-day observation in W-SUN week"",""daily_observations"":4,""publication_lag_assumption_days"":3,""series"":""RBRTE"",""week_convention"":""W-SUN""}"
anp.distribution.diesel_s10.br.mean,2026-05-16,2026-05-31T02:59:59Z,2026-08-14T23:52:49Z,6.26178104256,BRL/L,ANP,0,country,BR,Brasil,"{""availability_status"":""assumed_unverified"",""dispersion"":0.2566107575240258,""period_end"":""2026-05-16"",""period_start"":""2026-05-10"",""product"":""ÓLEO DIESEL B S10 - COMUM"",""publication_lag_assumption_days"":14,""revision_warning"":""Source labels observations as preliminary and revisable""}"
anp.diesel_s10.revenda.br.mean,2026-05-17,2026-05-26T02:59:59Z,2026-08-14T23:52:49Z,7.22644145622,BRL/L,ANP,0,country,BR,Brasil,"{""aggregation"":""station-day median, then unweighted national mean"",""availability_basis"":""conservative_lag_proxy"",""number_of_municipalities"":387,""number_of_states"":27,""number_of_station_days"":3049,""number_of_stations"":3049,""product"":""DIESEL S10"",""publication_lag_assumption_days"":8,""published_at"":null,""week_convention"":""W-SUN""}"
anp.producer_importer.diesel_s10.br.weighted_mean,2026-05-17,2026-05-30T02:59:59Z,2026-08-14T23:52:49Z,5.31324,BRL/L,ANP,0,country,BR,Brasil,"{""availability_status"":""official_estimate_in_workbook"",""excludes_icms"":true,""period_end"":""2026-05-17"",""period_start"":""2026-05-11"",""product"":""Óleo Diesel S-10 (R$/litro)"",""publication_lag_days"":12,""weighted_average"":true}"
bcb.usd_brl.ptax.sell.weekly_last,2026-05-17,2026-05-19T02:59:59Z,2026-08-14T23:52:49Z,5.0654,BRL/USD,BCB,0,country,BR,Brasil,"{""aggregation"":""last business-day observation in W-SUN week"",""daily_observations"":5,""publication_lag_assumption_days"":1,""week_convention"":""W-SUN""}"
eia.brent.rbrte.weekly_last,2026-05-17,2026-05-21T02:59:59Z,2026-08-14T23:52:49Z,113.96,USD/bbl,EIA,0,global,GLOBAL,Global,"{""aggregation"":""last business-day observation in W-SUN week"",""daily_observations"":5,""publication_lag_assumption_days"":3,""series"":""RBRTE"",""week_convention"":""W-SUN""}"
anp.distribution.diesel_s10.br.mean,2026-05-23,2026-06-07T02:59:59Z,2026-08-14T23:52:49Z,6.26341115246,BRL/L,ANP,0,country,BR,Brasil,"{""availability_status"":""assumed_unverified"",""dispersion"":0.2564085847165739,""period_end"":""2026-05-23"",""period_start"":""2026-05-17"",""product"":""ÓLEO DIESEL B S10 - COMUM"",""publication_lag_assumption_days"":14,""revision_warning"":""Source labels observations as preliminary and revisable""}"
anp.diesel_s10.revenda.br.mean,2026-05-24,2026-06-02T02:59:59Z,2026-08-14T23:52:49Z,7.19248368146,BRL/L,ANP,0,country,BR,Brasil,"{""aggregation"":""station-day median, then unweighted national mean"",""availability_basis"":""conservative_lag_proxy"",""number_of_municipalities"":384,""number_of_states"":27,""number_of_station_days"":3064,""number_of_stations"":3064,""product"":""DIESEL S10"",""publication_lag_assumption_days"":8,""published_at"":null,""week_convention"":""W-SUN""}"
anp.producer_importer.diesel_s10.br.weighted_mean,2026-05-24,2026-06-06T02:59:59Z,2026-08-14T23:52:49Z,5.49872,BRL/L,ANP,0,country,BR,Brasil,"{""availability_status"":""official_estimate_in_workbook"",""excludes_icms"":true,""period_end"":""2026-05-24"",""period_start"":""2026-05-18"",""product"":""Óleo Diesel S-10 (R$/litro)"",""publication_lag_days"":12,""weighted_average"":true}"
bcb.usd_brl.ptax.sell.weekly_last,2026-05-24,2026-05-26T02:59:59Z,2026-08-14T23:52:49Z,5.014,BRL/USD,BCB,0,country,BR,Brasil,"{""aggregation"":""last business-day observation in W-SUN week"",""daily_observations"":5,""publication_lag_assumption_days"":1,""week_convention"":""W-SUN""}"
eia.brent.rbrte.weekly_last,2026-05-24,2026-05-28T02:59:59Z,2026-08-14T23:52:49Z,106.9,USD/bbl,EIA,0,global,GLOBAL,Global,"{""aggregation"":""last business-day observation in W-SUN week"",""daily_observations"":5,""publication_lag_assumption_days"":3,""series"":""RBRTE"",""week_convention"":""W-SUN""}"
anp.distribution.diesel_s10.br.mean,2026-05-30,2026-06-14T02:59:59Z,2026-08-14T23:52:49Z,6.22812872916,BRL/L,ANP,0,country,BR,Brasil,"{""availability_status"":""assumed_unverified"",""dispersion"":0.25009157412212,""period_end"":""2026-05-30"",""period_start"":""2026-05-24"",""product"":""ÓLEO DIESEL B S10 - COMUM"",""publication_lag_assumption_days"":14,""revision_warning"":""Source labels observations as preliminary and revisable""}"
anp.diesel_s10.revenda.br.mean,2026-05-31,2026-06-09T02:59:59Z,2026-08-14T23:52:49Z,7.17520233085,BRL/L,ANP,0,country,BR,Brasil,"{""aggregation"":""station-day median, then unweighted national mean"",""availability_basis"":""conservative_lag_proxy"",""number_of_municipalities"":386,""number_of_states"":27,""number_of_station_days"":3089,""number_of_stations"":3089,""product"":""DIESEL S10"",""publication_lag_assumption_days"":8,""published_at"":null,""week_convention"":""W-SUN""}"
anp.producer_importer.diesel_s10.br.weighted_mean,2026-05-31,2026-06-13T02:59:59Z,2026-08-14T23:52:49Z,5.2121,BRL/L,ANP,0,country,BR,Brasil,"{""availability_status"":""official_estimate_in_workbook"",""excludes_icms"":true,""period_end"":""2026-05-31"",""period_start"":""2026-05-25"",""product"":""Óleo Diesel S-10 (R$/litro)"",""publication_lag_days"":12,""weighted_average"":true}"
bcb.usd_brl.ptax.sell.weekly_last,2026-05-31,2026-06-02T02:59:59Z,2026-08-14T23:52:49Z,5.0569,BRL/USD,BCB,0,country,BR,Brasil,"{""aggregation"":""last business-day observation in W-SUN week"",""daily_observations"":5,""publication_lag_assumption_days"":1,""week_convention"":""W-SUN""}"
eia.brent.rbrte.weekly_last,2026-05-31,2026-06-04T02:59:59Z,2026-08-14T23:52:49Z,92.88,USD/bbl,EIA,0,global,GLOBAL,Global,"{""aggregation"":""last business-day observation in W-SUN week"",""daily_observations"":4,""publication_lag_assumption_days"":3,""series"":""RBRTE"",""week_convention"":""W-SUN""}"
anp.distribution.diesel_s10.br.mean,2026-06-06,2026-06-21T02:59:59Z,2026-08-14T23:52:49Z,6.25469085164,BRL/L,ANP,0,country,BR,Brasil,"{""availability_status"":""assumed_unverified"",""dispersion"":0.2845981449841098,""period_end"":""2026-06-06"",""period_start"":""2026-05-31"",""product"":""ÓLEO DIESEL B S10 - COMUM"",""publication_lag_assumption_days"":14,""revision_warning"":""Source labels observations as preliminary and revisable""}"
anp.diesel_s10.revenda.br.mean,2026-06-07,2026-06-16T02:59:59Z,2026-08-14T23:52:49Z,7.14899487836,BRL/L,ANP,0,country,BR,Brasil,"{""aggregation"":""station-day median, then unweighted national mean"",""availability_basis"":""conservative_lag_proxy"",""number_of_municipalities"":386,""number_of_states"":27,""number_of_station_days"":3124,""number_of_stations"":3124,""product"":""DIESEL S10"",""publication_lag_assumption_days"":8,""published_at"":null,""week_convention"":""W-SUN""}"
anp.producer_importer.diesel_s10.br.weighted_mean,2026-06-07,2026-06-20T02:59:59Z,2026-08-14T23:52:49Z,5.05316,BRL/L,ANP,0,country,BR,Brasil,"{""availability_status"":""official_estimate_in_workbook"",""excludes_icms"":true,""period_end"":""2026-06-07"",""period_start"":""2026-06-01"",""product"":""Óleo Diesel S-10 (R$/litro)"",""publication_lag_days"":12,""weighted_average"":true}"
bcb.usd_brl.ptax.sell.weekly_last,2026-06-07,2026-06-09T02:59:59Z,2026-08-14T23:52:49Z,5.1244,BRL/USD,BCB,0,country,BR,Brasil,"{""aggregation"":""last business-day observation in W-SUN week"",""daily_observations"":4,""publication_lag_assumption_days"":1,""week_convention"":""W-SUN""}"
eia.brent.rbrte.weekly_last,2026-06-07,2026-06-11T02:59:59Z,2026-08-14T23:52:49Z,97.29,USD/bbl,EIA,0,global,GLOBAL,Global,"{""aggregation"":""last business-day observation in W-SUN week"",""daily_observations"":5,""publication_lag_assumption_days"":3,""series"":""RBRTE"",""week_convention"":""W-SUN""}"
anp.distribution.diesel_s10.br.mean,2026-06-13,2026-06-28T02:59:59Z,2026-08-14T23:52:49Z,6.24247112666,BRL/L,ANP,0,country,BR,Brasil,"{""availability_status"":""assumed_unverified"",""dispersion"":0.286214797257218,""period_end"":""2026-06-13"",""period_start"":""2026-06-07"",""product"":""ÓLEO DIESEL B S10 - COMUM"",""publication_lag_assumption_days"":14,""revision_warning"":""Source labels observations as preliminary and revisable""}"
anp.diesel_s10.revenda.br.mean,2026-06-14,2026-06-23T02:59:59Z,2026-08-14T23:52:49Z,7.1359095411,BRL/L,ANP,0,country,BR,Brasil,"{""aggregation"":""station-day median, then unweighted national mean"",""availability_basis"":""conservative_lag_proxy"",""number_of_municipalities"":376,""number_of_states"":27,""number_of_station_days"":3029,""number_of_stations"":3029,""product"":""DIESEL S10"",""publication_lag_assumption_days"":8,""published_at"":null,""week_convention"":""W-SUN""}"
anp.producer_importer.diesel_s10.br.weighted_mean,2026-06-14,2026-06-27T02:59:59Z,2026-08-14T23:52:49Z,5.13214,BRL/L,ANP,0,country,BR,Brasil,"{""availability_status"":""official_estimate_in_workbook"",""excludes_icms"":true,""period_end"":""2026-06-14"",""period_start"":""2026-06-08"",""product"":""Óleo Diesel S-10 (R$/litro)"",""publication_lag_days"":12,""weighted_average"":true}"
bcb.usd_brl.ptax.sell.weekly_last,2026-06-14,2026-06-16T02:59:59Z,2026-08-14T23:52:49Z,5.0827,BRL/USD,BCB,0,country,BR,Brasil,"{""aggregation"":""last business-day observation in W-SUN week"",""daily_observations"":5,""publication_lag_assumption_days"":1,""week_convention"":""W-SUN""}"
eia.brent.rbrte.weekly_last,2026-06-14,2026-06-18T02:59:59Z,2026-08-14T23:52:49Z,88.64,USD/bbl,EIA,0,global,GLOBAL,Global,"{""aggregation"":""last business-day observation in W-SUN week"",""daily_observations"":5,""publication_lag_assumption_days"":3,""series"":""RBRTE"",""week_convention"":""W-SUN""}"
anp.distribution.diesel_s10.br.mean,2026-06-20,2026-07-05T02:59:59Z,2026-08-14T23:52:49Z,6.18653292231,BRL/L,ANP,0,country,BR,Brasil,"{""availability_status"":""assumed_unverified"",""dispersion"":0.2849260278855365,""period_end"":""2026-06-20"",""period_start"":""2026-06-14"",""product"":""ÓLEO DIESEL B S10 - COMUM"",""publication_lag_assumption_days"":14,""revision_warning"":""Source labels observations as preliminary and revisable""}"
anp.diesel_s10.revenda.br.mean,2026-06-21,2026-06-30T02:59:59Z,2026-08-14T23:52:49Z,7.13360289283,BRL/L,ANP,0,country,BR,Brasil,"{""aggregation"":""station-day median, then unweighted national mean"",""availability_basis"":""conservative_lag_proxy"",""number_of_municipalities"":380,""number_of_states"":27,""number_of_station_days"":3042,""number_of_stations"":3042,""product"":""DIESEL S10"",""publication_lag_assumption_days"":8,""published_at"":null,""week_convention"":""W-SUN""}"
anp.producer_importer.diesel_s10.br.weighted_mean,2026-06-21,2026-07-04T02:59:59Z,2026-08-14T23:52:49Z,5.22304,BRL/L,ANP,0,country,BR,Brasil,"{""availability_status"":""official_estimate_in_workbook"",""excludes_icms"":true,""period_end"":""2026-06-21"",""period_start"":""2026-06-15"",""product"":""Óleo Diesel S-10 (R$/litro)"",""publication_lag_days"":12,""weighted_average"":true}"
bcb.usd_brl.ptax.sell.weekly_last,2026-06-21,2026-06-23T02:59:59Z,2026-08-14T23:52:49Z,5.1442,BRL/USD,BCB,0,country,BR,Brasil,"{""aggregation"":""last business-day observation in W-SUN week"",""daily_observations"":5,""publication_lag_assumption_days"":1,""week_convention"":""W-SUN""}"
eia.brent.rbrte.weekly_last,2026-06-21,2026-06-25T02:59:59Z,2026-08-14T23:52:49Z,80.46,USD/bbl,EIA,0,global,GLOBAL,Global,"{""aggregation"":""last business-day observation in W-SUN week"",""daily_observations"":5,""publication_lag_assumption_days"":3,""series"":""RBRTE"",""week_convention"":""W-SUN""}"
anp.distribution.diesel_s10.br.mean,2026-06-27,2026-07-12T02:59:59Z,2026-08-14T23:52:49Z,6.11166394202,BRL/L,ANP,0,country,BR,Brasil,"{""availability_status"":""assumed_unverified"",""dispersion"":0.27356987294793517,""period_end"":""2026-06-27"",""period_start"":""2026-06-21"",""product"":""ÓLEO DIESEL B S10 - COMUM"",""publication_lag_assumption_days"":14,""revision_warning"":""Source labels observations as preliminary and revisable""}"
anp.diesel_s10.revenda.br.mean,2026-06-28,2026-07-07T02:59:59Z,2026-08-14T23:52:49Z,7.09381283069,BRL/L,ANP,0,country,BR,Brasil,"{""aggregation"":""station-day median, then unweighted national mean"",""availability_basis"":""conservative_lag_proxy"",""number_of_municipalities"":378,""number_of_states"":27,""number_of_station_days"":3024,""number_of_stations"":3024,""product"":""DIESEL S10"",""publication_lag_assumption_days"":8,""published_at"":null,""week_convention"":""W-SUN""}"
anp.producer_importer.diesel_s10.br.weighted_mean,2026-06-28,2026-07-11T02:59:59Z,2026-08-14T23:52:49Z,5.21741,BRL/L,ANP,0,country,BR,Brasil,"{""availability_status"":""official_estimate_in_workbook"",""excludes_icms"":true,""period_end"":""2026-06-28"",""period_start"":""2026-06-22"",""product"":""Óleo Diesel S-10 (R$/litro)"",""publication_lag_days"":12,""weighted_average"":true}"
bcb.usd_brl.ptax.sell.weekly_last,2026-06-28,2026-06-30T02:59:59Z,2026-08-14T23:52:49Z,5.1695,BRL/USD,BCB,0,country,BR,Brasil,"{""aggregation"":""last business-day observation in W-SUN week"",""daily_observations"":5,""publication_lag_assumption_days"":1,""week_convention"":""W-SUN""}"
eia.brent.rbrte.weekly_last,2026-06-28,2026-07-02T02:59:59Z,2026-08-14T23:52:49Z,70.16,USD/bbl,EIA,0,global,GLOBAL,Global,"{""aggregation"":""last business-day observation in W-SUN week"",""daily_observations"":5,""publication_lag_assumption_days"":3,""series"":""RBRTE"",""week_convention"":""W-SUN""}"
anp.diesel_s10.revenda.br.mean,2026-07-05,2026-07-14T02:59:59Z,2026-08-14T23:52:49Z,7.07060240964,BRL/L,ANP,0,country,BR,Brasil,"{""aggregation"":""station-day median, then unweighted national mean"",""availability_basis"":""conservative_lag_proxy"",""number_of_municipalities"":383,""number_of_states"":27,""number_of_station_days"":3071,""number_of_stations"":3071,""product"":""DIESEL S10"",""publication_lag_assumption_days"":8,""published_at"":null,""week_convention"":""W-SUN""}"
anp.producer_importer.diesel_s10.br.weighted_mean,2026-07-05,2026-07-18T02:59:59Z,2026-08-14T23:52:49Z,5.20592,BRL/L,ANP,0,country,BR,Brasil,"{""availability_status"":""official_estimate_in_workbook"",""excludes_icms"":true,""period_end"":""2026-07-05"",""period_start"":""2026-06-29"",""product"":""Óleo Diesel S-10 (R$/litro)"",""publication_lag_days"":12,""weighted_average"":true}"
bcb.usd_brl.ptax.sell.weekly_last,2026-07-05,2026-07-07T02:59:59Z,2026-08-14T23:52:49Z,5.1717,BRL/USD,BCB,0,country,BR,Brasil,"{""aggregation"":""last business-day observation in W-SUN week"",""daily_observations"":5,""publication_lag_assumption_days"":1,""week_convention"":""W-SUN""}"
eia.brent.rbrte.weekly_last,2026-07-05,2026-07-09T02:59:59Z,2026-08-14T23:52:49Z,68.68,USD/bbl,EIA,0,global,GLOBAL,Global,"{""aggregation"":""last business-day observation in W-SUN week"",""daily_observations"":5,""publication_lag_assumption_days"":3,""series"":""RBRTE"",""week_convention"":""W-SUN""}"
anp.diesel_s10.revenda.br.mean,2026-07-12,2026-07-21T02:59:59Z,2026-08-14T23:52:49Z,7.02076694215,BRL/L,ANP,0,country,BR,Brasil,"{""aggregation"":""station-day median, then unweighted national mean"",""availability_basis"":""conservative_lag_proxy"",""number_of_municipalities"":381,""number_of_states"":27,""number_of_station_days"":3025,""number_of_stations"":3025,""product"":""DIESEL S10"",""publication_lag_assumption_days"":8,""published_at"":null,""week_convention"":""W-SUN""}"
anp.producer_importer.diesel_s10.br.weighted_mean,2026-07-12,2026-07-25T02:59:59Z,2026-08-14T23:52:49Z,3.84793,BRL/L,ANP,0,country,BR,Brasil,"{""availability_status"":""official_estimate_in_workbook"",""excludes_icms"":true,""period_end"":""2026-07-12"",""period_start"":""2026-07-06"",""product"":""Óleo Diesel S-10 (R$/litro)"",""publication_lag_days"":12,""weighted_average"":true}"
bcb.usd_brl.ptax.sell.weekly_last,2026-07-12,2026-07-14T02:59:59Z,2026-08-14T23:52:49Z,5.1088,BRL/USD,BCB,0,country,BR,Brasil,"{""aggregation"":""last business-day observation in W-SUN week"",""daily_observations"":5,""publication_lag_assumption_days"":1,""week_convention"":""W-SUN""}"
eia.brent.rbrte.weekly_last,2026-07-12,2026-07-16T02:59:59Z,2026-08-14T23:52:49Z,74.34,USD/bbl,EIA,0,global,GLOBAL,Global,"{""aggregation"":""last business-day observation in W-SUN week"",""daily_observations"":5,""publication_lag_assumption_days"":3,""series"":""RBRTE"",""week_convention"":""W-SUN""}"
anp.diesel_s10.revenda.br.mean,2026-07-19,2026-07-28T02:59:59Z,2026-08-14T23:52:49Z,6.98592121982,BRL/L,ANP,0,country,BR,Brasil,"{""aggregation"":""station-day median, then unweighted national mean"",""availability_basis"":""conservative_lag_proxy"",""number_of_municipalities"":389,""number_of_states"":27,""number_of_station_days"":3148,""number_of_stations"":3148,""product"":""DIESEL S10"",""publication_lag_assumption_days"":8,""published_at"":null,""week_convention"":""W-SUN""}"
anp.producer_importer.diesel_s10.br.weighted_mean,2026-07-19,2026-08-01T02:59:59Z,2026-08-14T23:52:49Z,3.80761,BRL/L,ANP,0,country,BR,Brasil,"{""availability_status"":""official_estimate_in_workbook"",""excludes_icms"":true,""period_end"":""2026-07-19"",""period_start"":""2026-07-13"",""product"":""Óleo Diesel S-10 (R$/litro)"",""publication_lag_days"":12,""weighted_average"":true}"
bcb.usd_brl.ptax.sell.weekly_last,2026-07-19,2026-07-21T02:59:59Z,2026-08-14T23:52:49Z,5.1176,BRL/USD,BCB,0,country,BR,Brasil,"{""aggregation"":""last business-day observation in W-SUN week"",""daily_observations"":5,""publication_lag_assumption_days"":1,""week_convention"":""W-SUN""}"
eia.brent.rbrte.weekly_last,2026-07-19,2026-07-23T02:59:59Z,2026-08-14T23:52:49Z,85.01,USD/bbl,EIA,0,global,GLOBAL,Global,"{""aggregation"":""last business-day observation in W-SUN week"",""daily_observations"":5,""publication_lag_assumption_days"":3,""series"":""RBRTE"",""week_convention"":""W-SUN""}"
anp.diesel_s10.revenda.br.mean,2026-07-26,2026-08-04T02:59:59Z,2026-08-14T23:52:49Z,6.99757713543,BRL/L,ANP,0,country,BR,Brasil,"{""aggregation"":""station-day median, then unweighted national mean"",""availability_basis"":""conservative_lag_proxy"",""number_of_municipalities"":378,""number_of_states"":27,""number_of_station_days"":3079,""number_of_stations"":3079,""product"":""DIESEL S10"",""publication_lag_assumption_days"":8,""published_at"":""2026-08-14T17:04:00Z"",""week_convention"":""W-SUN""}"
anp.producer_importer.diesel_s10.br.weighted_mean,2026-07-26,2026-08-08T02:59:59Z,2026-08-14T23:52:49Z,5.32019,BRL/L,ANP,0,country,BR,Brasil,"{""availability_status"":""official_estimate_in_workbook"",""excludes_icms"":true,""period_end"":""2026-07-26"",""period_start"":""2026-07-20"",""product"":""Óleo Diesel S-10 (R$/litro)"",""publication_lag_days"":12,""weighted_average"":true}"
bcb.usd_brl.ptax.sell.weekly_last,2026-07-26,2026-07-28T02:59:59Z,2026-08-14T23:52:49Z,5.0666,BRL/USD,BCB,0,country,BR,Brasil,"{""aggregation"":""last business-day observation in W-SUN week"",""daily_observations"":5,""publication_lag_assumption_days"":1,""week_convention"":""W-SUN""}"
eia.brent.rbrte.weekly_last,2026-07-26,2026-07-30T02:59:59Z,2026-08-14T23:52:49Z,100.31,USD/bbl,EIA,0,global,GLOBAL,Global,"{""aggregation"":""last business-day observation in W-SUN week"",""daily_observations"":5,""publication_lag_assumption_days"":3,""series"":""RBRTE"",""week_convention"":""W-SUN""}"
anp.diesel_s10.revenda.br.mean,2026-08-02,2026-08-11T02:59:59Z,2026-08-14T23:52:49Z,6.98770812929,BRL/L,ANP,0,country,BR,Brasil,"{""aggregation"":""station-day median, then unweighted national mean"",""availability_basis"":""conservative_lag_proxy"",""number_of_municipalities"":380,""number_of_states"":27,""number_of_station_days"":3063,""number_of_stations"":3063,""product"":""DIESEL S10"",""publication_lag_assumption_days"":8,""published_at"":""2026-08-14T17:04:00Z"",""week_convention"":""W-SUN""}"
anp.producer_importer.diesel_s10.br.weighted_mean,2026-08-02,2026-08-15T02:59:59Z,2026-08-14T23:52:49Z,5.30866,BRL/L,ANP,0,country,BR,Brasil,"{""availability_status"":""official_estimate_in_workbook"",""excludes_icms"":true,""period_end"":""2026-08-02"",""period_start"":""2026-07-27"",""product"":""Óleo Diesel S-10 (R$/litro)"",""publication_lag_days"":12,""weighted_average"":true}"
bcb.usd_brl.ptax.sell.weekly_last,2026-08-02,2026-08-04T02:59:59Z,2026-08-14T23:52:49Z,5.0773,BRL/USD,BCB,0,country,BR,Brasil,"{""aggregation"":""last business-day observation in W-SUN week"",""daily_observations"":5,""publication_lag_assumption_days"":1,""week_convention"":""W-SUN""}"
eia.brent.rbrte.weekly_last,2026-08-02,2026-08-06T02:59:59Z,2026-08-14T23:52:49Z,96.95,USD/bbl,EIA,0,global,GLOBAL,Global,"{""aggregation"":""last business-day observation in W-SUN week"",""daily_observations"":5,""publication_lag_assumption_days"":3,""series"":""RBRTE"",""week_convention"":""W-SUN""}"
anp.diesel_s10.revenda.br.mean,2026-08-09,2026-08-14T17:04:00Z,2026-08-14T23:52:49Z,6.97634263715,BRL/L,ANP,0,country,BR,Brasil,"{""aggregation"":""station-day median, then unweighted national mean"",""availability_basis"":""exact_snapshot_publication"",""number_of_municipalities"":382,""number_of_states"":27,""number_of_station_days"":3117,""number_of_stations"":3117,""product"":""DIESEL S10"",""publication_lag_assumption_days"":8,""published_at"":""2026-08-14T17:04:00Z"",""week_convention"":""W-SUN""}"
bcb.usd_brl.ptax.sell.weekly_last,2026-08-09,2026-08-11T02:59:59Z,2026-08-14T23:52:49Z,5.0908,BRL/USD,BCB,0,country,BR,Brasil,"{""aggregation"":""last business-day observation in W-SUN week"",""daily_observations"":5,""publication_lag_assumption_days"":1,""week_convention"":""W-SUN""}"
eia.brent.rbrte.weekly_last,2026-08-09,2026-08-13T02:59:59Z,2026-08-14T23:52:49Z,87.62,USD/bbl,EIA,0,global,GLOBAL,Global,"{""aggregation"":""last business-day observation in W-SUN week"",""daily_observations"":5,""publication_lag_assumption_days"":3,""series"":""RBRTE"",""week_convention"":""W-SUN""}"
